soc,battery_temp,ambient_temp,speed,hvac_power,tire_pressure,payload_kg,elevation_change,drive_mode,weather,road_type,remaining_range_km
43.708610696262625,26.809065608323262,8.682040923334924,59.96042924748642,3.649991554949852,28.738966714207173,319.07228418608696,21.878526197410736,eco,snow,mixed,153.90152894498223
95.56428757689245,29.20306978125064,6.645604811570163,89.60961270151131,0.9225599779935578,28.486029836704162,229.64622676709655,-92.2193064473805,eco,fog,highway,417.6382432158308
75.87945476302646,40.636421796065406,-1.192304374856997,67.52001367875998,1.7331984718494309,32.833535605949315,482.2492624319704,22.45206817534691,sport,rain,highway,231.991520485926
63.8792635777333,25.200131581796764,20.363333505074397,9.996309973415567,3.3164031842890913,35.72893057994204,109.48922549211909,-82.06627864717674,eco,fog,city,304.00798672345763
24.041677639819287,41.08949054436514,13.831208025431444,22.26962841402665,2.4104467226223996,32.021770471637794,293.9282079994703,42.06884770374947,sport,rain,highway,58.52790514161205
24.03950683025824,17.644032929300746,33.28504961620018,26.319382083710295,3.692855193174469,28.412121807514442,350.1050074951113,-21.984470683813882,normal,clear,highway,61.628658726272704
15.227525095137953,38.303953116258924,-8.394520975897088,30.943710437381387,4.806039506114298,29.76974924861965,412.7822446726908,67.53929831370374,sport,snow,city,0.0
87.95585311974416,40.42642899164209,22.193396377756315,67.84840703406051,0.5827334385759875,29.958343251326166,203.48551521400356,88.50584905302611,normal,fog,city,380.81368127189694
64.1003510568888,20.454529585120163,28.14744392557806,60.47589357904722,3.5478385819903044,30.7028570330956,343.46095382874074,-16.577931706878203,normal,fog,highway,218.9202477443894
73.7265320016441,27.91039597116601,27.974328459415354,24.37920460370507,1.1517207781605725,28.3488270686897,151.6007356921414,-7.888940905250763,normal,rain,mixed,300.31825020080834
11.85260448662222,19.964993239909667,34.30369835477626,8.10658121468245,2.0723836370378463,35.23914160398333,217.73804618091015,18.02951620257005,eco,fog,city,43.8982321554291
97.29188669457949,36.19812386982653,26.4516871414747,20.571864536966167,0.16431362897569912,32.12451155777196,447.8135656016996,-60.573455628389894,eco,rain,city,491.63491069250034
84.91983767203796,31.060433041849702,36.39050308238482,118.12575751423239,0.6795369114634947,33.36744634363287,474.95380466547715,85.46656816567227,sport,rain,highway,259.11183380588517
29.110519961044854,34.05970040124963,6.632829991044574,56.225633974976674,1.5988864452444984,28.537382695160073,359.40867346363234,-13.400014699725475,normal,snow,city,104.2302510608657
26.364247048639054,20.894609008686334,15.160470837577154,104.08146056425349,1.7099290264399247,28.432923742429196,187.17594538809252,-66.63593281679854,sport,rain,highway,76.45614454190105
26.506405886809045,21.352375861572586,-9.296016835855466,101.8502960002612,4.497926082310479,32.691742176324375,410.028894987332,52.546366683776796,normal,rain,mixed,57.461213061936135
37.381801866358394,16.24491976529719,-9.65212063483544,61.38234689554484,3.7090645463325753,35.098368084033666,12.93354086271009,-56.16972551120296,normal,fog,mixed,125.75589480724092
57.228078846901404,24.66202605587189,2.006331022575994,84.80252501526522,4.860914840935205,32.22785600767638,51.37295526971053,-71.294144985629,sport,fog,highway,166.78649254777127
48.87505167779042,31.79233984001025,-4.959640143045737,23.130241249525476,2.9953575516762028,35.02255338056057,330.68686818768055,12.57441509880141,sport,rain,mixed,146.68537841603873
36.21062261782377,40.738047419919866,3.010568396787681,82.60760459122899,1.20856866045659,34.487930184441915,145.6242876350287,34.299051058318156,sport,rain,highway,115.72767651171966
65.06676052501416,35.00782342376042,-1.1478352735801298,32.68614951159474,1.6382751496082144,28.606830286359365,475.6931092002389,13.912548132983261,sport,rain,city,230.2554176917469
22.554447458683764,28.06188970199254,-8.573998758067589,99.8474516104981,1.5991796164598355,29.61565979508552,218.03030604615236,31.302129789472644,eco,clear,city,86.54451980339972
36.29301836816963,43.593603431824135,35.46520732030247,10.04689597306919,1.6324716383162579,33.26168535324274,214.6824101945885,-76.89519753845111,normal,rain,highway,125.80194390299764
42.97256589643225,36.57735601727495,-9.588843430555423,92.7766407462333,3.3648208655590786,31.548011060400334,339.03975509546564,-4.796392423178531,normal,clear,highway,135.47230618157516
51.046298579533236,42.9049560858765,26.80410721685427,11.992428788234344,2.654039640452081,30.325598509175364,383.7842811530948,-28.59627118229176,eco,fog,city,232.99361669631446
80.66583652537122,30.82763919816497,-2.392605654024173,105.74270842731707,1.9271208904332215,31.349070848383832,237.77936906256824,94.67372324802437,normal,snow,highway,254.29192496810998
27.970640394252378,22.76712824379419,35.61148109998,36.504542176200445,0.745448843643583,31.561597170165076,107.00045085586207,-90.07521316410651,eco,snow,city,119.90060743374802
56.28109945722505,16.58480059094166,34.63979697949429,78.52720377966897,0.11069581471072953,35.28441800657277,386.6543213628108,-40.34115938801539,normal,snow,highway,196.2938853865833
63.31731119758382,36.782545544515514,22.695057318462865,58.50027343443358,1.094173387938463,28.827666269639625,160.1756374368138,88.37243881834439,eco,snow,city,267.2739626521018
14.180537144799796,18.639089940166023,23.611707490030255,43.956377431480675,0.5373570198434063,30.23784597446092,87.5553846469288,96.69923663686589,eco,fog,mixed,57.1640222080309
64.67903667112945,24.083253848159018,-9.733042901515573,77.45301998201957,3.9272251542611967,32.30051853266171,315.82009496250663,64.9803215454267,normal,snow,mixed,200.50019947682213
25.347171131856236,30.97412723651692,39.2435783056801,113.70275766614856,0.5624897890694269,33.58629541304473,45.2268334951752,-84.80035119671814,normal,fog,city,102.27032943650941
15.854643368675156,31.93249763339243,33.89163017879072,4.952369684954623,3.6211411865341807,33.04509831167395,485.67633754302744,12.27100566870807,normal,fog,city,22.605782436670903
95.39969835279999,33.017495909614084,34.7553112865046,110.26234270597251,1.9282934488804133,35.53314190189916,316.19863220606845,-19.97540146590657,sport,rain,city,344.1517735929181
96.90688297671034,19.98765991049102,22.962226852543594,73.08979860252163,0.36689194871887987,34.364871398555785,492.94776046087793,61.29051353908034,normal,rain,city,415.8486778444796
82.7557613304815,26.392122144649463,7.239346432726826,96.87771609228628,4.063650247157929,32.45661473579544,169.44671173931803,-88.99515288573335,normal,snow,city,306.0727927708829
37.41523922560336,33.515826813509,34.68243245452404,46.06499441211331,2.8981528511830668,29.71746153338806,485.60258059519896,-60.574249671059576,normal,rain,mixed,129.62704996350394
18.79049026057455,44.09456593901354,4.575846407559617,56.621156980513646,1.1788075643178653,31.60699385121792,72.7811238643118,-2.160986755474113,sport,clear,city,63.94001212528444
71.58097238609412,36.82893413099066,18.135577167110142,104.26209021613968,4.473405871663339,33.54705795355582,20.347386173514227,-68.47046741043461,normal,clear,highway,249.05135337129624
49.61372443656412,42.67811271281873,-5.01345138280588,49.781756377178766,0.2262915693527573,34.70369739868868,16.492030227301278,38.54302853885966,eco,fog,mixed,243.06095120992242
20.983441136030095,37.86636174942531,36.09778150663751,64.1591480098902,1.0090980409888144,35.6778897953791,232.43518529961355,64.15344422795965,eco,rain,city,82.85171536686917
54.56592191001432,32.751509066772016,-2.9614771114393337,2.4233907701199486,3.760234639029305,32.84362212910334,41.50209873929739,40.9039787255287,sport,snow,highway,129.0079366599007
13.094966900369656,20.760701074090335,1.244840286520363,19.031760700565073,3.5468896515494457,32.21535493843546,256.0839420838009,-11.943257272003535,sport,snow,mixed,20.8628104562847
91.83883618709038,35.00056955677539,17.906707906410748,77.00238095697597,1.4463584686223903,28.14153538496919,163.75025175445023,75.67753325052925,sport,clear,highway,292.39917932816434
33.290198344001524,33.70138697879722,28.204650010649075,86.03722812766526,0.3101243767639156,28.57679255320144,167.8144962370578,-72.46277365601166,sport,rain,city,111.23589267438554
69.62700559185838,33.074075113717996,20.967565296814946,69.91211241413993,4.290390361124719,29.248839981099202,317.8044982725849,-47.93228322019822,sport,clear,highway,215.10476838300846
38.053996848046985,29.693576039647223,1.6066956400078087,17.197204353073282,1.568488190349513,28.438079449517026,81.54900307581009,-2.09206294953934,normal,rain,highway,130.017086063318
56.80612190600297,30.85969811967827,-9.952847873625483,53.44865142934018,0.9785670746413261,31.20690591043941,383.2766851698655,-87.7322802241496,eco,snow,mixed,220.41003206707586
59.203925140895166,25.03327581354312,27.85752901537196,42.611371963582776,2.5803091118048855,30.695028361110978,291.01545988931736,-80.86284368669055,eco,clear,highway,245.37581129823056
26.636900997297435,30.579380779269094,39.26036629555469,59.4793612842106,4.551135996412237,33.098833262947146,457.47231442375545,-20.51132565552558,normal,rain,highway,57.756493259532014
97.26261649881027,20.926677170354345,30.49565601530452,104.43948414649131,0.21773288921687672,32.28532086346722,182.4203268837617,88.7772593469108,sport,snow,mixed,310.23162140896
79.76195410250031,39.1552319208113,13.010330907830767,93.10337263903823,3.8290204401544385,32.76776607510288,491.35749603356277,81.68273865540004,normal,rain,city,300.01906302072075
94.55490474077702,20.573308640961233,35.18836306995533,10.078740166699074,2.8623661396935445,31.775817623501233,287.9138233570116,-6.805028344317776,sport,snow,highway,250.06095985518806
90.5344615384884,17.548988696683992,10.4923836559175,106.83710373294771,2.127245582759085,30.221897188434056,486.7009780937669,-71.56829109785399,eco,fog,city,450.6226482389248
63.810998092997664,28.08738079071472,16.246704212173377,56.612058137978835,3.7204022205253002,35.622602519571814,13.530327023557664,-64.37846880831287,eco,fog,mixed,291.7386654095658
92.96868115208052,34.749223185181854,13.856488369784163,89.26345738631981,4.829122122208162,28.691273278081113,363.988161206194,-24.490789078174544,sport,rain,city,314.9698138939583
17.964325184672756,28.131504748006243,12.381193633276247,16.804707751722255,1.146031055813455,35.51112799572246,408.3107621463681,-57.98516098264373,normal,clear,highway,57.845479971700385
27.638457617723066,23.302623958539257,28.75953846469529,80.48634308484577,0.7182368253605981,30.489904374917877,26.58664333824379,-83.40488112192443,sport,rain,highway,97.1453922994629
14.070456001948425,31.745135516713223,16.338445363474598,28.35912211313495,4.564408726113485,32.10129156293838,289.48483200812285,34.75549670399943,sport,fog,city,9.542130572577282
39.27972976869379,25.410070062365996,5.835856101260804,52.60570765691178,3.3447653872865186,28.87073858262037,400.9711467947242,16.28972755853897,eco,clear,city,169.39004386785294
44.98095607205338,42.98603070379899,2.9079083829239156,2.023544409852529,2.18993010780983,28.567448546968073,280.5193626115364,-41.74064840438299,sport,fog,highway,139.78031209667492
34.42141285965063,42.67935418810716,-8.112634151628331,18.19327655165712,2.8662978513214155,31.436363589748822,31.906795202733317,55.78967651046082,normal,fog,mixed,113.55822453373612
84.58637582367363,30.071154599162863,19.1597580941523,11.049659174834371,3.72806952588122,33.93357901103742,346.7236204491557,55.189777541166904,sport,clear,highway,256.6610511908878
42.10779940242303,24.836519820547757,1.4980707700517097,28.769300752591015,3.8651594935285862,30.154918220388392,30.298457336654316,-1.799605957447639,eco,clear,highway,166.42294014161524
35.28410587186427,37.11397241869918,-2.593303899180846,12.002170802918673,4.599470904094823,32.49878311148256,408.73444750821926,-80.69348889762122,normal,fog,city,122.0890177364909
58.84264748424236,16.101388304491998,22.691498191383886,83.02920319434743,2.1342139444781134,30.229202724182546,21.517091653347197,83.69388002027151,normal,snow,highway,177.5374792417216
22.683180247728636,29.243070181309538,24.060462891077442,3.4847882651063244,1.4670545500969752,31.108904487144326,68.6986905051854,33.73210470819424,eco,clear,city,110.93837308028748
82.19772826786357,25.089701828110005,27.607744612883295,74.12886007499975,3.1983213339492096,35.2515705477906,137.55379526163424,-50.58983616960981,eco,fog,mixed,388.7280590437006
16.709557931179376,42.61607655307664,15.178844816929573,16.88493969906891,2.0786394963976518,34.846717003959355,316.6823961304,22.090909406845327,sport,clear,highway,40.48896130936201
98.81982429404655,15.360090818180476,34.70273026019433,113.41937486134763,2.9729922697448896,32.12814034734104,488.179549815653,-18.99570083447395,eco,clear,mixed,470.3873246626678
79.50202923669917,31.584446271550473,36.81713766991139,111.97128877318251,2.099928992279751,29.90484501977663,58.911426309967204,27.069927947191587,eco,fog,mixed,374.6784624956638
27.884411338075516,37.21990743199878,30.36854698962447,27.060372302515514,0.7649789333908724,29.545471301864183,71.35383460695921,-5.225820853795838,eco,snow,highway,102.09291651697062
10.496990541124216,29.550539625721235,21.77967410040936,73.73055578676355,2.347133758294792,35.63269882428571,184.43519835049017,-2.9055699520533125,eco,rain,city,27.24068104191847
83.39152856093507,17.56209090488165,5.186047679559433,3.360638336695012,3.454589109705164,29.6217327720855,418.1095688776601,47.176418381471876,normal,fog,city,356.2826432968633
73.61716094628554,44.173841700837066,39.14724608101106,111.81462516614089,3.9964190383382494,34.465346487300316,233.61547637540707,22.745149212795155,normal,snow,highway,212.4454040547709
75.61064512368885,30.540312941282938,3.7068083595969163,62.75847698300516,2.466631383982734,30.9517616762843,160.80530012791084,-84.00946175115487,normal,fog,city,330.1451085522707
79.41433120173512,33.42558732957034,0.13284609952155257,5.186778170133479,0.8261894510520046,35.88527878046591,280.60191610443064,-86.92528591073926,eco,snow,city,361.46644307767974
16.664018656068134,22.09829348122522,12.107705689329137,41.09999916097649,2.073438548247158,30.945245922902302,130.26159872287502,-38.998152500654946,sport,rain,mixed,48.36016057922806
42.261915568984534,29.504942553204113,-7.1579714643805765,9.221935423348103,3.9314696442084913,30.812132999285808,200.57995362376047,-13.950800692250738,sport,rain,city,136.81531162623247
20.428215357261674,27.874484758749656,38.92472323358954,47.153332724803185,2.064296353085364,33.099709031020986,166.30257461602093,-44.955488164142785,sport,clear,city,63.08339714241796
87.67930832880342,17.24687526005951,19.42167782082124,80.39116105935877,3.4826539680211117,35.69213445301455,402.07051120732297,30.291971613983605,sport,clear,highway,272.35558495774
66.09683141448022,18.184810606424016,17.847604583208764,56.38678896497275,2.536068408390449,35.80967684637146,462.1278632190004,-60.97841365487562,normal,rain,mixed,264.956061609254
39.78082223673843,40.12417558856323,22.78981399498599,46.046660966334535,1.2061156255469836,33.65764917173588,379.7860960784559,40.828219279233934,sport,fog,city,137.3354228090853
15.720251525742128,22.19459856619771,14.851182388860334,14.298845464855777,3.9807525401153714,34.03685092509083,219.54178801499174,54.63014837778604,normal,rain,highway,31.01532910737861
37.9884089544096,20.84874814495892,-8.396824145272921,29.392685483238758,0.42106727035343516,32.507217407784225,252.1674887483319,-75.13613848086989,sport,snow,city,121.08215197072505
39.266498982407235,30.147343537504177,20.61556444201984,12.017194528602136,2.624451413775753,34.04620591305866,62.53684696471784,30.161248672597594,sport,snow,mixed,115.19296449988961
75.66455605042577,38.06241394087539,25.80869384782153,96.89984779879929,1.0444551712170247,34.878237239763976,373.43235556726887,92.28719518002282,normal,snow,mixed,271.6055984747808
67.38017242196918,16.858395557369636,10.837453031202656,16.228779358166708,0.3353281427068783,31.888762425560188,298.237839697522,-61.43523654733065,normal,rain,mixed,278.0254680515747
89.84914683186939,32.304237589147675,27.864778603559643,71.44480398586722,2.5146696854162442,32.95889810264082,451.2199980687182,81.8605662232309,sport,clear,mixed,304.5234428860525
52.49934326457544,18.5763132852172,1.35006496692103,41.128849630661506,2.497810779674618,32.29853356186438,100.3055717875766,21.209589854803326,eco,snow,mixed,198.85957985669316
20.763482134447152,16.093831524768554,1.0638295533092013,27.117406158622018,3.534504508378604,32.499764908229416,379.8630609663061,18.18897346634239,sport,snow,mixed,30.10503508981669
74.19203085006956,16.582318564866522,-1.9291506156213032,76.73621273905245,3.7237534652595246,35.120383278991525,342.33583085959486,-89.61546353582656,sport,rain,highway,216.27822796475644
78.47065437552077,40.02492324625324,8.599737989458092,54.84027712523287,3.638957443464484,30.844934641644564,132.92276690487608,49.660055677279644,sport,snow,mixed,216.0339084906622
60.51494778125466,18.539174508841846,32.35060176945418,48.0174560741471,2.047793664583775,29.665472204804992,333.68931977041257,-4.345389470388355,normal,rain,city,245.13723810075717
79.38704619591049,16.35454093236876,31.39560310745322,71.14224058706658,3.158448936132813,31.65024088218903,462.18669028832477,44.23487836702682,sport,clear,city,283.2662364540254
54.44160367279517,28.13699661428737,9.14121039817519,58.95211541880008,2.8847262132198015,29.66468152385012,459.21799383355943,61.83622068932121,eco,snow,city,216.34097395003388
57.045954644379464,40.319804158260744,19.455936799011827,36.41810502618729,2.107808780584598,31.987203405296153,359.81328725807066,4.75927467445571,sport,snow,city,177.5101175952361
48.47869165226947,22.87225129467906,26.04081582374578,67.0873545318302,2.986063470929966,35.22806484285647,24.03655626703005,-47.27113734433716,eco,snow,mixed,196.89808202333532
12.287721406968567,27.651378525777492,2.060338731401149,80.33982918608335,4.736239383531313,32.93946816385982,436.13216866008077,-71.68550172143733,eco,rain,mixed,14.361803186458866
19.7102284293974,16.197675976912535,-1.5929457052626468,3.203179030422514,0.9644687184068867,34.84346282642462,328.88930350226997,-67.89937441351714,eco,rain,highway,71.81699324096343
12.828626711806082,28.472355424046278,38.60479966061555,55.90460746892104,4.528860478927632,29.329527356924096,155.21712659136722,73.38693078915975,sport,fog,mixed,5.922072778500984
67.27693701374024,32.32839241911401,20.877865660480925,6.921994150025252,0.26727756991599183,35.20698874029741,93.62518085284965,-75.28438087392226,normal,clear,city,313.46917427958186
38.2920382968694,32.127211612564345,39.070786091683196,22.368649688173328,1.5419460645083034,32.81429731525692,58.10193149865855,-23.06118539068632,normal,fog,highway,138.98577388748254
55.77136220482325,24.972800765230957,6.887799356611456,67.26104808935676,1.4407262430576413,28.254078309923838,25.11844962888049,-33.14507074219384,sport,fog,highway,170.55585964185897
91.68098265334837,24.465995419894064,25.151584998706575,103.9426698318697,3.1318255394045287,33.06495164228029,377.0516239753782,73.09113334779406,sport,fog,highway,283.51578586697934
32.43630062339874,18.198708568097935,1.130181827061886,105.93668150261819,0.6561247588864516,35.61117565008735,117.92149947163766,-4.461299861141683,eco,rain,highway,128.4515387804378
46.93446307320668,26.003949619388052,3.0600085636956464,8.393281216635753,4.411738059198768,28.633336003802896,12.126468021627534,99.28928346962752,sport,snow,mixed,120.7346982769011
77.99960246887439,17.98484006618894,15.5951060634812,50.29261035440479,4.142757042325206,32.65964904375657,198.63532592099463,47.41094926062894,normal,snow,highway,238.30819657982016
30.59183489424602,37.99787834136155,5.980906275403562,69.96077796054615,3.260329098426389,35.323828822957715,241.30354029616947,70.18471508085713,sport,rain,mixed,88.09974375847169
16.92819188459137,43.98822893244558,-1.6189218079707768,17.64838854604121,2.292069158960989,28.077561346674997,84.61511545006346,-80.26554679466503,sport,fog,highway,31.030763903107434
36.077630762239124,44.10223370000121,3.1440350994663007,91.8518660093726,4.664780210710392,33.04730341172659,22.024168081274887,-49.379548947020815,sport,clear,mixed,102.14682529927636
24.5099158528604,40.95213298126181,-8.212580276706769,89.30823101246865,4.15373277360278,31.7992183346477,94.56274154903443,-72.91076088563435,eco,rain,mixed,76.50227274559957
93.67278871083158,33.023764480188575,25.221181073874334,108.40092164481536,2.4965757404062243,30.775914549188883,339.5513809182872,-7.27560551988806,sport,fog,city,349.96563155833394
82.73083416079753,36.0259709173164,14.60583285429308,1.018321450013162,3.509366772271556,33.02029191956301,41.1218386256032,43.65749763238196,sport,rain,mixed,274.4375300136998
67.00633808593811,23.556174080412422,-5.287846679773719,26.00210927868032,2.8346497608984227,28.421616756699336,277.5185152784969,-66.18728635939996,sport,snow,highway,172.1192049381374
88.43145311689459,33.923112605178616,-1.4153003435754403,99.26240570943861,2.939711191941323,34.0245043702992,73.20599395408334,-73.96629108605224,normal,snow,highway,294.8445113703695
82.33048692092031,28.669486483196323,-4.873273094367799,80.46960609923225,1.6548803471873563,28.03583581535766,97.84458679020969,22.921749756088076,eco,snow,mixed,343.7002850856528
26.791305299743225,29.460520193307975,20.629640413793823,107.3267824438189,2.3104230231244838,30.45548595033882,196.53894163334934,-53.93744924731521,eco,fog,mixed,113.81320838590769
90.330309864098,37.73329681125474,-5.28948181937531,6.861558543631983,0.39060715394872103,32.031669101477426,50.41266802686567,-4.134985649251803,normal,rain,mixed,371.5218101082727
58.540801772408564,23.457550667917552,27.714116651760804,71.63567588597314,1.7867434583229624,31.016178004532414,86.60175139110643,-89.77645445445646,eco,fog,mixed,283.91499744343184
82.66961396476563,24.541188350835597,-8.974454033980441,68.2855889872409,3.4791425768107596,30.45980748164466,174.47620572567706,36.12256241349297,normal,rain,city,323.60987949435656
90.64821699311439,42.7392537338591,2.4687893997946055,4.280929963263884,4.7660801525309315,34.646681163744766,164.83450274918343,8.263276328410726,eco,clear,city,434.0095981499751
38.62031274746775,16.686728845529167,34.53333379459536,61.62264922949802,4.815320563815101,35.478660594175274,374.63574283786596,29.48457979172656,eco,snow,city,129.85836044594654
19.90467320749091,29.56902895240021,25.9265659061123,73.14243735719091,2.778614345624458,34.98970147924711,37.39115256321218,-44.91872398805079,eco,clear,city,87.1040571672242
30.51416462877475,42.384024012235855,-6.351583353715614,22.955180904252867,3.03311125904791,32.179450504399995,430.22536783317173,-44.279404927693776,sport,snow,city,72.36455464562235
48.43970097636307,33.310890234544715,31.056305224258985,32.799549974959554,0.9286059275048375,35.073313401547864,408.11608536972744,60.27210661815164,eco,clear,mixed,235.6420151927791
83.62132893302439,31.392212226363963,14.65175607701024,76.84168155572844,3.4765405404676537,35.36689252145235,382.9958198459692,43.71246259696525,sport,fog,city,294.6701626618005
87.46575249307091,22.492325376880657,32.33915135844146,56.196113711995,0.3532939633719312,31.273907176379694,154.68618123156625,15.94573023972292,sport,snow,city,290.7976790326633
10.625691747807164,25.29826467193345,20.03698872251967,102.96163890819922,1.4234284289972226,30.267566876043563,411.44089277039376,25.6286951564161,sport,fog,mixed,18.01136789436017
55.967257231980916,40.561452474140786,24.091651601642937,41.085811921102604,3.3418167364272113,28.78612164650656,91.4010401446404,-81.19116409977892,normal,fog,mixed,216.78673971327433
47.56699028339011,31.776543953053743,39.67507801978541,31.99915900658414,1.5515506577174465,31.832735368393834,62.20460292751412,71.23426089025071,eco,rain,highway,193.93392740790097
29.98970294236572,30.442265812703397,1.6167772962009082,118.18391284138113,0.2492343705722716,35.57037536350753,22.478166744743678,53.98140660233253,eco,snow,highway,104.09981658259636
20.787883060031454,17.987391406200867,21.197278738069418,109.33629241561,4.159352046754819,32.48726022456297,469.65518150278797,18.098306764689525,eco,clear,highway,42.04418521532206
40.385365426326516,15.480844693653694,13.016069502869918,3.479129399877583,1.5516500356728153,33.340496814289374,154.00544885263685,83.71902622018143,sport,clear,city,135.0168928181734
94.86187335212672,43.91055566061147,-8.027402353865428,92.4874338367879,0.3155261242933921,28.90307054793478,458.80894008895297,-66.27241846012004,eco,snow,mixed,404.9625170290607
39.088263881867974,26.309585018605247,-9.276467924856748,13.240172859024355,0.3739408225143259,29.14815731313805,136.30678075966486,37.33147720683337,sport,rain,highway,113.45529451787155
56.691155956902946,33.09639186298513,-4.038571109107067,3.298223379524514,1.258793993943768,31.71578609567738,453.7829796681748,92.59635553043216,sport,snow,highway,142.58299973112022
73.27170630056601,17.391452195618548,22.454587026927406,32.84346191596187,0.8900797361076312,35.610118391869804,451.9645264230441,-37.998207086015825,sport,fog,city,274.25618660351984
42.726664214136456,35.493428571691396,18.35815439566961,32.321505487332516,3.871500588900754,30.886277132732232,461.83802250535643,-96.9415371864981,sport,rain,highway,116.35706395780639
97.46038744488646,42.97700126117883,17.671478058186374,98.31825148163576,1.6084202333351723,35.01987233054027,248.0767196420969,46.97349339382663,eco,fog,mixed,469.1688595566704
96.62025654479001,32.26995758992259,-8.407161873586995,85.28006951314022,4.0234789251991625,28.962308747405693,432.973143399446,-98.60393510877459,sport,snow,mixed,277.3568514385502
32.66040662428277,18.783459671262317,13.465149818000352,117.79313127984172,0.869229989115764,32.93613765546968,475.3829480836601,74.50672983643341,normal,rain,highway,99.5253005319166
54.75236553031469,32.451645824204306,36.231140892126426,85.38154803741821,2.464395897720419,32.80490381528415,162.30847094858976,-88.73974957928603,normal,snow,mixed,182.43352224504167
37.07904788350927,37.99041639313957,9.87959346553233,50.19066639072575,3.440185667765644,34.87899800056215,209.43720284127753,30.552945974375433,normal,snow,highway,102.62498933393573
35.63564449397208,27.19249609722056,21.246123489422818,83.87131931342603,3.2599542693292745,28.02653363523921,359.620093667872,-24.563171115369926,sport,rain,highway,97.44271385969955
13.319825261907951,41.39513243824403,28.990933781157175,119.93508806236825,3.0056470496513437,29.51945333758058,150.17991086165046,-59.331869256653434,eco,rain,mixed,24.97315505521777
64.86079005819072,34.460488600720936,29.19626395709438,85.21702590750337,4.624108009655849,29.757501003435856,376.90465445632947,79.6516799707658,eco,snow,mixed,236.86672560839654
55.24111209059753,41.977467548676074,15.964004119763569,91.40176271763819,1.142625738533722,35.5997287047259,36.94607260676697,49.24917038537245,sport,clear,city,204.8290765412808
14.633087612499041,33.70515933742011,32.89759727011682,112.60380182283113,2.468596022310527,29.22954925015916,261.7491921442711,-31.91188677134798,sport,rain,city,23.678195608160635
35.07818178129503,18.938639160144728,9.568904668187347,13.638151357402002,4.419962750362044,28.295698801764484,61.156742041872604,-43.169381428555,sport,clear,highway,95.34004118483976
91.74392973699884,24.290751333155676,34.434660739239916,84.57411521372723,0.3894688279757852,32.27569195793446,146.66173821833823,47.202458832227876,normal,clear,mixed,412.43861306089644
31.560570160027517,21.053848447573706,2.0113583197772655,102.09671495609388,0.27944134126537623,32.228467699469455,129.312696243236,67.3141525212661,sport,clear,highway,101.10788028080104
23.04053848821008,42.26479493150587,4.010820349528553,114.52543202650716,1.1665114377914572,34.752375722942915,419.46603678133306,43.17009285916188,sport,clear,city,66.22958332735601
54.05074842498067,37.81200201862448,-7.343968790049945,25.316314765403924,3.165106097690092,35.590877201422416,96.75862770309874,27.997845007148285,eco,fog,highway,210.04832344165933
98.70854086995406,35.29195106730018,29.779091827114144,60.47148092690931,1.2993981322490344,32.308363537121046,404.22396007955945,-54.41505496227024,eco,snow,mixed,427.3370688001765
31.784974436035036,24.02898958894865,10.852761811635279,81.66658171733782,0.9511994190439949,35.43995345935724,396.98017295396096,70.56079665529444,normal,rain,mixed,118.67779639504258
70.49219926652907,20.521343161506405,1.4558306955699525,29.696127540160493,2.29401157679146,33.801273210398634,249.44152777861495,49.93239669167497,normal,snow,city,255.69158631831309
78.54576537958458,37.69353263966735,1.5895138808289833,72.05674359003288,3.0679903438470575,30.11647302396468,116.9216277980648,3.4548579532828825,normal,snow,highway,247.96761807682208
31.38737895931597,29.22473837637239,35.069997061461656,30.909453899759924,1.242788535083702,35.42736568755141,113.44816997811135,2.317552453356143,normal,snow,highway,99.40284561091136
75.53947137506736,21.773686564518876,31.695830023051847,40.01484246379767,1.5034559336187103,33.339545409455,232.4623235579239,13.834605561469274,sport,snow,mixed,235.08889464550703
43.10048194473279,33.498659344958256,17.676544267859164,52.982243581303806,3.0677965240575693,31.31276746194107,4.404503696758155,65.65527883573253,sport,snow,city,131.76657888794577
66.90752475342215,16.210015564153558,20.805540020786054,63.502811849588035,4.728692109947263,33.44193667613545,265.67537730568307,48.451909767511495,normal,rain,mixed,246.6256007587575
67.01767396848052,24.785107623847605,13.71627852751455,53.92390459501807,3.3737086371904415,31.210502621950006,476.3897628835277,71.24899878917665,normal,snow,mixed,221.11348380658788
58.21972156672826,29.05670983773404,9.583327143940444,59.1834623745515,3.9145207179228,28.913470143903673,77.35344093129825,1.4565543317444707,eco,snow,city,233.25765560131254
18.12607930489675,19.438750023282175,35.77384406091657,35.83065075459511,1.834050473777344,33.7518299774152,286.6728107378017,24.929811803651432,eco,snow,mixed,58.14010356587244
85.17722460303142,44.53963432772519,-3.719364823984897,19.07581128271567,1.3612717969223302,34.59270089736595,480.8893443222284,70.91436137919592,eco,fog,highway,354.57602914542525
38.870205847456226,21.272920937688426,10.9223394858114,5.681997279220732,2.271338716013113,33.830449592155105,430.26106974580006,-53.535987964656925,normal,clear,highway,140.49521638121706
26.786665935986882,18.910593901297965,7.228095399393766,23.517446699000125,4.035664143558368,29.832917342053413,425.19005819067013,-11.195863948755203,eco,fog,highway,78.56311169615165
13.669762739928753,21.10604621660689,14.907536012557419,69.83323698069397,2.281498208952779,35.653080107820905,410.9249651980945,24.130447395877397,normal,snow,mixed,32.153125419470555
63.18036488694176,38.07183399479173,12.881593727258753,94.33385373637589,4.233627043949305,28.20203649352925,154.5118030280928,83.02925147162028,sport,fog,city,214.75576856604272
70.98079256580542,27.765169778155283,15.94447658255407,20.309711693147342,4.943859903475635,30.661482379005125,445.3084156334061,-96.832797790775,normal,rain,city,275.27329587118925
11.492904603507053,31.96247819257614,-3.0040511386502953,13.026642932717817,0.3601333286516817,30.080739476279163,470.67017561658554,-57.485368365354496,sport,rain,city,33.1907189724711
56.088375246935286,15.630274709590822,15.657075075663855,89.91484326591004,0.22705078041851845,28.385009820918807,247.8962116495197,-53.10989844774192,sport,rain,city,202.37588167276064
30.384619767814417,16.032939257199438,2.1209406943605433,36.618999664474764,0.7479485145668091,31.245837543909346,177.28552362972937,-34.67746394764116,normal,clear,city,131.784892531693
68.06555113685049,28.374766494810487,-0.7834325505904367,114.17993270728229,1.921848378671731,32.98491872130219,207.11450780292807,-43.64267591586422,eco,rain,mixed,303.30704999498965
25.69297861044923,39.49965729604871,-6.758289060690439,85.71815647324476,0.655211045727162,35.06042290788081,167.1032209156328,18.02775711244773,normal,clear,city,107.1498101702394
72.18439642922193,41.55716636122696,28.132627937807044,39.21072566916371,4.35332238809378,35.91751772953176,106.20922101227004,77.12405285094908,eco,rain,highway,266.31041118140826
44.806181167048365,17.601197027869205,11.372096042827998,34.74512973524459,0.11573125513531901,34.46471669123518,309.2242351264447,27.39556821447789,sport,fog,mixed,165.0769064890501
94.30569898630611,31.150893063030683,21.33218416558792,62.84380635255709,1.5789635816791125,31.749444149702597,281.29844312266147,-51.694688209128174,sport,fog,highway,309.1938027201007
22.376884973139394,42.39689058837811,26.379667165237166,9.49736019338513,0.9234731474710267,33.78963540773624,231.2925355196378,72.75057001401692,sport,fog,city,71.80816629787036
40.695971594523265,26.639182631936592,23.965833265677674,14.121181517435879,4.657696650787662,34.748990308717126,47.92269334241589,26.40915782950266,sport,fog,city,123.43636144268828
20.212616911653015,39.886974942851054,13.525035954484114,21.1029457579431,3.34740502445014,31.72245757134945,398.4464823529999,-56.20757500241969,normal,clear,highway,50.57967321965112
93.22242564507064,19.010869631983084,9.394926447586492,92.96683119654722,4.560151282256872,34.280435472204,87.4667813753946,-27.666692566699354,sport,rain,highway,267.876975284069
88.9605418042883,43.06183469003396,8.797995482033187,61.66288311229469,4.861643551551967,31.861219346503013,57.28102169802407,57.99296134795651,eco,snow,mixed,349.3292780859434
33.21474649436401,37.54269952593908,22.002439846502817,1.2680547329331526,2.485491218386846,31.091967927013783,311.5356977414737,47.786236297422846,eco,fog,city,139.18537152770674
69.39856414307611,43.24003178360705,14.739717747093671,80.82198329665307,1.1715955402401312,32.20872670227009,199.32218061886158,15.316473901128518,sport,rain,city,257.88417622910475
83.54999801810942,35.298517006575196,32.45661239942553,50.84282143925965,0.9686439309829464,33.406837901017155,29.904237676164737,-71.04649945188763,normal,rain,city,370.4268442561696
59.96807304395161,25.90211795998281,33.735099216335605,61.302283795655754,1.1145943084292025,33.81505645054878,177.7841774805291,60.65785946290083,sport,rain,highway,184.25801625023058
57.66855205204058,43.145435175741675,-1.4719810996740765,25.693949209552265,3.5429665381100146,30.853890151136863,385.8901761424814,-38.49149428945038,sport,snow,city,169.2113218715475
31.76670618104065,23.267003289275355,-3.188317422713718,66.21386740729244,0.20222864061500367,32.57056201244828,307.6246026085488,54.319587799832476,eco,fog,mixed,140.0196161687265
18.379249102530927,24.965175661851976,21.520046301799976,117.49838877017864,0.25680536516357433,35.278966992643575,181.3930114934984,29.513273152451745,normal,clear,mixed,68.42301180357587
90.74941821579941,36.02425254005221,5.061287403113971,8.813362920691375,3.0407147119157503,35.810503200885115,95.90239581729404,-47.16594367129636,normal,clear,highway,347.2921581252456
91.03762514469975,37.95948898576159,-9.071464061745058,34.07008795973168,3.2102857336870327,29.817984729471636,315.89781040238665,-57.526154373468664,eco,snow,highway,324.13440946835914
66.97913115459411,42.882104515474616,34.432133468147754,29.159711143299575,3.3263146216123003,29.542649325706734,443.77765047317763,-73.81801534845624,eco,snow,mixed,253.9735492215541
40.51268119438306,21.144072271686284,1.3450383621904134,29.82591729014155,1.8594025229429563,33.413485067429185,323.1363590079569,-51.61075268237685,eco,clear,highway,167.5250479330995
41.428861715139476,38.939941056576714,36.46403258429046,45.44476290784527,4.029724443570766,31.317471086587553,406.4519273251121,-68.434195510172,normal,clear,highway,129.82713828983645
75.33601109832155,37.156381601908905,25.871722543912682,98.1731741693001,2.668122938633088,28.193778707345096,260.7639192771855,23.410249557550273,eco,fog,city,372.8739771347517
90.73992339573194,16.913836687607937,28.132674495574214,109.54304279572648,0.5273281500470972,30.774894965178273,358.9855533705144,19.756623795450707,eco,clear,mixed,445.45129651881604
89.83777818386056,26.61669423630621,0.07307478965802083,24.2658104950768,3.985496535336726,34.453957947778015,448.1133868891762,17.23441202655944,eco,clear,city,435.26377789726433
80.18879912718614,23.48296371180296,1.7097212808406468,65.15399255377353,4.765338931352291,34.37941544306546,386.58948912932755,28.377961844967672,sport,clear,mixed,266.0637358113198
67.78284815388591,24.13471273062091,16.06338769120329,76.42787665985763,0.3001815650117934,31.957481190532654,454.92697669907284,62.95690679291326,normal,snow,city,264.96299831853844
17.572596849554394,44.488406386641024,-1.3950073675068921,62.61929692366139,1.9567566935028995,31.78062347910028,215.56980105802992,82.71054230996069,normal,clear,mixed,56.287635399267245
24.54658426851524,34.283322404397836,5.271584634151614,52.08916730363035,2.4375802241737383,32.63605953947502,452.1101275635283,-53.92489241964758,sport,clear,mixed,81.02016757352744
90.86987696743714,36.53028473380499,6.073123897390225,23.03706070310854,0.7323538003915847,29.75517368450861,310.7836172408538,17.554898033785136,normal,fog,mixed,386.2818496373617
64.57861536936309,44.29852911945028,-2.0185033373617953,58.586323103908626,4.338544738914385,32.208348999127644,435.0243830408468,-84.33275575054572,eco,rain,highway,244.5218166551259
10.827734645496669,26.316053473729163,0.2591416697580371,48.14577932535946,1.42074822445022,28.088370880453187,19.6882652189177,-75.97151232888098,sport,snow,city,23.03777916357964
19.132438857942887,39.055205053584174,29.42759210041283,95.46760350027236,3.9150426996908005,31.80447643826507,328.92619095676804,30.8678625922781,eco,snow,highway,35.264303451349704
69.71515921972502,28.03592889913486,-1.640207272636582,91.63252309955942,3.3549724101415803,30.68840837000474,423.98753943894934,-2.6838876619098357,eco,fog,highway,273.1200980542099
10.455542546159682,41.0860101544494,-8.577130407803876,16.079841744680486,2.990229112335117,33.39895684722928,87.10101682159987,51.66641736688675,eco,clear,mixed,13.020751552536588
24.472724627574877,20.419726239339095,21.46774713144692,10.62228630756811,0.960714243482772,33.10682867322102,330.89346673246155,-14.864503801885732,eco,rain,mixed,105.97122080336963
59.38604104299275,43.43058531192839,38.7991559696225,108.97847318730035,1.1035176027545286,31.046687041462473,412.47735710831574,-74.48031863341238,normal,fog,highway,214.15303552896586
72.27056779234239,21.563151252326392,6.560690731156068,64.26100667573972,0.23674202373284658,28.058183851828733,143.97468481631853,74.4107307661651,sport,rain,highway,222.8931165522357
68.67651335523405,24.786615209427946,-4.067214840187385,102.93611247391088,1.203562148911332,30.018189035159683,202.623163953196,-83.42230577093554,sport,clear,highway,226.24184392383586
30.18423785145038,37.68576702320341,18.51936626837654,6.978134467968138,1.7272180473025704,33.0667828015133,284.7588592496097,-62.207071492923596,eco,rain,mixed,116.78155628190673
74.09612992127823,26.8126542469622,35.31771055478231,63.18187398259563,4.165726519312127,28.578986744140035,259.5838444422811,-44.6046268076298,sport,fog,mixed,242.3220901719716
31.352417874712007,33.2463413029934,29.20308899142394,64.73118174914836,1.8319633335740266,28.86113937466771,19.594696518567822,99.05612141308535,sport,clear,mixed,98.52948289373859
39.285972834334096,28.337205032082856,21.1257934206358,103.28424390505799,3.773108913828032,33.176280196536695,49.33604904270672,-16.628035964803217,eco,snow,city,136.8787715298743
77.18422646062217,37.27109811269345,5.75282483037997,11.7131997875649,2.1972114064774377,34.04613920759434,50.23328965218066,0.3417060956229818,eco,rain,highway,325.46993485146635
68.46696091424931,21.849937571058327,17.094008663810996,28.853467641109116,3.924341559969442,30.572397664101697,131.1339527495875,53.93935019477368,normal,clear,highway,241.28314643573748
86.43010694447601,16.75373961710631,-5.437757934787232,48.78459766644157,4.881358002185199,31.917384524132494,122.93205640122463,27.283117067762745,normal,clear,city,358.99570106416473
69.18516030703091,23.997881924191987,23.9472712140335,103.90097705039307,1.1992077902879006,35.56569091986927,371.1111918933998,68.28413838826668,eco,fog,highway,301.1562939641101
61.147774300192445,29.229259946052906,26.25480094488254,112.66599780846803,4.311708059819381,35.56434849740776,286.37219300807226,-2.713308282421252,normal,clear,highway,210.33991422550164
18.430729104528325,20.040601565780356,38.25158114549594,119.12695435123536,3.1091204315288734,30.46002219570744,381.9880423226206,94.43553749864441,normal,fog,highway,33.9084918804857
43.09442227534902,25.64391868969166,3.019867937253583,115.10321837502258,4.086471307943274,34.47990300013672,34.948028705435064,59.36247231726159,sport,snow,city,122.03342246585615
33.86821309135529,26.999490548807056,-9.077179047848867,0.7130107013225295,3.257929511339026,32.75155242245487,242.60711873580033,-19.726922337346963,eco,rain,city,134.60574772281103
31.95906790411752,16.721755310648206,17.28042322135753,5.725000974464645,2.1197475363707508,35.80387594680304,161.88778963263474,-23.7456354109504,sport,snow,highway,76.68868611636475
97.57094992772011,32.499217445526135,25.339525219840723,17.71281829891064,1.140374697208952,31.82090855768877,424.96965537787315,85.89823840884355,sport,fog,mixed,337.0655675137666
45.378795220008435,41.53030283913863,29.5203737941494,41.863451612432776,0.3501761266558251,34.197654944124494,353.89457845495167,36.88312716294345,eco,snow,highway,169.47690253881183
90.2841899659402,19.552287388591573,-0.31305334875946933,99.59016371843505,2.677591822303585,34.14509703691897,434.62923541339813,24.286726905127722,sport,rain,highway,268.264188679773
66.80247633975367,32.93424040204542,3.087643451851182,107.11874344025766,4.951630472634328,31.97946294106461,23.213561203030032,51.566127486762184,normal,snow,mixed,220.8988948753492
81.53301731874836,34.942176147325384,15.629546263364816,22.420128755349964,3.6902090250710313,34.36504091437846,360.41174478330026,12.166765622342297,normal,clear,highway,294.9644492360878
55.23733837946729,27.58004041257865,6.530040498500092,74.35969819436504,1.636727706995083,30.088322666455973,270.004176079789,-68.16664538285465,normal,rain,highway,197.57306757666345
61.92134961637232,36.0329276209281,33.025574329372255,110.08343820783318,4.136024000433676,28.97802429032183,412.5000145077829,-36.15690758431378,normal,snow,city,200.23765813527552
54.32659244369775,27.32194630473036,13.688007686936015,55.647808311758496,3.844920000882033,31.401309957242532,253.5802954629105,11.588972741793953,normal,rain,highway,175.6182994816515
27.571868901824004,30.139118639323048,29.97893220510015,12.425228634334076,1.408178966767284,35.54904525306868,270.10453895095446,-96.36643581456661,sport,snow,mixed,76.2574138447461
75.02069037353547,15.22059133663281,19.030988024117686,54.93763801015499,0.07153744897117342,32.00595686562023,25.883690471032562,-12.529859007354432,eco,clear,city,399.6418208227842
35.26951261967702,35.75160342404067,28.654507080855602,45.095388274566865,0.590813192669748,33.08207310917542,334.26143251798334,51.160575855187346,sport,fog,city,125.26900473601141
12.188436978830845,34.84028036834174,6.633649326516192,69.31895952792084,4.386530951560288,32.993299647263,136.56993780252503,-67.15319909674554,sport,snow,mixed,11.079856476654559
68.09250663164511,16.152026319790338,31.570831096515562,52.63904212885244,4.182815176524358,29.060582938156244,9.846961089410245,-87.08820996861886,normal,rain,mixed,270.92625682359534
25.939961146634403,26.047503221853994,3.728615777551079,2.081511222446153,1.4760450043918123,31.12237505901768,33.218581253015024,67.2058281455397,normal,snow,city,92.03879044464344
94.64127259176229,44.37095522375002,17.30494040016454,119.27972800964054,1.4259771314221021,33.655511783375,478.6428044830128,23.45477369267239,sport,fog,highway,301.66953992156795
95.85357193023286,27.622096877058503,0.7003556586937112,65.2248285276685,3.9643249355123555,35.77592078864581,173.03864478992347,-64.6842055021072,sport,clear,highway,305.44108873094086
92.33779511984037,30.05836215395525,13.77632608130967,56.83569065815314,4.68868734947711,29.34414190637621,434.03781431057945,61.26099611663872,eco,clear,city,438.97323556540283
43.31428302299,42.29790474479155,5.908760475435157,114.55408458048649,3.8956862839879998,31.28353512271293,479.83861703462793,31.62589429744247,eco,fog,highway,143.80090265706664
11.391095487598069,36.51785627597269,3.3351715318607127,18.703244110449255,3.0278933851538077,28.760750398421834,471.63359441866135,-33.176146070312356,eco,clear,city,33.07513371073943
93.54867063289528,32.46210393372671,38.349250901401874,22.70851230542979,1.2133567516590227,29.93901167719405,440.8626203497101,-24.760745607652154,eco,snow,mixed,389.2998255473586
48.53657334855829,38.93414044023218,-1.9962947256634695,96.96176988753402,2.6287395704763035,31.014074746609204,447.42195623065044,-68.82236736259033,eco,rain,highway,178.57413736027584
96.99893371393026,40.930987993679196,29.366291872869766,31.29972960300105,1.167559292966323,32.3251459836188,144.50402217047576,67.05111884174806,normal,snow,highway,315.45211191586935
96.72579793803276,28.706642152118008,39.20824797416075,95.90725275498323,4.040057100483868,29.844535057912648,75.73494513017914,1.8013303287484064,eco,fog,city,468.0819747969467
86.7708509920624,29.25325094795506,-9.004925812996108,32.58401794902031,1.9348053975886863,29.820501289429487,319.63128104396185,11.403815328732108,sport,snow,city,279.7486882635795
36.50040028626271,26.581528069555073,24.951370702104754,3.9825156270001782,4.168486084970131,34.22263983312163,244.05279593441193,76.69838303954955,normal,snow,highway,97.99850158795502
44.658795574173276,44.001184200553816,2.6455902778143567,62.04176686640592,1.9080460899136265,35.70113330357505,49.37335934758552,-96.83387670938122,sport,fog,highway,136.23832157342508
86.60230043651713,35.91498762871051,-7.975608783584778,23.602372095223366,4.1207470259994565,30.58890374201165,338.77065801120546,-86.6153874953416,normal,rain,highway,291.2471765841653
38.522980464064986,17.49669198624217,10.14447894783154,90.94155515189652,1.6665890758262099,33.50393614908544,281.4300037423867,-67.684203628037,normal,clear,mixed,160.5130488552965
25.254347201748324,40.88878869939055,36.76089050854375,76.94395598785778,2.200663523088349,30.064643690863367,431.5337004052195,-93.99243738237088,eco,fog,highway,96.50908169460237
60.11211362125152,29.416798225088044,-9.411745281650116,110.83232015735014,3.0774420967132876,35.423618039725056,304.5918978441993,31.631231324879906,sport,clear,highway,172.79244262665435
94.25392967447029,17.062617192674622,19.394284596489083,93.9586028718883,0.3514380701495934,33.38321888132319,286.9730898608768,26.775893637664154,eco,clear,city,500.0
72.64268170074757,31.491517654899333,15.069823929766216,21.69311458088722,4.741035309077322,34.421414837100556,220.37586166631397,-57.83961941420288,sport,fog,mixed,232.15886204086672
61.30550530804285,27.51492836927106,33.66920821855238,96.01898839977557,2.868028930619016,28.39483234559332,231.39353494443515,-70.11871102266105,sport,rain,city,203.2854696637018
18.74588443936917,41.33248214587874,-5.799914273968717,77.00844537768279,2.5391000734540112,32.788047745925,477.190613489558,-70.86305972267866,eco,fog,highway,46.153981034601
65.35065040292528,21.11983810828162,24.07630149433252,80.27419701127499,4.19696985559956,32.220898650867056,69.22300470011966,90.64828266372845,eco,fog,mixed,285.9919999701944
99.10484650938369,39.79393828476549,24.005484921663864,99.87154631641785,4.328813649484138,30.343975255292257,223.10940929109358,38.70090572494831,normal,snow,highway,303.98524682998334
22.60756137128716,31.730660735563582,23.45400084311416,68.85888830267282,2.61130202264508,30.099439880458544,327.9136169634214,17.08576569301586,normal,snow,mixed,62.36343010826847
56.64966871273631,16.638309096404072,37.11672474675185,55.920421722361546,4.636311628968187,32.64019841853576,216.5053227951998,-35.502625638981144,normal,fog,mixed,212.24892124490194
88.96357647351599,44.15535903976454,31.154376450344024,76.39692424304735,0.32368883038240315,33.6518850800578,141.60781352037887,-13.391360418242073,sport,snow,mixed,280.628805101698
76.6691755978784,30.378457323095997,-7.901363687824699,35.75489147500309,0.5661289612560877,28.26538205628151,143.6786853814274,-82.11882376015846,eco,rain,mixed,363.0530712029957
72.73141668957412,23.726305626947475,13.554142535225658,21.911655730451916,2.9839411500722006,32.53921265538963,116.82802312885786,99.63037761100028,normal,snow,mixed,242.68543122955916
73.22356755883983,29.082205259677743,9.897652810066674,73.99054056854956,1.7703293089679184,29.36367623157303,171.95160029154482,51.017092714326964,eco,rain,mixed,340.6754862013703
42.35420360977797,40.73573350552467,5.5073610545401035,28.06180429025732,2.321125830945994,29.122901851088805,435.8373877917835,24.29063136564558,normal,clear,city,171.59799288381026
36.4232659838044,24.147093731551905,12.566836257704864,9.589813121592808,1.6403960894858327,32.98495590475748,252.6122751614976,17.553439045576454,normal,clear,city,153.86780055073658
82.84250399306623,20.78029189460101,9.209709246298871,0.06650215023046968,2.023626557224678,30.486960937739784,120.11936403890921,0.8628744066345035,eco,rain,highway,348.0549794184502
82.91020552112627,18.872137407926445,11.616694993933265,72.99832816800806,4.113231735731498,31.527041865078914,192.2633585132662,-48.514514465060834,normal,clear,mixed,334.4540891865895
88.03650867220934,23.93578195170634,38.963093280432126,43.45785401762842,2.967380999271523,30.879990475518184,52.915206039284016,-54.72191930805326,eco,rain,mixed,396.0054665396813
92.19164973008242,38.401442611201304,-5.568351262520962,90.27731648081472,4.986722746417492,33.18669056122019,452.017869869369,9.906491437844878,normal,fog,city,370.6427683974177
56.020815897484404,29.14879095585785,36.11154349193649,45.021167797572296,3.934395989104815,31.76095812853175,204.098916045716,-85.95983708840967,eco,snow,highway,194.29190649264623
55.136466521847964,21.8244481108062,14.011835673551335,58.3204137885872,1.3683312705091333,35.70766929630358,490.19560229653786,-85.10584022629286,normal,clear,highway,218.69035034919352
81.84656610700976,19.985549988292476,21.187112274977057,48.85019673784619,1.321725588633481,30.81906207285172,173.76938663125964,12.16272063207002,normal,clear,city,368.35637801211334
68.49675376999886,24.981884295311374,31.509148330884692,78.06897493312154,1.6794913505850357,33.922274722102685,418.1780236135605,83.96240964204785,sport,fog,city,246.31971905817625
73.17701895319331,43.19773118657126,8.023151457462777,42.73669944179618,4.2162974032387135,30.058340540664357,128.1926566457266,82.85437022597091,eco,snow,mixed,282.1496385887316
81.6213402492491,25.29080137770073,11.521095404398345,115.65211799307707,0.136438253252828,32.07002474100918,38.07644668880111,-97.83433986784154,normal,snow,city,329.75837416304415
90.10048076358096,44.64372227863906,10.475924013935696,112.33763839182362,1.1509063943562885,32.420558015215654,15.866680836900349,-78.52115687051004,sport,rain,mixed,312.4180521393318
40.41956411663823,29.556913672960686,8.736551126787994,101.76334831887377,4.524592101721335,30.632874248501857,303.08421332239175,16.615538751738995,eco,clear,highway,137.65884307737338
43.802465737594964,20.374917548704527,36.27646608234475,110.43603246872978,3.19948218041626,31.774244231301033,155.7868358367947,69.69514436123282,normal,snow,mixed,129.66401452042533
18.45837458567821,41.73420275380528,31.446494559650603,53.89676261512692,1.134235477505282,30.234229103187936,221.75994023791418,90.88981733136575,normal,clear,city,57.23148435944958
62.045212689655656,28.810661194044805,-4.550000506851195,64.37164761473906,1.0957248411629017,28.048006253391854,409.32351780039767,72.11644520915584,normal,clear,mixed,258.224222187738
13.234804641706788,36.290140305135736,-4.5938323761451985,89.05111110698934,4.313090508797153,29.72518641310303,124.05404284740106,35.52262705929115,eco,clear,mixed,15.461167040121556
51.90382163192142,44.51134749627455,11.39347574264956,83.53751099262493,4.4687875413852325,33.6005133799456,154.32623836745663,-59.89498448215285,sport,clear,city,172.7232996442404
58.838017123681894,16.50526050959922,-5.067131163359547,106.8814314726565,1.2806554548105764,34.16770419588302,422.66809252933365,-85.47570520420753,normal,rain,mixed,229.13148096600307
35.7887126915456,17.900836793627015,20.954654763555983,85.95972327080344,2.102551790382661,30.24162293711136,246.38113667175205,-90.49684346287106,sport,snow,highway,90.77928353972179
63.174993451210966,36.613702243882685,-2.8154196369133047,119.74616498741527,4.1729786931415855,31.264343990544575,413.8325835262438,22.41535692508228,eco,clear,mixed,265.42780899948883
12.745022494514448,23.45475009886416,16.11866319834005,41.820695979790926,3.855037193049427,28.29892528110889,187.2380017331582,-92.76227919692846,eco,snow,city,20.517172174613865
13.361336987429297,20.529041908502972,-9.639002649814113,99.95972906873016,4.069580532830423,29.896503208781446,199.18499041355426,47.84799129311011,normal,fog,city,16.05935225638878
84.03405045936924,16.180856394591885,5.829817420632336,83.7161787399197,2.591990953939844,34.233754266978394,83.56918088912812,42.49414747019381,normal,fog,city,358.32379283923046
42.41715772701366,15.655401359586055,23.85953618363277,82.96637342580223,4.557745241525866,32.84789016212046,458.17292679748317,-84.07783504466421,normal,snow,mixed,119.09113165393109
21.435446138669633,38.23456809359372,14.20194701139242,39.10027138139987,1.6297577197721762,29.646164175634972,448.3918470063048,81.32447300735893,sport,rain,highway,47.41763537022722
57.001893404932396,19.033002821086498,38.91347429994941,94.2722150907627,0.7833606717375902,30.059535960979456,492.10850728238677,4.385857725060461,sport,rain,city,208.24803477281748
79.29941977887498,29.031618479134526,33.70518980331054,108.0451226817119,3.543661662824324,34.534416183916484,201.22356358485578,80.88771346754632,normal,fog,city,318.5669527624208
29.423892474715885,33.17690445538449,7.953538952157562,26.225815382467555,2.696772080034482,29.672673623559206,409.30747087932104,80.32201123766441,eco,clear,highway,101.93286389445818
66.06014282371002,27.850554017065388,-7.72567292638627,75.05962045400449,4.272928844047405,30.67326180677705,207.4768658360593,-60.59318722257634,eco,fog,city,299.2345898343818
17.68127184943912,15.813199570086994,32.28131500575094,47.05617949233302,0.40579624562357475,33.31486953323716,227.14939446048638,-23.884474412743046,normal,clear,mixed,71.36844449065656
14.651354905174692,38.50504507763726,35.56171551573357,118.74577431538525,4.218462017190334,32.48889908566463,414.9996967974123,-73.07473329923675,sport,fog,city,19.682901795015926
57.82191684113332,15.315396736249605,31.03136967095184,57.45993789980179,1.4664732660441109,31.686961641870514,88.68338544319987,54.99560202726414,eco,fog,city,274.6744292041713
58.657160944909585,37.85669683132452,-3.602502954011757,27.398420855633123,3.274278335840915,35.197928727837954,110.15546723087616,0.8249831075725069,sport,rain,mixed,183.95152229373008
67.3686911348386,41.79913481364368,39.895756720614386,45.8229150266199,0.20064394539127894,29.757683701720413,157.3641201979075,85.76151507899638,normal,snow,highway,222.1263775183288
75.34822003503955,27.985197631715167,2.9292110776386906,78.46060677799515,3.0479064815180035,33.931359126904,394.08951625002874,-58.356957024744524,sport,snow,highway,201.75155357004337
97.82668715162812,31.066274192933946,26.210245640418506,9.130724561949153,3.5863584459366797,29.272510724945466,186.3257746840414,37.67353230384521,sport,fog,city,353.91512108551007
56.46703134710758,29.309501778529615,35.40174381678608,72.43223042654851,1.8437510725281014,32.92587066785716,179.0841041403808,97.84736555454177,sport,rain,mixed,186.24927024688307
39.06608256471213,26.676258558703164,1.7843557165354724,111.74697110146776,1.077053526310701,34.96498850729051,499.4081726276209,33.07625236419827,eco,clear,mixed,169.50919006456107
81.56675752918333,41.62273606111081,35.4129277338533,102.04353451894205,2.688153383017725,31.663214283825102,191.90307154973974,-86.24521343385747,sport,fog,highway,257.67503380163475
34.374902613586684,41.818005320099715,5.474078959743348,8.120824398958003,4.165954022178233,33.794356057530635,123.88526815779349,17.68486993903811,sport,clear,highway,93.08273258270334
49.507427863507246,25.074490939246036,38.82066111920281,119.20678544868818,1.617736791483254,34.56314682399191,311.60683910047163,-64.03145006375266,sport,clear,highway,152.20459716072784
17.061074320803936,33.452092620440936,4.06300101902373,83.8472308444655,1.262346487606398,29.08821139902082,400.9399759775004,-93.89944451613692,normal,rain,mixed,58.80986272430157
12.281566907391177,42.80722686437592,37.67179123789176,19.473698917682842,1.3946765431884383,33.64661516225688,34.80391686157963,-33.007860538957175,sport,rain,mixed,37.97646592728935
96.63835732101326,43.86175496824055,-7.322767455366255,1.4899307003308193,4.745660764583322,35.35872819190941,309.4461155692375,-46.779183389186855,sport,snow,mixed,275.39878273772655
85.23821084609853,30.268771212661427,25.463600583490653,20.553916355058163,1.7963845788227983,32.61096487884436,17.867727940112378,57.75417976315083,eco,rain,city,421.4667307063795
72.63767854843282,28.5847441585298,16.605556691850186,100.58111048228862,0.018021199441435876,29.48897795623005,263.166175489759,-25.263891784379908,normal,fog,city,335.81752738663386
46.80576499728429,23.360829477855773,13.89385385613653,2.596718993419649,3.9084060397980984,29.015540252711546,128.49578187890458,46.59175607703929,sport,fog,highway,131.8285666139985
25.596488806376122,43.7661561957123,1.1747157127919987,27.977676434170387,3.496373976676951,30.077882643733982,153.32084883659286,-96.75220161013371,eco,clear,highway,85.26753100895908
24.079333840397744,19.28442913418602,25.279789488824598,90.87667144018505,0.6428413230148444,28.82810615213346,233.5479819911913,-97.03757331332179,eco,snow,city,112.05179869935374
32.52186083481358,32.39488728143175,-0.4595254276846443,70.33326430777622,4.924521245674562,32.10715257268038,463.5537303727935,-94.13730849048858,sport,clear,city,90.5747224236264
59.43039982355084,23.476508025559166,17.642089799238413,93.92828524322302,3.040311426525556,28.557637461653876,355.33365329393826,-56.12831164348391,eco,clear,city,289.4043379744126
74.31363304300561,23.3702487104339,2.6622681520125404,89.53806045921455,2.5038974547030075,29.787236997089813,468.4227981422482,-25.202442994287665,eco,snow,city,309.12074834619983
69.41776390459582,27.149057621285653,37.781068989067805,6.072166454616568,1.9110963381144552,31.519283551297715,329.9855022793388,21.569160623370905,eco,clear,highway,300.7416104751208
35.19405072513486,44.96378807446963,-8.568440308217358,107.10137029129818,4.49336377781819,31.791318003216173,3.553873543929831,97.18277716539455,eco,snow,city,100.48751740426059
95.93787525968747,16.648989205194663,-0.013585994438171767,27.243820113872243,1.2198174070928163,32.523187881175716,132.7925986738388,-29.118086597133484,sport,clear,city,375.3555889234239
76.41072250261917,32.356254546105944,2.115530319372386,66.40709282757165,1.4288445010995092,33.644919702005815,452.88628886018694,-88.86821864856675,sport,clear,mixed,274.78733395777795
59.891864726026064,17.477164741058317,10.703391288390822,77.31457878333346,0.6120540334328345,28.377829117323742,321.7227604838724,-61.01996766683027,eco,snow,highway,235.54927251032024
65.05486716109169,19.63562489971557,1.6365120935026773,20.235385306211448,3.7955954779213004,28.644967617406266,490.82361828513746,79.57036676297241,sport,fog,highway,182.07629095419233
47.764005618501095,28.18688825318696,14.567454513439262,117.14775080411694,2.9777464020292665,28.486873214438248,77.98200960914781,39.87583802954177,sport,clear,mixed,146.64231706143644
32.29578905510417,30.31380394039324,33.62327616292695,58.57871473047708,3.0453308462724915,31.385202523719283,148.3739165532597,58.04016480771196,eco,clear,highway,115.98263098236457
42.03754107861354,22.76377225093572,25.603171070458536,6.917123471687212,1.092352155097318,28.334783559063474,181.18382975851816,-75.16635886544148,eco,fog,highway,182.4486696999688
78.20614994179321,24.493713926232488,18.998099026755554,112.47144537334084,3.255841945635419,33.96865013465061,163.27890908365526,-73.00260225849841,eco,snow,city,329.25028230660575
11.295413976678027,17.60901060767799,-5.549841100866018,70.35214118319217,3.82729223623432,29.784001448307823,125.99576507494031,-77.5507984910208,sport,snow,city,6.003589512846213
20.446537645622463,24.096593515327516,24.69960541946378,83.90318375776516,1.7894426536284462,35.51369994631967,221.73285787838893,71.43383286190499,sport,fog,highway,56.70288436984641
14.140237781957747,43.996753181416324,-1.6792857844530076,63.021094792106894,4.006735719808561,31.89123004077689,321.1490616846856,-58.00647826127911,normal,snow,mixed,25.673824287363093
13.665592208707313,43.34122145017445,29.318369298084896,100.16855457323611,1.7439529426601048,31.570606019537614,155.62846144334802,28.630349075944338,normal,rain,mixed,26.338501005873773
86.99145256099065,25.046348704109548,2.5028379255076594,3.9760154631853073,3.790692307546438,34.244309541116,39.84996165712784,3.2332732366518115,eco,clear,highway,369.45944418425637
73.32920734420213,32.12561808836285,10.852436416045045,32.20540383325773,0.16865053728859491,33.70523187114393,354.26626344658166,8.877982374770738,normal,snow,highway,245.2951615996909
52.67564461785927,42.28786173332833,7.523510115896396,56.35780276832306,2.7558230073682632,32.85847232758514,229.50827789063433,-60.91292832174635,sport,fog,highway,155.1376668319982
18.805074458590134,15.1855146792269,32.94069573374284,9.192433957645205,4.847632803199433,35.48117365000296,278.2411530450316,27.0492186907979,normal,clear,highway,35.27284307345183
54.24542876051491,39.32050711012776,-3.672777064329593,84.70880031919899,4.906223003411954,31.378074087896614,227.70032858195754,-91.37989310833376,normal,fog,city,212.7236858498224
52.61245937025091,43.451086583667575,18.28224411923943,47.23960968667689,1.4087628917087032,34.46825340617829,445.1787517274551,98.69445525152574,eco,snow,city,210.95086183668613
25.58816829190137,17.739772030006712,-2.8969195278468884,32.72015883217728,2.206995455401777,31.040743565966547,279.37249858319,-94.64821870145418,sport,fog,highway,75.96800067836253
49.04664843141757,19.84343058098763,25.239791806609333,0.4054616170094727,0.31488953993316526,34.70676539436884,461.63841992587487,-89.96869185682756,sport,fog,mixed,170.03085162679062
45.86542609576361,43.82238908314066,35.25390638972406,86.37963740999444,4.366706538022998,30.07579703172775,255.28767077800012,-35.070516021663735,sport,clear,city,145.73934629031345
65.42650882469948,31.12620430921039,11.730382693362671,100.05711706474341,2.8428607657010705,30.31413658268826,146.29408112014093,66.32507115390766,sport,clear,highway,195.61510057310704
67.15842857808795,15.425899034151712,14.404613013248795,47.404864281779815,1.9255033947025852,33.42295627213963,177.7212935880983,-48.562157644651414,normal,snow,mixed,243.05235241459494
14.077360879484006,22.728959962905876,36.371141824138114,67.70615724400386,0.5638527924457654,29.70170635961437,261.06464679239275,-5.612997241734362,eco,fog,city,50.486159694739506
43.71513531638241,28.49831022806579,16.049569432467855,27.322395111551813,4.733836427484446,29.83323349620343,264.9947189025043,-96.40453376476141,normal,fog,city,153.4346554905428
66.32739241428128,35.787267330743035,14.379921902478046,74.66371755361597,2.6510952391049685,30.44209943213932,343.6688507744744,-84.22413670327116,sport,snow,highway,179.18130661271195
55.28226327220789,36.99481134410399,18.91645513521521,1.4564949978240627,1.4146396454145194,33.431430157283,112.24743609331539,21.59320970814143,eco,fog,mixed,260.1148667949873
87.08408570694901,44.862645387763685,24.4614868181476,58.63726765185101,1.7510756506575476,35.115104739385856,329.42144998275086,-61.12830611011428,eco,fog,highway,375.4138810028977
69.28242684570506,23.62533598151277,-4.6558312456484305,77.30465782088307,1.3534859046107384,33.39654120901589,389.29400419037614,38.85091260390507,sport,fog,city,260.2258182580813
24.664098437328672,31.146603056054257,31.0555263870758,110.18301278756807,3.0090490442849034,34.622513954753,338.29599473349504,57.078235003435424,sport,fog,mixed,60.61843087634157
16.351187266038686,30.99970643578815,11.775251372662964,45.76029805467411,4.6498178789025495,32.348484717555756,240.9140549087954,70.06683989445665,eco,rain,city,34.48472767716904
67.8177350385684,27.169357783417126,-6.382574505125723,91.82282435772358,4.283469016632822,28.55138577076116,495.840325558417,-73.24013240013548,sport,snow,highway,161.74991712645382
12.386017948745963,20.074856815272604,29.309133459910655,71.72244359322009,2.3019043771298877,28.803729692068003,202.4065795646081,-8.898290193615011,sport,snow,highway,14.064610180780798
62.7198023146117,44.323696895515276,8.847498584313605,111.24145355100967,4.132496811505039,32.43513582693532,53.295307289914604,89.41628998076914,sport,fog,city,203.99692690386593
94.62072172824618,40.59951559999758,-4.981625245247303,47.80532107913167,2.1155274063816494,30.622407749136876,410.75210770367147,54.41670848886156,sport,snow,highway,246.11049380730785
61.792676008829105,29.949990848827117,21.688951977162528,38.29144078475856,1.2615357037931902,29.764544589095543,106.1006094402091,-76.60792363077033,eco,rain,highway,259.0674991995908
44.935293358586975,33.097362680520895,34.006567671682085,106.45703984329725,4.91707557633214,31.730055418420967,356.64278645122107,0.5000490036788534,eco,fog,city,178.6832249251208
67.89593965981179,21.81783160678987,34.387675470699314,5.909328168994694,1.5194378398541093,33.331973927234415,89.48814135756294,84.47611636776776,normal,clear,mixed,283.1829859037763
51.2427601442365,31.313612111752406,37.88317374044866,16.366247152041215,1.618621154934542,31.07993558188687,8.43869542896969,-11.992238895362831,normal,rain,city,215.35818703270238
59.105511038434145,35.84910399364428,33.3852729883344,9.888532150085334,4.948464338932611,34.42033805725873,79.89930189451283,67.48352176819375,eco,clear,city,267.4341250544597
94.73183278988726,30.455010851597663,-9.892954032726239,101.17319478916832,0.6696374658282744,33.90818597257115,188.49434828791095,-0.8312557622885492,normal,snow,mixed,340.01808313616976
44.74923740206968,44.70855511754824,9.01205832066951,1.272890804438327,3.8026699400484754,33.87931905727653,53.30912356489914,-78.63766455084927,sport,snow,highway,106.00855821605231
96.50715074415228,33.340249687431786,30.927128995275154,103.39885865964578,4.679063792413633,35.881517517419105,98.83954211784102,-70.42901478809853,sport,snow,mixed,274.52768828818665
91.48155777604573,26.12921137776507,8.31265029992371,54.152135444552016,2.558974971377093,30.361839818973078,382.31313884219645,-90.66484943836406,eco,fog,city,454.26941948242893
27.62120213103668,38.164560828475146,20.077425318985306,0.4830334624764898,0.012608808514100178,33.15780469072716,384.94180398856537,-60.9370518848871,normal,rain,mixed,115.73946104847731
16.24251707876489,20.113875347449262,20.3158473687266,48.19742126544502,1.8752947205655313,34.84382672128251,408.74411359548833,78.72281997408683,sport,rain,highway,40.187877694572364
19.070020123968398,26.535474411187998,8.251265201941152,22.41610092540427,0.5578449619241355,32.63619547131129,420.57761827379625,30.039609188651326,normal,fog,mixed,70.39100269301711
11.639964308639476,25.408768511327576,35.22369636406438,74.92805849665956,2.0809383046684786,34.316017408923145,210.2179473068777,47.77138697658222,eco,fog,mixed,37.041336260989844
18.499866468033556,27.95421285323332,15.161417269305879,81.52305479059758,3.9501338082114232,31.315617486719297,433.77483034676425,24.332291678665555,eco,snow,city,43.441750772414046
71.47060960747211,38.45339477786179,13.23921029687504,58.50330844859998,2.193557744419002,32.723930765238435,262.9684375070215,-22.692141572330456,normal,rain,mixed,284.4130396408396
16.40697836142061,29.525190964902222,39.87568728309479,4.862343052760396,2.1596256067296125,28.445331142434625,235.29855846800407,-56.62777344079968,eco,snow,city,46.02443936247177
38.70780672643852,38.82043350797888,14.675018203630835,78.73545652406423,2.7839473845942333,35.88614084659851,359.2681644978879,85.12291680196614,sport,rain,highway,88.88554037457871
86.03877798725091,32.29466709419597,-1.080087403570948,101.04465403266255,2.908452923738401,34.400147851587334,106.9092056799536,2.9659563116043017,sport,fog,mixed,304.92197955534726
12.094474216224327,25.26208303972666,15.653471143171902,86.43891327916818,4.281481543994857,34.9504725730516,394.748688413736,-3.7800237584121277,normal,snow,mixed,10.699816805944012
83.30216343300422,39.29936231050417,30.7008367759965,99.59495027463822,1.5417771961447575,33.55435422514357,214.73291328310162,99.22081771870916,normal,rain,city,352.6360655246209
35.36692972960599,22.148690116592746,28.84301634491407,24.061142826106497,4.10835632184008,29.488400262469597,63.647707001880214,-23.21400232230468,eco,fog,city,142.5221077411338
20.634834485949064,21.731489393993865,29.42908825542355,106.66655275877791,2.8296687434602363,28.248227539344256,59.65595675848378,70.82506297844782,eco,clear,highway,71.64046738911304
72.70634488277355,30.13508772164507,25.40118919989559,38.66321407775553,1.5026477485857348,34.91725286188811,82.45337192335006,72.46881206337125,normal,snow,city,274.6897746566668
66.60485621018955,22.82547737886267,2.71089145333441,1.6085777102389232,1.4756302200303857,31.170645229888983,445.2863671218912,-53.465957928440886,eco,rain,city,317.9639218992127
88.97248121743476,15.27261104853649,33.10420429201157,101.20699755948849,1.8056875855286225,30.11091900831936,495.46891112952375,-81.03206152996758,normal,rain,highway,315.8940859595318
76.15639394234972,34.44892581896404,34.67217326881325,113.0185522757672,3.1134662130998776,32.49338367071155,178.48689960064175,95.12402314317285,normal,snow,city,268.6392520317166
82.31328373463637,30.33281464417194,-0.2923651690725464,78.66698369008185,1.1540586567997457,31.367188179805755,146.0719261026488,-14.820627172886617,sport,rain,city,303.31708214565396
35.38311153141758,28.365534434794835,-3.4772181724303044,27.77239565561096,4.601667808361337,33.213327965500454,109.38548629716865,-99.5559355979609,eco,clear,city,143.57252748700097
25.969558940175055,44.00905543854946,38.780248429455604,30.20933571390365,2.8745629208895016,31.87034586443611,411.90823858362273,-0.1964332342082855,normal,clear,city,74.30511408812825
77.55532764767725,32.135975518887406,33.41619818251839,55.99114481227434,4.600078884980034,33.577865123522166,104.60374120943806,23.860072749490072,sport,rain,highway,219.5411360423466
82.61512653405376,40.90294733368154,34.661807360497335,107.73972955217035,0.23202179289577352,34.827386156073146,462.0450649651349,55.21764948960683,normal,snow,highway,273.02327019880113
99.1454627800606,19.183507086154805,34.318819231219756,17.951718737707004,1.7130568523073668,29.564456087646313,333.67518948564134,88.58842364472773,eco,rain,city,472.04369997708466
47.135590922028385,32.07619389388283,17.084341201686417,99.11684035001844,0.11403830343811538,30.635463044523895,448.5638958345973,83.0341257890926,sport,rain,mixed,146.48275236034937
43.481627721350485,41.03938880192709,22.320086833289984,34.95633704461804,1.361259075489849,31.49452469256511,277.00492719707313,88.0271640109737,eco,clear,highway,170.80749236060848
79.87716646677971,32.49317271839694,17.268142606682083,97.03034033149174,4.310032361342941,35.696467584221104,345.3399310912484,-93.57497034810545,sport,fog,mixed,266.25098438696574
40.672318622771606,36.54042534381004,-7.439682540483546,110.43254371218464,0.18304857921100426,30.922668908379883,309.7290503288538,42.35482676609354,eco,fog,city,186.0850129593859
93.76815930432082,26.16130703436622,27.275154267638634,51.29926463931842,2.1807354995787245,31.048798796741035,415.59772816189843,-54.82840743886268,normal,rain,city,394.97552421273855
87.25714766587106,17.773485511112,15.266601666794013,43.8060784926637,0.5878353523661389,33.22778018367649,417.93040559294053,-62.4894625588692,normal,snow,highway,287.45069454846197
48.609462463751655,28.737008853812142,22.38545373951149,96.26655827655621,2.0842032963018386,31.353597679119595,294.89649992256255,60.06371371985006,normal,clear,mixed,193.65146220048223
77.57839610123476,26.834381725165727,15.131990248776763,63.53794588552728,4.194257921321887,35.60978996511684,316.25382466488617,-16.574062165424024,eco,fog,highway,318.43482535317827
77.90885866762142,41.01180547136842,14.590566116122798,82.13388581558365,3.115355167012596,35.155750083803554,460.937960248915,83.32001515646715,sport,rain,highway,235.82772419467466
19.281148195233936,22.319859070574168,-1.410544526111659,74.73950843534155,3.683781726657116,32.107270222205386,464.9332419824847,-91.51298184085867,eco,snow,highway,41.78579351824644
91.229761601161,44.00202682605324,3.9356857570574473,18.34666147737556,1.745520577247905,33.1582018715828,332.1248919475908,60.43616589743263,normal,clear,city,400.6950117064975
55.472713520307146,43.74414359413488,-2.05736540280221,101.3748432347474,4.721988475050708,28.464244495068964,3.877139086581771,-72.63311774348087,eco,fog,mixed,236.62513256857957
84.38117194969675,22.42894929214316,-0.21668521873287894,23.493013369576342,3.5463104688975005,33.56584422425919,52.2056073769705,-64.68455968700312,sport,fog,city,310.57598417730605
38.804464092755055,25.441558664319615,38.648869021015244,111.8738572884937,2.1089940964226543,33.65760698359226,428.97126588720806,-4.529656895100203,normal,fog,city,141.30013446666112
90.59709056465805,41.86667222621655,-2.3443277113900782,30.068554970657743,2.1323240011352746,30.873594365145664,42.35705818540075,-20.882011825440088,eco,snow,city,398.86942369545557
45.02815108607468,43.99866662688322,3.463521215260382,88.06571679284903,4.593420889716488,29.75746306900218,106.7595904275332,-2.765538774265792,normal,snow,highway,123.46186076768464
10.975388633226853,28.30317308508132,19.529482886929248,34.15864721923104,2.882023467176959,35.32062721453613,115.2733401108259,88.00530440621102,eco,snow,city,10.170331503049034
91.48437787773373,24.629911369226935,20.508928811832092,38.13424903042367,3.5318960495152085,31.413639206441022,300.1173848899524,31.477787112714623,eco,rain,city,426.4688386436862
18.21580091075202,30.78282039754626,-2.301293512808547,37.20022233387664,2.085176122565854,33.22964883841369,288.3163989418821,-41.93812363159988,normal,clear,city,63.48466643007209
38.73822738313734,35.63307619097205,29.685871289260618,89.74707048312999,1.1184638238235705,28.266630359810048,144.70876171020015,-65.418257536431,sport,rain,city,143.6748493445876
95.50557703457244,23.204235461249393,29.26014339564125,66.81781415632717,3.617796459972093,31.31253733261469,103.80568278422142,-15.990744973813278,normal,clear,city,422.3272246738865
95.55464322438004,37.09419523857218,1.8658852101945538,105.95429470169965,3.0391188607069393,34.53807048811104,382.2660149287379,-9.671794546452489,sport,snow,city,296.89385955921784
61.60940993109575,16.549720713439232,4.433315133773023,36.88472630448538,2.506714402123897,31.10060800320572,467.7280778029881,20.258881979903236,normal,fog,mixed,235.61674175992843
66.86534909528194,16.478834782932495,36.89939327297485,83.03910264680933,3.120104699972319,32.82528928109502,26.40283995821935,-46.79945929204641,normal,snow,highway,212.25654993985674
50.36009697804878,26.588631154366357,31.2835722989739,90.35383195957328,1.0414279303211682,29.678846403876314,66.59023135243142,53.50184941936337,normal,rain,city,196.79472293596942
36.388969452825805,25.604195761821618,24.889851653126193,18.17785356359498,3.9696935326597815,31.332205190716476,321.0819943528537,-80.30795090412369,eco,snow,highway,108.25911540389585
39.57980908329243,24.46899646101457,-5.8883389244699735,48.07072287837734,4.740814025101529,35.42110174442549,402.2207258357128,12.090672720130897,eco,snow,mixed,132.3335361825643
70.52666104693346,29.7305928800673,10.913204045128786,57.93809932204933,4.455515720838513,32.5316139976083,395.5943343881998,24.70633064882226,sport,snow,mixed,198.0786947717856
77.7137076493912,24.62200746934714,17.96509360384135,42.68248678732492,1.6071787265350856,35.215451672743455,359.84157654134464,-58.633683786970934,normal,fog,highway,289.9340028553562
81.24211393532637,20.767737554042757,-0.6294356008111528,38.653511516296575,2.0300288664103796,35.21615439591635,443.71397724904597,65.20227009992422,eco,clear,mixed,380.8074346158214
81.06563285150985,24.284086472658025,12.411329105411227,82.37038727971704,4.042011498987806,35.55318240339584,108.67443978540642,23.086425041535506,eco,clear,city,402.5044858667967
18.208549274382133,44.247128184307044,20.0512938744345,25.903967719138628,2.975585654123019,35.16313328064084,53.64547324597358,29.14444292959456,normal,rain,mixed,51.24896903106791
54.49782742323233,27.333402509845456,6.368834005769962,85.12688943013545,2.739572218383246,28.026249032082404,307.68148504568416,-0.45129884731230163,normal,clear,city,224.0554760260555
15.180288401497986,28.34138330575007,29.047240947524358,112.20530356688766,4.633209837667226,35.47211913265278,411.1379457617162,81.91884343526769,normal,snow,highway,12.101484597791043
59.4575994091362,32.2963496985342,32.022479081940276,67.82370254133014,2.6801248048852537,29.09967551268301,291.0217892402866,38.78551629752488,sport,fog,highway,176.9543354705948
49.73774512360393,44.5002230524268,6.1804734717035394,73.37210840873689,2.5746933979365494,28.319410008889204,481.4987437294531,-23.63288702084749,normal,snow,highway,145.49191014546477
89.89337644824698,22.24803829307289,31.932857724622856,8.27192425489069,0.21009295633179825,28.44310827662442,397.78223069589467,-52.27882244318276,eco,snow,highway,339.91310145739885
41.58235112968708,35.43846331597301,-4.821171694849249,103.7372284341394,0.34708479295068817,30.79132956141147,350.3959004546304,-85.78766503530255,eco,rain,highway,163.74717543129506
20.536031478484528,36.47954080625172,31.886454931132818,34.25373446398386,0.037101539403250894,32.96643268215035,30.128645435866797,-66.92783256392809,normal,snow,highway,74.73750528314166
22.869251384755227,33.219732503791974,-2.3624784166191706,73.80613986342779,4.566221128918168,31.21848957215198,53.87111936584105,98.53659041673194,sport,snow,city,44.62692732372756
78.5359568545725,17.657350189099322,-5.853642374513698,117.49346036937628,2.041933300088503,28.204434277195034,392.41881629559714,-18.646620801671958,sport,rain,highway,231.86252718100397
65.6396256984635,35.30616827482729,22.088770222050563,71.46031206873694,2.3428068806670628,31.81186107339772,99.11896278851468,79.73744545548135,eco,clear,mixed,305.36928730953684
19.101040851051124,16.922841331085266,13.596868287764718,86.96513849572531,4.22693473796231,31.53704593816304,14.417588039495277,-65.88612862294711,sport,clear,city,49.35470485796767
17.569612550349767,32.88427948649691,35.39453002064164,53.438354186850226,3.04623155187889,34.05479412401318,455.38034287348245,-14.927825731830069,normal,clear,city,45.29465382333104
73.08722183132079,37.187435316652284,8.159459804542461,7.243901221806883,3.0475079819529056,30.236903187403506,445.40268685061704,92.10369340668973,sport,rain,city,249.59199365309763
16.548670572777418,21.329096718598514,4.357613171881434,95.71192193877462,1.4826721467740622,29.740249390354936,109.24191361574593,-81.77354971614001,sport,rain,city,46.6206259676053
83.96740533613206,40.24866022628322,15.03674530720992,4.19986095167828,4.169541869622596,30.04751166141301,390.1031290364773,18.796856762500553,eco,fog,highway,334.770654315401
73.56180044408467,15.910614165990127,12.797309288433066,84.0789394665425,0.8291498801974689,30.429918581038784,23.989830605827546,83.83438013926042,eco,fog,highway,317.4964023668511
17.32139025777098,40.314385909749184,7.221402310859414,2.750588777956433,0.2657479608647395,32.79331898693733,142.52900191163152,89.93667459085012,eco,snow,highway,61.0482080528475
17.635394267667273,28.80987151928295,24.687064934916428,103.47662838920047,0.9580167875926615,31.77220388361664,311.83345412831244,69.20149542235515,sport,snow,mixed,40.491937430578254
98.7975620651058,21.527638197949337,27.97809169569541,18.91632429995767,1.3386860938728233,30.695156521432462,381.5894980791927,71.1868864720299,eco,rain,highway,413.0554583365615
43.68437161805083,19.01334434981904,32.649198451506834,61.71257945310614,1.4115552892710337,30.99451326626943,5.199594394094786,30.436590823493106,eco,rain,highway,175.70800377147273
43.357793236020186,43.599215027471175,38.642830235517145,71.65808453797769,3.352567993093838,30.96738928127181,163.10430663687202,-55.91537838100149,sport,fog,mixed,134.74682509543115
83.15196105317523,17.1799676274347,3.332809606625224,54.90544888480945,1.0891229366432176,35.77925355768254,107.17278003183701,46.13570889698394,sport,snow,highway,233.81186725651017
95.25237196454728,20.97280259807777,25.804674124498078,40.891618721866465,3.3832915224749227,29.86397590442362,499.3902028743618,95.67689289174464,sport,snow,highway,245.0327961045889
98.74009574405838,25.43467042299138,9.712911774787262,56.1377155417166,0.4556608661689987,34.54449248217807,335.4911161926175,5.186702934562163,normal,snow,city,388.72458111697574
77.80403667330475,33.60704546883362,23.854098597555407,37.36989046573905,0.7360123054895451,33.66568670070549,202.8357264398719,-47.86052818461977,normal,clear,highway,308.9518539708691
43.86336269778242,31.34403255828295,13.799084517461015,52.57468164970358,2.5441072424549747,28.044560044828405,37.82630099034251,14.694213552999557,sport,fog,mixed,155.96003834588709
17.51506450288019,18.76930477236942,39.688655138396584,43.06955891976368,4.609479012883213,35.9454097450039,299.3351287534819,38.12207124812329,eco,clear,city,33.637637099025135
79.94322243346932,23.691839512146437,26.445106789537498,67.94457882085743,4.29783794405557,34.05151496506859,320.8507354680321,-58.343938115117375,sport,snow,mixed,228.2464414195947
60.256382476222456,22.162553132580722,37.62456502171622,28.55089946939802,4.843767212214016,33.45959669080633,408.20296375156755,43.8378695218845,normal,rain,mixed,208.8870149009305
48.17998083222786,21.40628563471024,31.748477474059285,118.6387865896815,3.2523953263908547,31.2425976614131,144.28842645968177,17.486571776878378,eco,fog,highway,177.23670432735673
91.57189465852623,27.33433009439961,35.145050558168556,60.104394405859864,3.37907433208046,32.44162471131432,490.71404024004823,22.469981829610447,normal,clear,city,384.80618555297247
20.00777340755362,36.120943577749706,30.72095986073375,23.299449289741155,3.1251149946574603,30.02616716533976,219.73286965697474,-38.80241405203317,normal,snow,highway,38.86230390782744
54.336259386177325,21.523587966517077,12.95795651879557,57.24800994807269,3.1140946142909867,28.28386724116558,147.9718773297468,-68.94663797775976,normal,clear,city,223.8210029876681
11.021828029067716,26.000366391089443,2.5894226673442198,103.9698155429789,0.7356017253379232,34.688173267567784,174.2246670007289,24.689979061131396,normal,rain,city,32.16289039841008
52.17945777947136,26.72752280523487,8.51600877252611,2.6168151749274715,2.7186947808196433,35.17187594944937,259.7930264835619,17.24659783051436,eco,fog,city,239.80137273676985
15.067294811365361,44.293695883062306,-8.988188368002477,81.54649429287466,1.9303396672586288,29.29976509291392,468.35078225356364,-32.39756245723902,sport,rain,mixed,24.915028927349642
20.693612464126474,43.63999070637207,16.19965837323336,65.75613561527136,2.2126860788864673,34.29644876676586,367.57939895970026,-40.82126649082256,eco,rain,highway,54.88266740802432
20.577362209939437,39.00412748256228,15.252890013520435,20.34695932441626,2.618002865296187,33.92922138628527,288.55482473189113,-30.551107667543192,sport,fog,city,60.678083566241675
68.42892719044572,22.249767624575554,16.26252324152441,98.09717271659048,0.641980859011258,29.427000015488723,81.40519398993091,-2.023332300235964,sport,snow,city,222.6989872821396
77.1440391338881,17.04111942275009,38.70156124860319,44.266154684880675,1.7974386692605993,31.37463042059835,74.67665544543584,94.96394702223225,eco,snow,mixed,309.192231375747
62.503188858744366,24.507124131618742,35.57270017274197,35.25624345786089,0.3172478043830179,31.382063366672828,251.09845690678202,52.71292440524127,sport,clear,city,241.18663953982744
96.59552936270877,23.003836483014926,-1.914361083494601,99.37502302282812,4.898340652111996,34.07971406644199,364.3543523008246,70.34794783309769,eco,snow,city,391.03995000098
43.73835215713336,30.177774004391814,8.444126077794458,76.62300554299975,0.5926401441006307,34.701287246208445,375.50608637755505,1.129913780706218,eco,snow,highway,160.3358131540989
35.714087765367466,38.33183730203379,11.197808973163095,107.79109004097893,1.2926236927247725,28.758200971130968,112.9571919381292,5.2247223557553895,sport,snow,mixed,104.06366128823812
88.17392153705143,40.74968816636574,8.026645892582387,75.58604444054393,4.456464633516986,32.50375387923362,50.04975642362663,-59.13506771259447,sport,clear,mixed,314.11078669638715
30.123625466750738,40.34592256231525,29.92479818019565,88.89811895185383,2.413550231195709,34.093987975431084,192.23049462689474,44.20916726021568,normal,fog,city,105.01642794482491
96.69002854965501,25.790266836692034,16.201883493379345,100.37350755115354,0.6781860076031515,34.28952475252127,459.08627162203715,-15.683198841872766,sport,snow,city,321.67610184305653
11.09390272208347,35.617030303820485,18.604990848581252,6.5687563091924295,1.9211526901967446,29.18394819544327,272.6836263346911,48.48937176354224,sport,rain,mixed,13.513583460807244
97.28909440368751,24.3850259257266,32.650677949396275,93.12587506432564,0.5793399709569291,32.204041145206354,160.04988341588717,-18.18892373747491,sport,snow,city,330.2528475165133
13.884392075551851,16.82716629705548,30.296407670767934,73.64477782194922,1.0010799854225088,34.86046965090162,161.81883416956083,-78.29656255721838,eco,snow,city,51.155286495807964
90.2028802328264,36.046957968088265,-3.3894238589850154,8.340935581823189,0.26014923474922513,30.548148612682272,66.04352261109247,-65.38926244282331,normal,fog,mixed,388.9559909688522
57.49309981776699,15.294826577093636,25.695729204181717,61.02935062424581,2.1911374727454995,31.400935191294376,236.61186805307898,62.314015614936665,normal,rain,city,233.994371448715
99.36683165073703,27.275477623754657,11.771806445101777,9.894969358074466,4.033180608626299,34.43486809069066,395.6813392574192,-48.27670208821348,eco,clear,highway,427.5825898168036
16.641690826185897,24.881378079062273,4.732445153125024,88.31366420678668,2.9298458934994773,28.7145561694701,484.2793457636707,-47.12911548658614,sport,snow,city,27.16753304303612
59.846885596118874,35.801326155565576,-7.499058954890683,65.58020566774597,3.031726527423059,34.875946319111826,250.7974999789877,85.87361800046628,sport,snow,mixed,165.6339242522527
97.2372282057189,37.98736418281137,14.362478017272547,114.42882448947569,1.0029201504162017,30.48925373384647,83.60745792134422,31.52712457336989,eco,snow,highway,364.6554746847884
57.078805975313394,24.122839079138515,7.7718340362265685,21.97624458861238,1.7194692162618326,28.011602532729018,341.4751999014323,-77.13848922312874,normal,snow,city,203.1922838628116
66.64587743217362,39.348810433345605,2.575651983820041,72.72401430244541,4.22621051920416,29.873273160450864,378.39567137264766,-71.28294597361315,eco,rain,highway,254.91924446115277
72.61738200861555,23.81750281514801,24.73358647984788,25.38985614845896,0.4392809216325727,28.716005127164053,35.8498747115511,-45.52651345594412,eco,fog,mixed,361.4170493613245
50.90869582909959,28.389790799596838,28.47426936577935,73.6877981672878,4.2896532683426685,28.739079255969955,425.0695648156144,18.79913756532656,sport,fog,highway,132.56798318999267
66.48022720756572,36.81055581042402,2.23947595147124,86.71796428330278,2.418450131323928,33.542685873140734,414.6611949979287,50.56509398113457,eco,snow,city,280.2531399752478
62.58828807307902,35.78760687674365,-7.527628166032637,86.67651951954463,4.185737156625587,29.711810685112518,236.27052701955898,-45.1007113093606,eco,clear,city,280.87485023324695
91.10422094418901,44.621054169366005,32.43763502826175,97.80887888191319,1.5900320969720017,35.47793890381586,280.21125930793414,74.12840748299288,eco,rain,mixed,416.8755470719205
14.090174230731208,21.754830726477955,-9.502012939784834,102.426027354998,1.6942147579151041,32.13155637273043,356.70403185545956,-78.1639642231703,sport,rain,highway,30.22764019337396
35.28668706330073,34.869537406187476,36.8556246960736,9.272607152061244,3.7580243416157137,31.68078606363935,338.3740625314297,-58.48016639136409,sport,clear,highway,91.14011067633443
95.53703356689029,33.29045724827332,21.380993699135296,41.19205884868849,3.924980866961101,31.474268145761215,8.267989096604534,94.09298422857552,normal,snow,mixed,328.30609146387934
90.12374055018248,42.4529536347009,6.092331760066013,82.45470244317669,1.1482233899507337,33.540701117373054,61.21765192424289,-73.05102726926847,normal,snow,mixed,337.6675514243159
51.009107750714165,19.69086424934625,2.3238954788368105,59.83035448694545,4.8643566241095275,31.618102100188867,81.29527789062286,77.62226154476218,normal,snow,mixed,157.35668790981677
65.8119338021383,37.553944907607985,-9.549716786776237,22.881113610574978,0.4224505212241447,29.028802849801536,377.8379445360494,40.78701508081909,sport,clear,mixed,235.6362024944206
34.96430646830194,32.04805848806305,1.773570850543857,66.32514842000376,0.34251481551065444,35.04137744512605,220.04178144619002,-85.38258187165866,normal,rain,city,163.25093691269737
26.930904375138518,23.23997609363716,-3.1135849241429447,48.892278331937256,2.977521076430514,31.42716279140527,272.75131319341256,-3.2586342200112313,eco,fog,city,103.30900979769724
51.7328564445984,29.233047424415222,20.608311036157282,46.80459331851661,3.613703838858107,28.59203660559602,386.34371844774205,3.795870628961268,normal,snow,mixed,166.0099129649402
41.80170052234475,25.013297912093932,-1.6727205703099344,97.17044609227966,4.804430646124869,32.23492789998209,170.4911345320454,86.42792628316752,eco,clear,mixed,149.5384500318167
62.529050066578485,32.37940208365383,16.431491876830965,48.91180005986175,2.024728903994308,33.17877486764563,374.44511365938655,-15.779081384566254,normal,clear,highway,236.2129615005754
16.996117326848633,41.67001832443998,19.50582111722354,3.1745406576508994,0.12645704494816556,30.204659713262068,221.14963731477982,-10.647276907144814,sport,snow,city,52.86059122277608
97.69553268995499,32.07914953236606,4.902084917345725,6.967600666930953,3.0144816972320347,34.40272326139074,188.5900938871033,-77.50324904272435,eco,clear,highway,428.9096582835074
98.75896700316426,33.95167254979752,-8.246752549064064,102.74928500299443,1.4484801029938592,33.35820676829891,166.51863202737005,27.834512687532495,eco,snow,highway,364.59213586934277
72.83455426177707,30.562435413441285,-8.137305969290194,115.27209720150256,2.164735605977011,33.20272935411547,482.47240774619144,-57.82060482218068,sport,snow,city,219.26314310928387
58.24867297097084,16.53496519336428,-8.682633390304119,82.6091203746849,2.4423474112496764,31.366599622942353,385.9867053544894,-84.49334835525863,eco,snow,mixed,224.0600940928006
37.8574854657695,21.985756706282828,26.956233356827312,43.724195292009625,0.32256305369016913,35.695322411290306,10.097970386764688,99.3838000141588,normal,rain,city,156.23864307936222
83.24155177362537,29.760051882962482,5.900485240714907,112.63203789536729,2.429908922820514,30.19351334359398,478.7077432591009,-46.07407440743896,sport,clear,highway,259.4500655233851
71.62580552984913,24.307058512341143,29.81500929838318,79.5363703650883,2.131598334021574,32.621644008123624,387.7198148633367,-71.78936697423921,eco,fog,city,355.05696627307714
24.63552454104022,20.452907932835828,11.586641192142459,101.32002590392052,3.562721326432966,30.47244125978094,74.58735722712778,39.89807491943526,sport,rain,mixed,51.82491546319679
91.98344660444582,30.12398525755315,12.64990504149819,91.90227648444112,3.2283295560617233,33.95843802377243,38.16906270565856,64.33643118438036,eco,snow,city,386.1849305882592
84.0283518630852,24.68429380343551,15.644130125478686,45.49671789271109,0.9260785907528052,28.38233187096097,154.09704682972668,-87.18450137473066,eco,clear,mixed,420.4102492225901
95.48199219627317,22.74322929520244,25.6515728187552,57.444264102094266,1.030694591051985,28.367150943000393,312.0907646730309,-78.92133850604259,sport,fog,mixed,354.1465881342191
75.3147557549524,28.919562523211425,3.6751432914853535,22.33585852417194,1.2550308938718664,34.48688775615033,308.2733445747337,-81.96523528359083,eco,snow,highway,283.0082882708578
65.20736763422109,18.998527742465193,-3.920632523323655,35.04169205288809,0.8947522014858866,31.47414528850937,137.92506257461022,-90.60813933549775,normal,clear,highway,253.82228105053758
47.6418732661557,42.83237199226222,17.802866759573075,93.3750793543826,3.2860659983423357,30.729440436802847,222.8374893287089,31.891295726856754,normal,snow,mixed,144.48268700193148
93.94556350186119,41.031062937577175,6.348881162136962,107.27740702597299,4.972150896001352,32.860214897402706,105.94507785686774,17.66263794787281,eco,fog,mixed,417.58791442607986
87.94575005503675,36.22861757221606,12.124565683401869,86.93525079016942,3.260541702579683,33.61519475095179,25.289342583368736,32.561331311986606,eco,clear,highway,371.56311594439785
14.069680309557047,18.186414827653685,22.34733541686527,55.8208435987966,3.033407730956456,29.609610774755254,258.48523371343936,1.1334326548362128,normal,fog,mixed,34.401766172074154
12.37302770475268,38.27631763409079,14.70628705706353,10.381112272769704,2.0496396667553625,29.483449931237853,173.49556712601904,63.50153708111631,eco,snow,city,22.61400315036172
43.881703019024464,39.23871984327057,21.013940855042144,6.833753843813786,1.5629012942988036,35.66520598207905,271.441216148965,9.333660499715094,eco,snow,mixed,179.84960490215258
82.94979977036496,38.03293853143013,17.21000010568139,44.91906775354246,4.555368784532396,32.717314451076554,473.2536612352258,83.74938695992498,sport,fog,mixed,268.9951978260448
98.854851638345,18.418976613577236,26.98981859680496,55.65860625211957,4.845009370710765,31.120931818354144,71.68515584766055,-2.8702934992013382,sport,rain,highway,292.8732417703308
23.537520199317537,34.317238712032946,25.296830885581002,73.09447466559563,2.483880877938639,34.41153355735605,0.9810091554776634,58.13173224231974,normal,rain,highway,75.30893809257617
63.47176438169216,40.02974387248196,16.70949459043096,0.7787425664396652,1.4510024775327874,32.201271670223335,38.439106641062594,-18.52792926327318,normal,clear,highway,260.6703258647873
44.28017709679194,32.32060203659003,23.945151042985344,118.76674685595677,3.8506110383488386,29.933302482996652,231.3541480508145,-12.955221044711436,sport,clear,city,142.83956915527304
97.29229580331429,34.392221256842674,33.67798011363064,43.67266600848515,0.6622839543343922,29.65388244513259,353.46601490116177,69.79840904758336,sport,rain,mixed,331.3045365156978
85.79070308221378,28.750904382789187,11.613564389408431,101.77135965613456,3.827941188218408,31.174874129358574,290.3818016585945,-78.46803292846734,normal,fog,mixed,348.7818052850158
85.44958342400241,30.86121959652158,10.638153637439682,64.19600467984853,4.0947418715566934,34.87916688207903,247.4473036868735,12.983550996641611,normal,snow,highway,266.55167223082105
52.18238438154732,16.031305750551756,28.212281042619004,15.652734544001579,0.6245197231358368,28.49158332835407,176.9815655462062,45.26729355575711,normal,snow,mixed,196.64186843025638
47.33375521038987,34.16889065919854,19.1276918520997,95.70786630414263,4.884307343982819,29.748208006038105,154.9870857657505,50.08412308341073,sport,clear,mixed,136.30780725203942
34.60663647376356,17.443416386734775,-6.449660988870573,85.17924899038513,4.927561451942392,35.14521455082073,188.14308755249004,18.29870543399508,sport,clear,city,100.51520005478054
15.073794698583441,28.050437830206704,34.60560078455407,63.29233019150736,4.683597396636756,28.973876551754003,305.81747700453565,-10.38710316809724,eco,snow,mixed,20.725401318333034
87.82501386295479,23.779652930022234,-8.460844888117993,61.7463709600536,2.480174047031322,33.037005746113344,83.8769779327681,-47.84351122664845,normal,rain,city,381.2402075882038
83.16109082170698,31.36283850635139,27.419817810487153,10.497552690111366,1.2303707113841422,29.708090944968202,385.68104152731286,81.88524707082445,eco,clear,mixed,399.90927628783595
99.97459059575175,19.002490065696215,27.93970713521564,78.70187382886489,2.910046404409565,32.846934780095104,287.62662004655516,-26.042410495734927,normal,snow,highway,337.50077835752046
99.69731533665149,35.74930205919955,37.65555426409652,109.34941869051598,2.0996691923571786,31.064833334753857,134.5781888057138,59.79841770666917,sport,clear,highway,320.59834192947187
59.988853504236474,38.85034610785411,-7.293279579883962,11.189390306563002,1.0297432235859856,28.813415171447936,250.57648140564186,-93.66687740747275,normal,rain,mixed,242.6158079663265
79.20886736624594,19.900633492294695,19.842843039224547,31.621374077868587,2.118382048089238,32.659800540432855,481.3893438425832,-53.56615706267818,normal,fog,highway,301.10715696392094
95.02891568941853,18.129392620556466,11.392028531352647,108.27695681305185,3.3194491783879525,33.464341976676685,10.245764572597016,-30.883041423175484,sport,clear,city,350.697377060396
86.46826516096704,19.365464483620777,6.5316477429771,34.121269178375194,0.3545665539299553,33.44218095172642,99.76132045061459,34.31481266204085,sport,snow,highway,253.1981146057525
32.26132915688779,41.31382685695505,-5.484071985046349,78.47324066159116,1.6670900072300827,33.09627527258168,224.19011995163902,-36.1338385676218,normal,rain,city,120.93567367822021
50.54897217790842,30.845677852690685,18.132705983565458,64.17817979317729,0.08897445006412597,32.001798247484366,319.21986088991406,-91.72723983613858,normal,snow,mixed,190.41345795254216
21.62434736363455,29.01782988022508,13.952036283730681,71.55931260046344,3.7474775273083782,32.155780934874606,106.11413314274259,-65.22649678919679,normal,rain,mixed,64.29534463189238
95.86459245328501,18.201354573070628,-4.772277092448787,49.89466818927038,3.203456338083504,33.08512087846368,465.7019741880981,-48.166929526134794,normal,fog,highway,350.1225642960083
64.5557171005792,34.486680202708854,20.62447535485417,35.998976466445335,0.3133606735098293,33.52207489397313,321.28600621232107,-64.7905040128362,normal,fog,mixed,281.2383381637599
30.577852495311646,41.039987756852696,26.897656012646927,5.824014087560276,4.823687798009839,33.23901391065108,438.71597447821523,-59.25508797177332,sport,snow,mixed,62.74268748231063
70.4530615965271,39.84557607970359,28.363915052682415,89.3137127152997,0.11310778563550339,32.69556451930762,164.65896512515926,53.79138813467088,normal,fog,city,315.53374776459265
65.63154164121062,33.78164126942404,35.26865941312137,89.53121546330722,2.949803232380443,29.246711878432947,414.4769671533148,-17.593271209907968,sport,clear,city,219.54649320859153
42.23464462295564,17.258361499550208,10.47353709443886,80.48708880944679,3.881837308995279,29.684932307942894,189.10960844972314,-18.964151066414956,eco,rain,mixed,172.3071395411795
20.220183297966614,18.371910815280387,37.65363843110685,77.23605457435447,3.939481565223615,30.08179216828279,126.37588623060248,93.32126733189722,eco,rain,highway,52.369018094410265
70.44158760335196,16.47926961329474,33.2714702541343,29.246055860103148,0.17142567796601893,35.35729325670002,455.82766958189654,-10.659632411159947,normal,rain,highway,262.094651131524
56.827693081341394,22.724376494774077,4.8250785511969525,2.681392051954945,4.532075663202196,34.07516073437573,46.10923783942727,85.53162650647897,eco,fog,highway,207.75296255335522
79.50865525620753,19.06984401481133,-2.035848132527076,97.04584762625277,4.592258359635611,32.422934556295026,471.4443980282021,-40.18738035666394,sport,fog,mixed,260.6023160828304
56.814715100079404,22.801441207573017,11.769469806400672,58.93662428349923,2.8069518657718633,30.016455428352373,229.25760293380276,-19.87474801916538,eco,clear,highway,232.3991207764654
86.69633502866861,26.55174167156885,10.09493539779833,36.8205756843142,2.4104159944357306,28.88713218595337,496.31273674293084,-20.743328786507576,eco,fog,highway,366.04922662867784
59.6716154897037,43.28948352213407,18.785965266560215,12.231828813668407,0.22433731531299905,35.190073807839795,269.7973268675144,9.215766462928883,sport,rain,mixed,213.1373589400335
60.484417438184764,33.31128179345076,19.1693116163874,7.526590908166608,2.8097707125493434,35.14132812658334,378.74408604115155,16.84945817079044,normal,clear,city,257.1992672808475
88.89882423925106,40.049213570488874,27.49934921899876,41.864006615421275,2.046895408851154,28.885564765565533,3.5355081690019996,-50.37499419154623,sport,clear,city,346.37328387279223
46.31345795911573,36.31054502136997,15.494497410280509,96.56844777203287,3.864032037043281,34.37773332877197,248.33340998008256,58.716850083423736,sport,rain,mixed,134.8937680753947
22.061370560557666,18.375093915798953,-4.758867952961722,110.24684992005966,2.019417834430439,31.5731605544793,368.72673580905763,-0.6948090646415039,normal,snow,city,60.12625531020468
12.590440868200508,37.07761219121846,32.9145667776553,107.61016375356776,3.417904166623549,30.591735462644323,391.4135099792245,-98.5912892962385,sport,fog,highway,17.034948226469297
77.9623530106257,23.252966446773733,5.488229159259353,110.40010016995859,0.507040731187654,33.912836289669656,79.02429130079902,18.268126663336034,normal,fog,mixed,332.96919241360797
65.82785962181183,34.17323540984119,38.5648730153296,108.92704117552113,0.6647613538298347,32.91463632848584,209.48547519138933,59.61188830582728,sport,rain,mixed,218.3330386226863
73.36717912893012,25.228859209289656,-4.106994566011492,63.2669701920475,0.6985509532457918,34.240240860746695,209.53597905966936,-49.90665243690844,eco,snow,city,330.39721217033673
29.166774535801967,44.930167897939775,37.91255861162516,26.329876626828458,0.2276274989987176,28.594630885063495,51.82040424952794,-92.4257981276148,normal,fog,mixed,115.2083765597682
22.27343280280928,22.906544384903334,-5.449409655874151,95.76558994041845,2.706644296349019,30.548696159659652,221.52275384573332,61.435731130144546,normal,snow,mixed,52.11021657186147
11.309019910109374,23.37391412322809,1.5518068973529733,25.64555698230948,3.96983863021818,30.554534803333887,403.5464793480027,95.25534319432543,eco,rain,highway,0.0
41.55288029259373,42.92016766687195,-7.67100289567292,32.06487321078829,3.0520560184683303,30.638024738302125,150.0903688094935,-84.68727706701952,eco,rain,mixed,164.28719545007513
63.09259181691698,15.73933213908968,25.25565733194975,27.990518618705813,2.8747744277642813,32.01983898115044,216.28726094694156,87.60736146514424,normal,snow,mixed,207.7774569175939
45.30196405897591,35.90066963619591,32.51493682858959,61.7978884434967,3.4031196420136824,30.26411042464758,480.4793425310713,-28.1451176047876,eco,rain,mixed,176.13296580016157
49.37274298213561,36.75979172207634,11.70355409079902,38.61930098028959,1.698226615360074,31.55506888070016,15.854037945781108,88.28792171761751,sport,rain,mixed,167.3749273734624
91.37428250443736,40.09135732231198,36.426103752121485,18.498725955040975,1.8097703582411446,30.942220744923326,295.7608839476779,29.76786480048935,sport,clear,city,347.6160384692443
41.34299203209703,44.23317931915426,19.514953587779978,54.38080942726589,1.5713504911046128,33.88236838416409,371.7180458888146,78.04886248968265,sport,snow,mixed,120.70022466602268
56.25905402438297,44.26805757469957,21.50035677232616,104.86886865422004,3.5605446642678777,32.8280063654004,380.4412170155892,57.166605010282666,eco,fog,highway,208.41482314032407
80.52877114670288,16.958302726993917,32.270960085038496,68.46634259399667,0.8082016783538715,33.229035458538526,357.9690124420222,-94.40045143587463,eco,fog,city,411.73439010578886
45.68885040891431,39.655179682587075,4.840010252591945,105.40027270651045,0.0651264015646219,29.684671152661156,363.2257217342182,-86.91149953498922,eco,clear,mixed,227.18391901249572
65.98780302050861,34.38929800972144,7.71328606638129,23.504662209496487,2.980982233612462,30.604017322615114,29.50633283652493,5.148921023708809,normal,rain,city,271.36079546150376
87.61273378720706,34.42026403119274,35.29759595973222,20.03686484070648,4.711906823671027,28.169323580896595,267.0683095681664,-74.07619603101747,sport,rain,mixed,282.76502418029696
95.45685612918778,18.850497798440845,35.04817480193819,69.06925508381043,3.0470395849815235,28.86699765834536,391.484535828628,-7.793152168569705,normal,clear,mixed,380.70411105452024
23.236613283613416,34.505614993369605,38.82413881004354,55.599468185552766,3.9146082647044755,30.1204338559111,47.0325245186648,90.9260597128935,normal,clear,city,67.37447880067323
93.3928862645345,44.47447741803744,35.09191582208356,79.22071699763482,3.3639535473301505,28.52370977041617,6.024961193433931,-41.04854248910315,normal,rain,city,390.0003119503608
54.29046637715844,42.354557086183405,-3.631398198331955,95.3552149232138,2.487183267615081,32.82105920283762,407.2809157998291,-2.2174572368518284,sport,snow,city,158.77308194567374
33.24199494690625,28.173919824145514,31.186214306849365,90.15687547826117,3.59196200891923,35.9850409273906,356.14719378324463,-23.148073986386123,sport,clear,city,106.19844890775441
51.322218061443515,16.19843919858283,10.491923905479702,113.07134083902733,4.120520619276109,28.806521712523107,206.10320845722129,25.96539284964969,sport,snow,highway,122.21773705803166
98.20293177569293,25.868804700006145,39.54006779729689,47.79076909884139,1.12365822085849,34.56984170135412,470.198216287086,-61.23101386968823,eco,fog,city,496.8674696764832
54.33562845935826,39.79170934801665,13.614048216440054,24.76640906978169,1.6806524024157277,28.95052997812118,383.2990473257356,-48.01214197314334,sport,rain,highway,160.15035607312777
39.587644925875736,36.04497304395498,17.69180412511103,66.1095167937463,1.1186286625164192,33.35931215037149,483.9304708032887,71.75357027280202,eco,snow,mixed,145.63550657060918
67.00607688850532,28.780309667818692,16.488745762839926,13.28917442294227,2.260864777952205,33.14526082447214,464.6576297737337,62.26724477206767,eco,snow,mixed,270.98060410731085
31.613105690037376,16.653046054764932,6.08685149291389,34.66213479979577,4.425322754583338,35.22173547848959,240.64680148965357,57.83793777412808,eco,rain,city,116.56289545563192
16.827699529779753,27.806841834699078,-6.248895555354092,24.946566631577337,1.7260355041766617,28.9115649094441,377.354489321783,54.1839218635792,sport,rain,mixed,31.04957856360768
21.59917497195843,29.070748191536506,34.782561520095925,47.58764601564971,1.8723344456527669,30.523555728655182,334.5956944038195,-8.112501307684198,sport,fog,highway,57.91081189663526
21.524125506199518,42.85666598682408,30.133790626314344,13.345989000265845,4.301836173359659,28.726238082837487,405.72260504624575,45.77815450644164,sport,rain,highway,35.27388237376175
23.67124241610649,34.232583107464784,-3.023660972016536,3.821009345771742,2.576871653723376,31.25906660643547,393.844201125496,-22.559036425576437,sport,snow,city,54.16209374360174
22.49444553844691,24.34958749963947,28.838413567503643,78.81528055560382,2.677244998237172,35.29274538845956,76.61598501661338,-79.85808396210396,normal,clear,city,87.05431751551042
67.67872703228932,30.75954793352164,21.2923333025305,73.22987739477658,4.304006016661065,34.25218520849485,116.86776590427317,-21.325071670221533,sport,rain,city,232.83723422819722
26.369207595923033,16.981659234664804,10.457189395881116,85.00307232463935,2.452633685127366,33.78320080356255,132.8657885887837,-68.26739115441383,sport,rain,highway,75.2401618366113
41.11005549914769,44.177047069492104,2.7010574547781356,79.24637283256128,3.4077876731469763,32.26422003890161,409.2492796085053,-21.829663873498077,sport,clear,city,143.3767183412328
90.71095689154106,25.80179705792178,32.98643917511163,13.71536173708602,0.4282233293703036,35.067885938684185,405.3708519645944,-40.51495692742269,sport,rain,highway,289.87849817294267
52.65654762365851,29.336020647394072,25.009412964702655,34.92946576507756,0.8931585656344265,31.595534385930627,247.66767346972108,19.832133413584984,sport,rain,highway,160.92502580050646
70.08019646689245,25.65851922710768,17.386995473456842,15.543193188042284,2.021881003581228,29.197485336805105,290.4161296259606,-27.69191690031532,normal,clear,mixed,295.61771497464815
25.508788408146685,35.475351903486,20.478426694923204,101.15668824582758,2.4741953390993743,34.700681784966235,413.46107648419996,41.117932675835675,normal,snow,mixed,68.3360142096374
27.30601169278037,34.86696474988779,-5.446690895890951,89.62843864266279,4.828668506181147,30.237106624413816,156.2968003388716,2.429336209529879,eco,fog,city,84.93253701980724
13.678175463983099,36.459669315874066,13.695988045559595,24.18324035018909,4.85325816523895,28.429068328195584,25.08938845818165,83.89845570307997,eco,fog,city,11.096259167317728
25.204155676494807,23.044296888357625,-0.3149853607148998,40.95710885878721,4.255985437393808,29.00830424535033,241.2982191395836,-81.7949129299226,sport,fog,city,48.67989045486523
35.073130512876276,24.47005443492198,0.4191839504412691,115.99379907170571,1.5779941764278727,32.872471329553186,456.8585719243359,37.541837728266444,eco,snow,city,135.15466287513559
25.93094358490721,18.75753693288624,23.06519811434334,71.29912294555818,4.820141454162198,32.85665571136938,395.23413048003647,34.47937551400793,normal,fog,highway,51.14419248575027
17.983228038135003,34.66529915538338,35.5628075917144,96.13867167613887,3.446704323381063,30.081465368656275,183.30865155424286,90.12530948254013,sport,snow,city,23.57085926255828
20.857228399054073,16.193913820069575,10.187830523917327,31.750924172247498,1.964700639087002,33.81744118356783,32.385680241418356,-25.6896265912695,eco,rain,mixed,85.8781365561951
51.47008912294532,32.93047006570377,0.3874636506095186,25.206350421516625,3.508374584923832,34.189121243196276,318.459752691255,-38.91240605756754,eco,fog,city,234.4011415587952
28.570034656521326,41.090876545549015,22.437346861832708,94.07003146158581,0.0826136489326329,35.36402100906895,417.24539793526003,-65.52131115726868,normal,clear,highway,118.08878511036798
42.78428749432679,41.72496444868901,33.55935231751589,82.30469462777282,0.7307734113710679,32.67949998942589,332.47428322731923,-46.942296928941275,sport,snow,mixed,121.05497465298238
55.30755437693712,28.47113281109885,27.41594005612454,81.71735150541164,4.1484285577818385,34.235386913180584,212.53733238150986,0.3781545510277198,eco,fog,mixed,250.42827199256314
72.13553457664287,28.779110646392212,33.43786152682936,66.31614981950327,3.227868184365856,34.02479743817307,61.67680658953567,67.54259239199541,normal,clear,city,313.279557285682
13.538092585698905,17.30907549024052,16.827733550539968,67.62940113318587,1.8209735064594201,30.062472387737543,455.38712206867746,-43.142679303871745,sport,fog,mixed,34.721690329255736
81.94693590181384,35.12295076329107,27.593812218459547,88.28370063675045,2.503333201113594,30.481807423501273,137.97916287669148,-68.45157666852188,normal,snow,mixed,301.2880382545599
66.51103505418169,39.637782611185365,-2.996772032053176,32.400297734543436,4.5257107482288355,31.82785916602297,112.14351824647967,-45.57430578516626,sport,snow,city,198.0089035533123
17.35831287539847,22.33965163814139,7.413730768159574,42.33221590283469,3.1578905473954326,28.152311740233987,407.98833280482705,-79.81460499430308,sport,rain,city,29.773864063594544
88.62207616960995,27.639026449000937,9.477458224076123,104.5964124624066,1.9907464196716513,30.37918218526179,490.6099693619285,85.33908326159923,sport,snow,highway,237.79190542685862
92.87851604786319,40.16518010295811,15.564787312301728,37.06382412145893,0.601633286987675,31.791062986753904,330.08012937238016,74.52483040444943,normal,fog,mixed,383.5408145156405
15.497016386937737,41.313614029868646,36.45381801284118,65.55714856551589,1.468734008127805,28.86455436224915,312.4052445122753,-38.30165660296954,sport,snow,city,32.895454986387854
34.918988333248336,22.29539940792678,33.714828011108715,84.3167356808021,4.891701163982916,29.010207102201004,159.71543461053128,-50.602436813626596,eco,clear,mixed,129.2114437950837
82.55811518137551,31.517119036240928,-3.2737253855407733,119.99097921998118,2.1868153142588875,31.70589388589873,10.20672534256467,81.07946281298314,sport,rain,city,282.50279395291835
77.34337213452925,20.77479451907481,-1.3605174058768394,52.23495977943983,2.3591973192243043,33.84772025268745,95.89893291135482,-99.6456097358088,sport,rain,highway,244.61472272575534
26.60689174207396,18.056362924186697,7.8820274794455685,51.371145194993254,2.4929901619850767,34.66999144736546,292.21521827828593,20.115505598269337,normal,snow,city,81.66303820985655
28.841439100303926,42.333615041758726,4.5371932945336955,101.1106055320401,4.4205201147410556,32.37051118003799,75.65823090802276,83.2007521891341,sport,fog,city,72.95587774720579
43.34248925122438,39.615225126963274,20.738547657813115,96.6603733511836,3.0196414219265493,31.797991900373848,441.9179034656636,1.7114977812705519,eco,rain,highway,155.23186920095816
53.60706866719192,37.80104705409522,35.13880238822725,87.72910580814582,3.4683851822596106,31.074244547678042,94.07234392644258,-99.40660808007323,eco,fog,city,249.21415387149307
65.64292943772664,16.462989564394213,38.11457708362934,55.58755648908347,1.94706771274552,29.54359193950085,261.0522265059508,-56.22571412296886,sport,fog,highway,198.01452231449537
43.202227561279514,40.31186378130772,22.680147626761325,38.87269441928589,0.14543809294487176,29.172496022514917,256.0066228843975,84.4883187783868,normal,clear,mixed,172.4898029730964
51.62812445198331,28.141322277161514,31.907960070054337,73.04765791018184,4.654864571214222,34.33517161329446,301.9728150648253,-96.59551516403415,eco,rain,mixed,209.37402807633933
77.2723844320381,25.271853698875788,16.260110011539854,105.14679517579691,4.745638404582032,31.72005305769869,163.7170348590195,-21.04404678735972,normal,snow,mixed,252.894197681729
13.30148826015381,31.394290830761292,0.41634734300198595,106.05329498503039,4.745765266740255,34.32256196383804,436.76710053265765,57.94894526659564,sport,fog,city,12.016786734923768
32.719324990961866,17.740597281706677,16.23442060467387,13.019801408452611,4.718435433233583,33.63266428720504,222.1507679875348,67.61819873700068,normal,rain,highway,78.03953551496075
74.20146272960972,37.69939648057196,17.754130071882553,51.40203405757808,4.0762097053478055,29.55116731506703,350.076789368287,-4.478413474265992,sport,rain,city,259.59983422261496
90.56861539184794,32.47305230664888,27.122878210677825,55.766634743849934,3.4229802505816345,32.0824581136898,317.95543048335156,-53.5032496534295,sport,fog,city,329.90809093283104
56.05096979040995,20.597702906195025,0.9941494853674548,117.31384410285038,4.222549591336428,31.552133043381446,58.578041559851634,19.94094353723179,normal,snow,city,187.6476849440328
57.89021367387841,20.64696599307137,8.415519104336585,81.35976182911014,3.002731195005181,31.390988048725575,311.3196763513057,-47.2443936885397,eco,rain,highway,224.59320854483693
19.645481020579844,20.52745954718023,8.201373460728316,48.869570071448464,0.6718480694601181,32.34056839363051,275.35133899054796,-48.94714840081673,sport,rain,city,70.40370598402666
50.26711301411092,16.71007162655802,37.971979787058245,3.12694631827116,1.9560908252071052,35.856655208603506,449.30203162795294,61.51995267940262,sport,snow,city,145.95479677798883
57.935553980952086,32.63395348115054,12.197248016335948,67.84621921190352,4.8564745598646875,34.503204781365966,440.43831824245166,-69.14683294067738,sport,fog,highway,163.7190364281708
31.82234532712567,40.21044532765524,27.754698364907327,11.529117076602734,1.7556890679782815,35.22969945304313,75.47739370582318,-98.89570431960183,eco,fog,highway,136.74169300274545
34.231890785444286,15.524946419621658,27.54056906872195,100.13399488173157,4.339139568656847,28.2371166654083,40.84257279330383,-32.64495659883018,eco,fog,mixed,129.96930421884184
43.95557467941604,16.470139349138208,3.277209240162069,90.30223926844346,0.4660573538743479,29.12269093434005,147.29610960543437,-1.8052090009940116,sport,fog,highway,145.9665821394001
11.806407799995373,32.183108300608374,18.593484468586606,55.26109918898145,1.6709192118773482,28.67810928179651,493.3064283421544,41.01607837906474,eco,snow,mixed,27.080881349798755
38.987124902486045,39.58487056158157,34.71514466593241,51.505293545003966,1.7547666236368982,30.10584804052221,10.786888203158373,56.22305152085772,normal,clear,mixed,147.72541373071087
29.03032062968902,24.80216671705901,13.75988597284747,107.68067586825224,0.2580127155449008,31.535139935733206,336.44611978643843,32.70384222672601,normal,snow,city,92.09805590047728
39.47476169601232,25.488431964231665,37.2558753671273,34.615002050175406,0.5954716509337749,33.136425981247115,304.25686692048856,25.301776063385333,normal,snow,city,146.02326342300773
20.778591863732608,32.890394924903276,0.72291146620808,29.882395452812496,0.9658260556088549,32.00665013029282,323.2891402289084,33.149744463887004,normal,fog,city,80.01314932937781
90.14745526659054,23.22638667372441,-6.292044711298463,112.70369193909144,4.189077954050565,35.225471319305115,109.14294488537074,-45.69469648378019,sport,rain,city,317.4188328018173
63.42332081986438,15.798250982330524,34.572693657237465,97.10950041041791,0.31700994969903196,35.51884767115091,113.35867289992495,-23.52773540708644,normal,snow,city,246.26003019257308
71.11920872300406,37.05685554304788,32.384059898110834,98.47507116806335,1.4935045067219361,29.30816760957967,215.3210410869123,23.28730019991289,eco,fog,city,352.41758206341484
81.02541147466044,33.76949738824359,39.62949379669224,23.423257713111063,0.05087501294633756,34.82330336211828,47.92890353347817,-86.88586792920543,sport,rain,city,312.0165478337383
54.85979790361515,32.42267997166977,23.969674405621305,17.19551897171213,3.4781387270151236,31.853777632106407,37.3066045094701,-40.93492998642887,eco,snow,mixed,217.0821383095903
17.82282592786813,37.250523869754694,36.834396333357475,3.123545978056188,3.101515450216899,31.626635770539075,44.1797267430486,-18.71621104846939,normal,clear,mixed,55.69260602035112
58.3395887636693,35.25692512686113,31.347451254205545,28.444981070241603,3.2249113102657088,34.27951478787654,286.48958565312887,6.688136570787194,sport,clear,city,202.06548969471928
62.815700621879124,21.176459645349635,32.22131665600434,92.90285900571897,1.8719139235730937,28.745124072359012,198.87092844894687,-2.703578527807778,sport,fog,city,221.9565787880016
77.0895526765897,25.574431408300534,18.457078522713413,28.804610251697973,1.0413391063378452,35.05994501935317,146.8083903286368,43.62637563079875,sport,rain,mixed,268.0405406908388
48.84935916067114,18.78330425035875,9.118229895835544,87.49239403138515,3.6016010664301668,33.36690683638092,157.90968982565278,-5.314664916707784,normal,rain,mixed,166.74337831870224
21.48222725160074,18.89571040253643,36.72790362716409,30.22899184409058,4.055589363703476,35.00209286126398,103.64165292453687,80.82599676499777,eco,fog,highway,54.51763828456574
35.539831521885205,35.28587239069618,11.605858780794723,47.4350997540806,0.6930074904910088,35.95582062166098,205.75266766096746,-23.93633156951654,sport,fog,highway,111.31649576185771
42.67740667587716,40.75800320947495,16.940968362483453,117.97947478936901,2.4341471396871066,32.14403561885803,101.52903459998369,5.074341235231273,eco,rain,city,188.34732464203526
68.13255171984412,43.881977515834166,12.305715356259388,29.377407754096268,1.2435784098943126,28.746097583271432,349.02302114966625,-99.35792207959464,normal,clear,city,301.4490737032291
61.37004742020207,33.85041352648334,18.240915698009854,45.164475275792114,0.8405343060306686,29.332190903447092,61.966256326968065,-37.90440871076213,normal,clear,city,276.32791954245636
42.048705330806165,20.52303970082871,13.52525394961636,36.13046165582564,3.6716265674749953,30.588945940434478,474.12104229042325,73.31459546279845,eco,snow,mixed,147.11198671769318
98.78637239136818,18.16951036346792,-7.601622071026206,13.154998359600274,2.690484677364185,28.828423537077676,44.9094700636411,-33.284721080741676,sport,snow,city,314.88755599252494
64.51973374211985,39.38552914610273,34.102409300384934,58.78729705569899,1.0809266618933389,34.52273460910216,471.730357139938,-49.362733333507606,eco,rain,city,316.3809417619203
31.350411256239504,32.36269429079998,12.21969094578849,45.44287959996027,1.5500000560577254,30.374942808262148,416.6474857602033,8.707392488444327,sport,clear,city,106.97761389508264
19.160422535836336,33.5485506304116,19.447182425367437,83.3864502968736,4.833268356638712,35.807089504158924,340.3560603066902,-84.25398031158551,sport,snow,highway,31.36783309332289
23.75732252658988,38.44386266264128,-3.0406098621006485,98.11134563418554,4.243397823542783,33.620731455454845,456.15082778274177,6.321026330079846,eco,clear,highway,53.18371174608867
32.136195554605735,36.09831683197355,-9.830607600868044,65.30996573947662,4.399733714365642,29.38744296204446,69.60939675868843,-39.26684035156234,sport,clear,city,95.3732743766982
24.46132359336001,40.0337475856829,2.2645046821821477,3.8635706504804235,2.30006048540354,31.808341175551522,88.15738709345766,-23.379422025122494,sport,rain,mixed,76.26716921754306
26.79103216461752,16.686417163796353,25.229301606667512,74.27068274816659,3.1190363196043753,31.735073773066567,126.0762960294079,58.273000867428976,sport,clear,highway,66.18136974836816
35.65856518244624,37.425619102395146,-5.04027349435607,6.646887602512703,1.883838701022058,31.94009326666907,122.40576338294545,32.39280372282366,normal,rain,city,136.66453813320805
25.603623576527934,40.525582719662864,35.444372019323396,73.962758831883,0.3885598784444527,32.28552936514348,155.4241354635801,-10.778781375231432,sport,snow,highway,73.69896857088254
90.70888821637827,23.58405127374943,0.7511284678092292,82.20359391230262,2.0053465532839128,28.249384658541846,287.81544913654665,15.503262616987882,eco,fog,mixed,429.71879736753044
17.2210371095478,34.21341821979759,0.22968071458879002,23.73211531410221,2.9699037660357237,33.49040900594899,14.086305652552312,53.37175106404584,normal,clear,mixed,42.01377309615651
57.20602506132292,24.42486191510916,-0.9246019189252248,98.32153784661253,1.4357213538406572,31.897534202307547,191.1362975199879,49.15674903923767,sport,fog,mixed,193.6945736183555
46.935714429069535,43.739131994473624,-9.300914351431762,109.33021578888582,4.239752873637078,34.32772319094959,123.19256394629824,-62.935657889764315,normal,fog,mixed,160.91234063696865
98.41407552177458,16.00270717306511,28.590273423911732,97.57043569365835,0.7555007958729931,34.522796586083444,303.314924026361,-39.81615560015905,eco,rain,city,491.4665608824308
20.08350119512471,32.39378531498865,33.751726562262924,36.61310282544986,1.8356454471845995,29.84428097593374,492.5846655257678,-30.35261380679495,normal,clear,mixed,70.75875755397844
45.80700391411675,19.99510641148545,20.708135130809943,70.39716149347613,0.6245195266210146,28.387383571414222,258.8273060916863,-62.49154199899911,normal,clear,city,201.02653491205402
97.2523389947832,36.366606155314756,-0.5900009160068862,109.77781790294733,2.0241606699261268,33.62587084889858,212.8426195592169,-97.56770919873917,sport,snow,mixed,296.08771199185014
87.89564133045822,20.276708502559863,4.263899847043987,38.47976714674199,0.19830652487135225,35.82210230771099,184.1217725725581,-65.20654624223756,eco,fog,city,461.1020189260625
83.5364863854352,22.061497856950727,13.796334868248163,98.403338671851,1.362746975308227,31.57326389264721,392.4746094399288,61.64886541629744,eco,fog,mixed,395.756279847964
33.211254434044584,29.83112433137274,37.71729758116504,1.1370157514035828,2.0036762755684183,30.076902476748767,35.99046582536347,9.184090278494224,normal,rain,city,119.9682660743662
25.379882865105923,42.44504849990634,2.3675685908871404,0.4376043341611524,2.390826816383458,29.253375156667847,479.88525723006074,-31.668394602563836,sport,clear,highway,67.0824912242328
70.17788979319879,21.351431164439127,26.582295195994405,91.1653992406761,2.718481792375709,30.29956477912468,208.95894299402278,21.66888912589296,normal,clear,city,295.2312562495455
93.64383902148272,19.327200633543107,11.972411164646015,91.37370985525453,1.3749556489495944,30.6233564109716,156.8503629125565,47.96682506935835,normal,fog,city,408.4470698628444
60.10866037125368,37.76930495562092,4.89236741800109,94.67726254227526,2.6152066730743617,31.390997947475718,487.0340581998506,-29.114443395827465,normal,snow,mixed,210.6098365501457
61.44514205229099,30.01858597001793,12.795796851105688,111.60322054657948,2.545023107810299,33.24325698571669,467.93943162159997,-6.785031693005109,sport,fog,mixed,208.47266077449157
35.19811842942558,42.353553371453145,-6.439664122938373,14.148757418434105,1.5808902543810421,30.185304448641816,320.9670698828605,-87.15735666597688,normal,clear,highway,120.9032471915853
79.25436398727432,19.398436714795267,29.934368546518122,27.838198198042605,4.151001653282391,28.40781410774941,9.253687425200663,19.418107242495836,sport,rain,mixed,251.52280069566055
26.833937370177104,34.37783679069118,2.165096399148357,108.44699044485691,2.7282056329678257,30.986228892581757,374.2674881032859,-28.71858088956307,eco,rain,city,110.47921405481989
39.131131276381936,21.986374384554452,26.270606159648523,21.268343732682414,1.661348593732725,34.84503692927261,167.77870002100065,-13.295270479842472,normal,rain,mixed,152.2202415816657
48.28927947547751,19.70281285954918,-6.582581427590264,81.86751210919007,4.736692560403882,31.98681208681507,194.14011542713055,-15.479876410615063,eco,clear,mixed,197.0696012855048
55.68493408160095,35.50288245471812,37.7549278082843,63.65556000489784,4.225562065355805,35.71827006196328,79.3710644886943,26.48185774850856,normal,clear,city,226.8216067568108
31.816875917357223,32.810538597261996,-0.3492507297150702,9.983241222180869,4.912939057759004,32.028972248709856,261.72904193244966,14.493069790896172,eco,rain,highway,85.7706863232293
20.335314226528318,37.64482375086993,34.13710381035402,34.23163943298394,3.461169373227104,30.20719053537478,372.2762981018831,-15.57879044468639,sport,clear,mixed,42.27201123351803
64.95580381974693,24.283877293385473,30.47366048077172,62.44466597291614,1.8911145275302343,29.546511977961718,136.50555904653422,-96.60899570185425,normal,snow,mixed,234.1951550369354
35.97674979162302,28.439149691465698,38.3929962040708,102.2820140020601,1.4043033333950616,33.55619597428461,469.36645402168756,24.192522926275856,normal,rain,city,133.73687040965495
62.31143992803511,27.164150289912556,13.894533047287482,84.90461875376084,3.316589218372405,32.29105028621949,97.36842800147716,75.91549480686541,sport,snow,highway,152.96097386169996
23.892644374678206,44.522683918995426,26.369864692297575,74.62597937459196,4.904082912476518,32.83199143196353,33.131170297216684,53.91031431877954,eco,snow,highway,55.180292282044675
53.30260916693357,23.767468702181638,8.5355328518892,59.52394679296978,3.133575400519244,34.04101431467305,322.18193667495046,96.32312645001645,eco,clear,mixed,232.08248182780855
57.93304892964273,23.844517150403007,-0.781588099015309,35.84207805769611,4.408074704949191,33.80722771411914,424.6593659400234,-72.18493239585733,sport,clear,city,204.13754596306845
14.664118314018422,25.636446264858222,12.15379664667244,14.309389358311343,1.645517155238843,28.346906401345816,476.56642965375613,-55.49598944242926,eco,rain,mixed,52.1225078573103
40.294385037452855,31.937822438709645,-1.712549230577256,49.089124147931464,2.034768912371278,34.42057524236023,383.5855052582594,7.853493044395819,sport,clear,city,138.4074758150037
22.09732092450768,22.569682327912357,39.102231139319194,3.422219269355109,4.531376197946766,32.261626456413694,99.82500575303615,-52.82365953123871,eco,snow,city,59.84783367521359
15.703747342549097,42.45869821137822,-5.187675442964181,25.326706712022073,3.7843335097890938,31.13366824651818,488.83059240186515,-93.09004374366204,sport,clear,mixed,27.671747274583712
99.09642091509507,22.970566945987905,19.46058617263102,51.89800510471918,4.9070516018395285,32.30015541014456,459.71793801442135,-19.54234476721078,sport,rain,city,339.0584550706064
39.01184604772507,41.87447194680584,21.323192762702796,50.23262228062981,3.8738210486612097,32.8996115876586,81.58371138122372,-42.4710531692035,sport,fog,mixed,111.92401906202822
82.88870012691714,18.10425190939754,16.90397714370271,5.315451719639088,2.242578536091159,29.196050478990376,279.3929134576622,-47.24783086822344,sport,fog,highway,271.7680803015254
32.917658928738746,34.696881071989566,23.10929428559168,70.68721842303495,2.6553400991118155,31.33932316261156,277.75871296548945,90.63456340484973,eco,clear,highway,112.78238950372268
71.33524500015363,42.209565553147314,-4.1909612494054524,65.96211070238834,4.502577462315683,30.68468968150547,221.26738906473543,-52.30917674691009,normal,fog,mixed,282.83429188558847
78.42050739007179,20.062483151946886,17.750926210264552,9.37251648250954,2.75823368049024,30.803271558544306,492.14066512984436,-74.11348576252044,eco,snow,highway,285.9547264078207
63.60748665470599,44.04980880297765,4.360628556368077,113.17956629525271,1.2769868708222258,28.730679507258465,29.811118590110596,-74.93614841842977,sport,fog,highway,197.99963003746677
52.441856969514255,28.586500812465353,37.00880316505283,11.925933474103214,2.1780990638497473,29.278747904001843,313.60445422179237,61.264814697705845,normal,fog,highway,167.410294068376
47.06568227325417,43.37145325323073,28.10358267198629,102.58009814848033,2.5815799442455893,29.294656540689772,102.65181133940504,42.96961490534807,normal,snow,highway,140.36074251009535
41.39814398886958,35.30460130890141,38.62572410798713,0.03716782980071276,0.4835991677556478,30.985797945773182,263.6656023654798,-74.10276088658756,eco,rain,city,193.36682346352583
93.65762298230433,24.047606096206547,-8.122196512990524,105.87373140544597,3.718813371264451,35.155932358998335,389.87038589375936,-56.04937622784274,sport,fog,mixed,315.6542248500018
84.75574670089563,20.649075747513194,4.256658759035435,2.366367864517507,0.546769666774865,29.64821897536754,123.36340158427316,49.46860168870606,sport,fog,mixed,317.40006827784276
96.85242195998613,24.11205138675298,-0.22887066808254986,90.93744382705393,2.024588566844028,31.329540061398436,196.67977324157425,-45.07672043307718,sport,fog,highway,305.36135100448377
21.186750113699027,17.79052227788025,-9.442270634408475,43.40289735603035,4.023112207702023,30.492875322393104,475.38403714019955,96.30841503147042,sport,rain,mixed,33.18906456469908
75.77807276832799,19.316038990299894,2.116286512316071,88.58601601635839,2.3378518080664845,34.2990665004107,380.7403688601548,8.114013324181755,sport,clear,mixed,262.4631015845124
94.45064111389341,18.139813210394436,23.938799176021448,48.20942465099742,4.21007759859254,28.40101145856653,286.3615922559178,-61.598405917982355,normal,clear,mixed,390.4041445745262
26.310975954909413,27.68830631224673,1.5544461067284274,8.508950679821009,1.709406610280575,29.572347164287123,110.99869390335837,71.76169090254663,eco,rain,city,109.93622271388071
15.984664063009975,38.867351287727594,15.45017227413091,92.1008034474437,4.788181469992177,29.685132338838354,212.65271873879155,-36.10489082055297,eco,snow,highway,23.062227136148028
76.70085843610532,19.241506626490207,34.390905748249935,8.550322238563798,1.0473421590261778,35.94370240250585,387.0306595249614,-42.23852898712443,eco,clear,mixed,385.6950387296398
61.70258018619207,18.909612995170075,24.68789601745376,110.65445231534615,0.19132072494650654,32.56620014373043,410.27153905498807,-34.51175330970031,normal,rain,city,266.56691602043634
85.76458990824449,34.30286848551992,9.731453495301597,6.116884294999365,4.362132714952093,29.111666115068147,122.30309907119945,53.63944964460754,normal,rain,highway,289.1237426234588
22.579513896366056,20.91548945904199,8.623446945605416,57.519033332581856,3.761013579752041,30.177593114212524,331.0301052085096,-65.35741005681038,eco,snow,city,76.6235826286937
81.57405806739011,17.92830114326975,12.786790700424238,86.76413170209548,1.159919185336864,29.342576752983394,47.50149606169995,-23.642843947812395,normal,rain,city,345.61939003444917
28.14645880429701,20.00545734616733,-1.147927947004682,47.18957577504453,4.92370803568337,28.996836556955586,11.606153725232215,-93.83344544311791,normal,clear,city,93.18245984894727
24.729034857913405,42.711941876303285,21.700038370799405,26.06801695109216,2.511400646342639,34.37745622726314,274.33696171651064,65.32532346992156,eco,clear,mixed,87.14028349354221
24.783921813789362,39.644137583285726,8.207640955230275,91.09091536752325,4.755327200720817,31.96602102928284,112.18992714021437,-31.85624673859894,normal,rain,highway,51.664085366603025
83.3117248208244,25.621936870652824,32.618267463102185,94.11536457464717,2.5251438569349967,33.04968109479025,39.456015621066435,-50.365416038325115,sport,rain,highway,250.71463575941007
69.867749862658,34.67462301982178,27.827633002890813,110.72339807452407,2.359372933856455,30.65000997593597,364.91415644761497,15.978648475099845,eco,snow,mixed,275.0860428301642
57.07588822922074,31.118270210041143,20.525658204608003,45.13981325172932,2.245692685722325,32.429560688538636,248.98729418232253,40.99837675027507,eco,snow,highway,204.82231152313395
42.29474357111523,35.31372790447692,8.210111132475802,60.75020813967922,1.674376380664751,30.060552260189578,398.1385054792253,62.57920743658863,eco,fog,highway,170.52249215586656
88.94804867317974,35.48013457388278,0.4965915836742205,43.57541314152864,2.6685074858827584,30.46429019942588,331.9721198402785,-30.443010900186422,eco,rain,city,434.4320057955376
45.32005966803718,33.862020451799786,28.807593205281144,30.849818622164182,2.2627733097428395,33.21790355493386,364.902469957745,62.46017002981392,normal,fog,mixed,172.05756312358864
83.49394955244193,22.98304105611926,14.320454949554325,90.12395538451302,0.18373438311777068,29.20280100735384,153.6802906479499,-7.02379992570836,eco,fog,city,433.81633722640055
49.52214177131966,16.170192622884542,1.2375019088678751,40.75822140203465,1.3021761671175125,32.93777487333969,131.63791284161817,-79.77154649095502,sport,fog,highway,163.191812944872
43.92499864824168,28.667003459703263,-0.24126924799968918,51.377933039082244,1.065614000527792,34.81787853138502,300.4374460476306,69.26149654315586,normal,fog,highway,154.63177693252283
51.64118071026458,41.72921654072111,-1.7299547749320485,48.440838914883344,4.3371780116053325,28.96338580944615,100.04107019904218,9.526956420922872,normal,clear,mixed,182.02580266309764
37.12400867477279,32.08491775555728,28.858059810279748,85.5193470776095,2.994349886134207,35.17969024455983,407.70605781601057,20.493914389477098,eco,snow,city,142.30274335975474
77.2848442158626,39.971731251057236,1.4493592650155858,110.13547513328157,3.8184155022486372,28.63556544239116,261.4600844871193,87.49825393894707,normal,rain,city,303.18763589592703
55.24483510832312,44.748730288836846,16.332113176259874,80.01072735688527,4.784130188746403,30.791273815646985,113.4949661738805,11.830296987851057,normal,snow,city,177.5877001451418
30.89914256321356,19.90848612414829,12.577318048652824,56.58991153130791,3.2201963626320502,32.884074521903955,312.58411616495425,-98.8832938644022,normal,snow,mixed,103.64043314919917
90.96171159471116,35.75332917425947,18.980544961414196,93.50461376866602,4.913049957023722,32.4753180809483,472.51786754180887,74.12316820062051,eco,snow,city,364.84491298601296
44.55020992358903,35.22880721100074,33.85774501855971,76.9165588946565,1.558820258260648,28.771128579955466,41.04736329538705,-43.04978393530801,sport,snow,city,142.7049037302201
58.919757500258974,44.39866342074835,33.38736950408653,7.273242854137618,0.9313359115644693,34.39130534228683,54.67260365675147,0.3533841568007574,eco,snow,highway,220.51026456157544
91.58248998680922,44.56802201858401,12.553803591242982,11.479630370260999,2.016549439964557,35.78522634516202,421.91957343166996,-59.022679487715955,sport,snow,highway,257.6066778549976
66.18141963225929,35.600358351723884,-9.231687463263835,4.550033288836,2.35399707467904,29.44982631347016,54.79688728343679,-40.60328630900531,normal,clear,city,276.15743904982594
20.520823663752765,22.308443759465828,11.322190285715159,54.81795914475838,4.476807714262925,35.1610477585237,19.687684676493898,37.32976961340677,sport,snow,city,39.82031590218302
94.58489112521276,38.95667514391797,20.30967687120702,99.10241212067578,2.799702195183382,32.454475536894,173.96529052323646,-14.085329792417213,eco,rain,highway,386.0477991027835
66.4937247764276,18.210874026331144,17.88823795490309,37.569980322162245,1.460904997090085,35.48747016996262,233.3529424607988,25.426126116277416,eco,rain,mixed,301.19351630870227
40.14150531913775,38.42097912514886,22.566805290010272,46.099221971097805,3.7131714143376042,29.40868766733409,284.7222183453449,64.71513826259019,eco,fog,highway,144.02238506744726
22.53448653970485,42.30588372434089,-2.2962133763458255,109.13725300414687,2.5291596856953547,34.336171145435394,253.6501162821249,-31.835595562730973,normal,fog,city,73.55329111037356
81.46226703432664,26.485001843053055,22.326754939036626,100.42841343799859,0.8106597263758508,28.478252603562648,456.59228132905673,13.668007665208194,sport,snow,mixed,253.31811014131281
65.80654803356622,33.919058849492416,-0.867419062811388,79.8057734859072,2.884098937956261,35.06557157442181,384.3340501958187,55.51757867462726,eco,fog,city,308.3709975783403
58.01149827786894,27.90428196290479,27.526199034837447,32.01645385107015,4.5569726840364195,33.39327537759707,491.9051279308554,43.02463855387492,eco,fog,city,255.81041901033433
90.45033247458619,28.132951649643854,6.954380663134,14.04497792261322,4.2131130873791,30.96203827137944,238.22771161266115,7.968687196370183,eco,snow,city,377.4764599518922
80.97374901020777,24.3111266732436,25.494771669072676,1.9270587216136459,2.9340498631766554,29.5237345879828,42.16480491958946,-23.323297854528974,normal,fog,mixed,330.3764552664598
23.650739175947606,37.863888613509744,-7.606720054694645,12.841280712530505,1.8854158694249405,34.53226478853764,477.7653214714373,-18.4996037533965,eco,rain,city,84.7513520475661
38.05498610159934,43.085296924995156,10.393001279545668,35.111573234873134,0.4348937553210558,32.825930571158494,2.056580794548679,-13.372957600746886,normal,snow,mixed,131.28384379149026
32.36402258330192,43.22252577703384,25.25172611316664,66.21480762953948,2.348244616658119,30.88332682358401,388.0480069195242,-30.230894210769634,normal,rain,highway,105.83378610185264
76.95516633154092,20.243438546248015,1.3435258165747062,7.680009930286427,3.7603971876478957,31.55068659842013,15.64101538583973,39.8151269779396,eco,rain,mixed,346.6524551724037
13.017919126220145,41.24230948969698,29.764352239861125,16.34733339821388,1.801368598665053,34.612341248579014,380.6070953258192,-74.91694954563405,normal,clear,city,54.78730270878935
61.29007163841849,37.12294324281366,21.5389866552466,21.729684276952923,1.177234127758322,30.711417546854943,468.9694699240271,93.49082414345534,normal,clear,city,258.98690228922965
78.62128171666215,22.585122020708678,19.378088607489914,75.83785115799674,4.656898596354767,28.71706142487943,194.63014866552342,55.79710039430802,eco,fog,highway,307.5923318132131
88.90890730855745,17.018538387645435,7.677442710216855,73.89477587761493,4.107778502289962,35.29025737762778,120.48242560985884,-40.36738956664523,eco,rain,highway,351.5428740803852
40.78735738443167,23.039918006531337,14.12257351905588,66.09188716465835,3.1913780971007233,31.09874991726428,113.13957625591542,-91.49048614587288,sport,fog,highway,123.28495480782412
83.91315742048116,42.36624710344577,19.867465048892655,30.060170963512753,0.6839167196025969,30.787100088921708,245.85882207510167,42.260634475785224,eco,snow,mixed,356.5496262465778
19.95685632596865,33.99536024687317,13.623105695744524,44.53436294624784,0.7245442020308651,29.635196951007515,85.44351787839577,46.871808993966624,sport,rain,mixed,70.23394982008433
86.18070625610663,36.63163982693615,24.915666197028003,11.602765960529165,0.5160979572788948,35.17938056982676,336.46181532985605,92.72452210551532,sport,fog,mixed,304.15773973467424
21.47397960987842,22.714570533272877,11.684846655347979,27.175272450966585,3.081483334463716,29.74004266950267,184.17617874418747,-49.258888484967,sport,rain,mixed,59.01291240372738
45.755856150433054,36.5816446672446,0.11365908710151729,107.72462717670965,0.57781398236668,33.09338294401107,161.5547462016295,-83.45498195915525,eco,fog,highway,196.66414452703407
81.75658292015983,15.843645188337712,0.6966891400523618,117.56300957229942,4.213135994313165,35.046120092864825,230.64278812822852,83.02695154368652,sport,snow,city,247.01680833102554
23.492568461389638,26.259640373190415,-9.709811557852944,77.71915027683536,4.964825009096611,28.27930891682574,271.2937512198759,-48.27019307744496,sport,clear,city,49.44093023776803
30.632625570937734,33.802600456269936,5.047885777933622,110.01879504281042,1.8317409235433262,34.63033364240157,70.96513112939789,44.30628946477637,sport,rain,mixed,85.11748413866265
75.00273115537597,19.382896966239606,27.445882023925982,77.12902804817101,2.2683492348354872,31.284795373518197,353.8816818984217,-87.86807243446441,eco,fog,highway,318.0956516667266
74.80328828914669,39.69010723340804,29.70813544188048,3.9835783326563856,3.5583358849283937,33.263796602121694,441.47354995266306,52.1169609952334,eco,clear,highway,294.93667265881083
67.70328695967676,22.05093896435756,0.12337710478750097,119.61151019836907,4.685765031628829,30.97923650580443,138.99345810059089,-74.59482057257192,eco,snow,highway,223.08093895866543
72.455360002039,34.56843338455339,37.952199843570384,11.874276202384188,4.470468867781926,33.56413005077995,90.19545091474241,39.1172696083207,eco,clear,city,336.1520783307967
58.84519990128366,27.15591427725989,15.120139674006335,81.91701617340729,0.2879591437492429,30.034359316461593,380.2527118595318,6.468609570680968,normal,snow,city,222.69312124555637
32.66191530162575,32.881307864329415,35.848937450925135,30.340344368974804,0.8453590127838251,28.17544433948317,91.77086188282473,91.09762609345208,eco,fog,mixed,141.63600235991
41.112639415352746,18.223516578867244,25.338264093081555,47.03773354883522,3.7729859927889615,35.58230011830363,20.62758018147831,-92.6164713845314,sport,snow,city,120.75533783303293
26.34379451212831,15.507383997648219,26.12167115112065,77.51210217611259,3.4444655401622364,28.13094211232066,309.62161019138944,-41.59025083998837,eco,clear,highway,85.30382049119468
91.76055052002656,42.28693282140904,-5.7478189346964434,52.37848191692485,0.6660929702006163,34.592794317068055,119.87570815267512,-86.09821653315124,normal,fog,city,413.8383745430073
62.50526152895084,23.088900263015482,0.9995563448465337,30.06552707173539,2.5103229100078384,29.35310074657979,85.90520446427985,75.83952704794379,normal,fog,city,261.0546938145166
46.07662750872759,39.59031008341377,-9.559258335276368,40.133542425398964,3.904073155426478,31.137761828816224,490.8013708572531,18.780230732221554,normal,rain,city,148.70085524986982
51.58052232797194,44.980509014166,25.806382023836875,40.98577403078116,1.0939034113134682,34.57993901204845,145.93249169986382,6.993922471579793,eco,fog,mixed,246.25337452507873
95.25550056506339,21.342937739967333,7.221914421425499,115.11886854098564,4.356438178673331,29.647457202498764,451.72164510776787,-73.70842157673805,normal,fog,city,398.7386583014195
23.801626280447216,22.955122235500667,29.332625803817336,95.83356191081413,0.26485887410183984,34.92566084420029,89.10938294430215,-2.193548537389816,normal,fog,mixed,99.48365082355359
62.76068488151175,34.885793629039966,6.946810996851312,55.02585257752801,3.9109754253403697,31.98207151281521,409.4885660312176,-20.25926896483692,normal,rain,city,245.40882409396863
55.52998109960194,43.96345903801864,30.966687614943055,23.978510440963696,3.079094498949351,30.929227701738213,251.009436524241,-36.84962637219535,eco,snow,mixed,214.8356405667554
65.0308811891183,42.47443044572232,-3.46508731258435,97.32193323151871,1.5759967332717455,33.29950197389069,39.29738455799764,54.43779109971888,normal,clear,highway,245.44571642475185
11.629916543875646,30.086265601967547,-1.3313421621245904,18.861896593004822,3.6046627417095567,30.73111777584766,366.8026468217862,-87.74479203331104,normal,fog,highway,16.51268937264552
88.49115180497364,38.85330847580174,7.043826979196826,25.255466057040408,3.9118289757557982,30.778306871970855,446.03668586738996,29.33714547244034,sport,clear,highway,274.94579638714094
93.89064542352511,19.072375592997034,10.424369444113665,43.921607020818136,4.669494856519846,33.86821112750643,81.50849516776077,64.59860624044236,sport,clear,mixed,324.5370103305478
60.861986523028804,44.32314552612037,7.435140542148918,105.64178350223881,1.8388733607713181,30.478657796312863,362.79512116808763,81.46145657206486,sport,fog,highway,181.7084660930879
72.6985741489203,43.93059702107959,28.182351626160994,15.814400236093231,3.4300836798997745,29.6061811868354,222.52625953656192,49.18331895108204,normal,clear,mixed,289.6522732226111
93.02494430595661,19.91186873637513,-5.152430368664264,14.66810314254313,3.0130813846734545,34.46116902397257,376.93522662835915,-43.50886422835689,sport,snow,mixed,273.3732887773896
73.65147708820587,23.982693744093197,7.560850981924403,59.27699859663192,2.6260303472854423,34.442968269817854,356.96397409265285,20.101492104740686,eco,clear,mixed,342.47829108035427
23.72851386228352,18.004649925203008,31.861999975772967,33.16926493124096,4.452082370775189,31.980685629654953,13.300115231502707,-71.71927781712895,sport,clear,highway,52.77461208925331
61.86595241501318,23.15152796694539,-6.660146136891401,68.24735299777919,0.015836570692001617,32.21324492930364,89.36051798357758,-76.5878752510448,eco,rain,mixed,306.62143718574293
64.60435417445703,39.478673682456204,37.11717538356787,54.19640216198682,1.4105580305179881,33.568613006141106,235.51362146613718,27.724828427702917,sport,snow,city,203.28825717340825
48.17176041721474,26.349468214957785,39.315842113600645,52.19509276214602,2.6913861977241504,32.07419433409947,466.7970859560401,70.22153091684055,sport,clear,highway,136.64597766877648
76.27998120622506,17.65190901440275,-5.571591308745996,13.436756458439195,0.8914663081827617,31.33631967175386,171.03672837740075,-86.55037486007622,sport,fog,city,278.2214016761347
94.09303132921134,25.266765743367138,4.563626112786848,16.92596282998082,4.539332668663791,35.95915354637397,314.43673514009095,-78.79925357334025,eco,clear,highway,399.60806678890697
93.30116616160987,44.441500027238405,8.620033301767808,98.52942929362202,3.2379755880650767,29.18112342282047,6.041872757214406,13.121461485871393,eco,fog,mixed,435.18059346664234
50.57554342637189,33.890507857776086,28.819568432636302,106.30592850860933,2.3894149731599494,32.741823833918886,355.56346077347206,-56.35762779613196,sport,snow,mixed,130.75706066318222
20.19142412566797,27.48482839218473,19.79634060583669,28.16202394623003,4.0735087953332725,35.08690420860528,301.5341313764023,22.363624555529555,eco,snow,mixed,52.28152952643448
98.63570790661011,19.9961554049181,22.218285024628365,13.615260182972285,2.254430957325519,33.49772032944892,357.6973733078829,-57.091234948932026,sport,rain,highway,297.80202629983296
85.50082778013407,44.585303918510846,27.8754911409253,6.410000632141273,2.7932650596500475,35.04738639270591,452.3303065124725,-76.7036051387881,normal,fog,highway,308.8748581413386
21.219641308294015,39.62547027789387,-4.101050028148714,72.99571364902762,0.013754977769604992,30.69067776283738,73.24946655890501,9.11499643296547,normal,fog,mixed,91.0761545653595
92.87576943556351,23.44431907352758,31.66047284551312,85.84238550002466,1.8285026509753677,30.175943810081915,130.79479800403354,72.43902760652375,normal,snow,highway,301.0110088736673
88.29067258559155,17.102060871635683,25.2809902090072,44.73719870438466,0.6939523617548488,34.81017909521684,497.890446084071,37.024394430105986,eco,fog,city,446.0021706686158
56.69542514134649,16.69876672132674,18.867086259818514,81.56110409887675,3.4484434033114555,31.152916609483682,78.14197925481348,63.74502750719293,normal,fog,mixed,211.52930217424415
63.21478921704363,18.611344485166015,34.486766739152834,85.55505786714313,2.3951347948786688,33.67745858445849,360.31350326301316,-46.73296512199035,sport,clear,city,227.29827196922696
45.910243348311724,32.42305750843265,25.015317694190358,112.24107376762863,1.5087877862511538,29.181988627312915,362.5379552554509,77.19573025940514,sport,rain,city,149.05895680442904
14.928547493982819,42.862902636164776,0.08499813155127,7.784836540212869,2.339161696858712,34.0467050030134,341.49687311778473,-24.592165084745858,eco,clear,highway,36.47057683912902
40.16775174813108,29.902302840179534,11.487269053783336,23.075006787729574,1.048149439756731,32.39186119219895,113.72029465728883,70.48953357139871,sport,snow,city,130.53124829084655
82.25681037382103,40.28836447368592,14.702143346786663,8.223118511638576,4.625433162430703,30.148893119283688,107.56703160693537,-5.764881970254777,normal,fog,mixed,316.3506715443212
10.416882070414257,28.376598595794235,-7.239118662479718,104.15927200033326,0.269863162754565,31.95603171167124,333.170534017394,-46.42847052790076,sport,fog,city,17.612379446754062
40.014925452202974,36.25750637303476,37.731875668002786,95.11045920402823,4.327085176480602,33.57554900671763,93.12509222960801,-47.94823379464142,eco,snow,highway,128.18906217944496
45.8351824231849,36.956182118595024,-3.5711369601560765,68.95704847462068,2.556793943666755,28.09509127077907,330.7816658702687,13.533576872930581,sport,fog,highway,127.2956540398901
58.36560426441306,20.21891117710016,24.873063361336342,10.039609206141979,3.0947324806940864,33.09973647051304,246.26414101265902,-84.19794595863084,sport,snow,mixed,170.8896685205499
92.78700547714844,25.836481769274354,15.31155180454401,32.79748303844635,1.513028104543519,32.332726226186196,193.31443382469203,86.01123891770172,normal,rain,mixed,378.38680646235025
41.17113949293651,34.11906469614072,-8.718387505778871,35.72638176702203,4.833488083971607,29.76228934197386,150.11617468897288,-45.70730086029287,eco,fog,mixed,150.66381776745584
41.22578817066049,17.120898245530984,36.23737379321808,67.28918352185005,1.4092547925974492,34.023848591809575,473.78846666155835,-32.87503643082894,normal,clear,mixed,163.51564285003644
76.37511232987735,25.846205632888697,32.59184044094666,30.965267284405854,2.9443899857015214,30.42768787706561,254.04682887139379,-53.339689251753455,sport,clear,mixed,270.84593524989026
50.69961468008265,31.043983988435773,16.212896395191777,8.75518366955458,4.967083525535644,30.21488745237252,280.625981255481,-99.39840788785573,eco,rain,city,220.3063653889366
30.214434064598375,44.88673479133916,1.4471168069722626,87.69147622239592,4.405471981917229,31.76974679199458,474.62804234339274,38.51004736175955,sport,snow,city,61.103162925894075
50.7195564519424,29.236006878673223,-3.9188554659952874,35.88962539864936,2.68164912643053,33.40919742737892,326.9386590485668,18.110580206844702,sport,fog,highway,144.90138331072927
22.677131834181985,39.48170271342971,8.169623971606331,54.284901242796074,4.95187261483606,35.430767807010035,478.92646387841376,61.928908039423135,normal,fog,city,52.486610762123725
25.874828785560098,27.962018551998533,2.771414052304525,15.319996197876641,3.506849308663073,29.13085794505683,53.183370261349225,-91.7978453098039,sport,clear,mixed,76.38495201375889
54.853099546553175,38.89172167859127,15.334560050314934,96.30579640734955,1.0435020807090467,31.17174496601387,423.3198158862019,85.73112894666406,eco,snow,mixed,213.52273544924222
47.70329045540931,32.86244404860325,38.32046480617145,67.86382523088692,2.0279810521790322,28.53591674010104,167.70731401154544,-33.82261198792689,eco,snow,highway,176.03200117658383
92.33613109612901,41.59786324507195,18.74767466148207,108.19027514518353,1.672466670057755,34.06840597977394,405.24376253517056,82.61397250115877,normal,fog,mixed,366.1880765940341
42.61545092049698,27.3282765705033,34.49655279450489,59.45658756784,1.7200685413559458,31.581863117450887,427.8183120974893,-78.57370358649209,normal,fog,highway,142.6567568037491
62.25295152502391,33.12913259464437,22.543941874788864,112.97108061814556,3.8022821967993314,33.65543308150548,135.7439430712779,48.784116293928236,eco,clear,city,280.2193385160727
66.90378591275774,33.90056041856482,13.762326329360022,107.02418452575911,2.921314636363968,30.5775553918103,204.41530825773947,15.871646286465307,normal,snow,city,244.81786606642947
11.178501092950027,27.5214882540142,32.73037813666856,69.17518277510807,0.1904635579476427,34.75453793125059,363.007177157452,-28.361756949483194,sport,fog,city,39.8821388900503
69.71836348150396,19.329361310624446,13.568405508649874,112.06721257798361,4.38724241825488,32.27862462592092,49.527815448485335,-84.17152081339614,eco,fog,highway,272.2443050114656
26.02323701827763,17.806782207370066,33.43140852551805,38.77064967534628,1.4839807024008227,35.54886257458924,377.76676716967,20.947301969348104,normal,clear,mixed,94.6916934861278
96.49632857225096,15.500146517988993,4.5788384787882634,43.87705952450536,4.985374384565718,28.630517113152273,55.236463027372004,-94.71202338521738,eco,clear,highway,405.7394044249198
23.379645497780167,41.20602792735644,-3.559346311850594,5.457354156724432,4.770953651673929,32.114214596336595,457.22786613402906,0.25641982920150497,sport,fog,city,35.505859346784334
47.316171135432135,22.094247367160836,32.76572321814692,70.70410881166237,4.702653583409826,34.13164196798159,138.16964664817672,20.84171515873099,normal,rain,highway,147.00132889894533
17.681470127077947,21.34520247845304,19.37075818963334,86.630876391472,4.0556380203198685,32.80122118458892,287.7996734336779,46.5047494575044,eco,clear,mixed,36.72105437456374
99.71868266613527,37.08106201278197,34.45461991244801,92.82230282905238,1.103066658417713,28.185553123414742,58.576750038136396,98.26692684496919,sport,fog,highway,321.8858863730417
55.19755092981183,24.600483392621754,36.89136034961916,17.977954325532398,2.6631637201439102,35.77870942675105,134.74657733123934,-47.98125729844702,normal,rain,city,218.66387747453726
63.58465155880394,30.1813407723551,-7.318580481427541,53.29908867750004,1.121513134124873,30.386109544607187,201.9775217435527,-35.52203572530499,eco,fog,mixed,302.59436431991344
16.036882964958473,19.875331958923688,15.048465092943417,21.223585451269877,1.2983772779447462,29.994222930931056,243.52443834150716,-31.770930638201605,sport,snow,city,49.55999865699856
77.496442335926,43.79237164385908,8.748227453726464,79.45528186250986,3.054758847181387,31.885279004852634,0.03374882328721629,46.316542371767014,sport,rain,mixed,261.5728912772176
28.891503378602717,40.54744200051712,21.292919853505857,18.953564690612176,0.20416772676531691,32.33726486018679,444.3278811902342,86.36385365122277,sport,snow,mixed,82.79629557045511
90.82488604966424,40.9136886889501,29.67955986011618,108.499642074729,4.847292834103538,34.1303051007186,3.837404779438558,94.86474991631175,sport,fog,city,312.0916118646113
28.462567643380645,27.203212457160156,4.029510798718448,27.6761574793696,4.593365862889822,31.146189261271914,386.8422814972125,89.16227331162582,sport,rain,city,56.97010872215912
27.16189485972999,37.87083641121518,17.839919218658583,34.96827195458938,1.9038378607885993,31.519683011697698,235.28945617818547,75.87660154304868,normal,snow,city,82.69956465477556
13.28947010632854,19.316284661693405,25.43642899524498,102.10875865811997,2.577112240034565,32.279679327470646,261.9400124506882,98.1954747641262,sport,clear,highway,16.138274009435857
52.48602505989993,15.258570077753408,-3.278445858213299,55.016113217486854,2.330597096338795,31.155096797933126,104.13273966727044,-24.810854633100618,normal,rain,city,208.7720016693539
60.83570199363548,15.599187977340844,30.703345297563345,2.879513496008763,4.410998893087349,35.316384632809246,303.68417517285206,89.66426399974128,normal,clear,mixed,216.73468017767607
15.913777548551714,32.598052122136814,20.305479992648653,59.35035014431749,3.443009381580555,34.81001573307402,268.61595458472607,52.20399247918232,eco,clear,highway,39.35381728169763
79.79748550255096,28.661847157438224,37.47687185568259,10.145200245614765,1.3905562371217823,31.639789560623026,82.11820331014769,-66.30802809440435,eco,snow,highway,297.7325633316257
50.795995127322485,30.540460467255592,6.976445956534665,118.24136624247728,2.2342062723264844,28.001558898698537,119.05950067460958,-90.90696242455954,normal,fog,highway,187.05783327513558
57.195124239482205,15.223894212516582,-4.592702883140067,70.57338845467228,2.1448298784338187,35.20747596423425,33.45181450622859,-57.10320842593555,sport,snow,highway,154.72255899385772
49.668647224440534,27.68059858972277,15.325060051846265,30.783914113317415,4.796675841419593,28.994692587515722,33.14178604472634,55.75022485752524,sport,fog,highway,138.72525891272863
46.06867547877934,36.54204483602582,-5.709461414528057,67.64612154571412,0.8765545525731983,29.95609932155237,6.8878929762132834,26.339376245176837,normal,snow,highway,151.67263090187043
60.36762981773961,28.280811059023076,38.47632616620034,9.224052405810582,0.4478816864721452,29.218890274923186,110.23716274154188,-55.12874853066296,sport,snow,city,209.71027071619642
23.971622133764125,36.96657618936666,-8.065752087140423,95.98695651225805,4.403094160808451,29.43852455984819,339.8306136985278,48.38429089427186,normal,rain,mixed,49.60529832039088
26.3735317445744,21.990568931905045,27.6751950553654,111.03936646369965,4.483429947529355,34.423020303118676,158.10769407117814,-71.7355521123594,eco,fog,city,90.77578224272605
87.56070589121656,39.39426013445176,16.255119907112203,104.93332658473915,4.358695439560823,32.63601153332739,171.36713493368833,64.36827877173889,sport,clear,mixed,292.1071302651389
95.15039159202695,32.652937213603565,8.431032624914433,41.010912275827536,2.5548845781277816,35.648761305002786,65.95269662772235,58.83219519414641,sport,fog,highway,310.0117797583417
43.597838465177766,21.322892982897187,-6.707891774567267,39.09217435720422,3.2987221413473025,29.85162809858973,287.73533382821,94.51519414120969,sport,fog,city,124.63487258061625
34.367020582919835,22.10161427561499,21.108346208680388,4.210513345956,2.8168152378049194,31.88507926504987,171.07182077336864,-69.94408707413638,eco,snow,city,129.79404875552135
67.95995889151142,33.840913937086114,19.261016469547762,78.16804304411001,0.3472391302720046,35.81942695265976,338.15840171510735,81.32259888292006,sport,clear,city,261.5117145583172
46.78607539882868,39.8981877963733,4.044163653379988,64.18857410277539,2.9791744845036123,34.61154811419816,370.7297344212767,-31.779467255632298,normal,rain,mixed,170.31111067271172
12.284772009431038,27.468833460874656,35.511085070515605,55.12156455928096,0.06807073628050442,33.82892543296393,292.346437624191,-16.788027040937664,sport,snow,highway,36.11761998524002
24.053733762957133,22.749012873827766,5.205500367141845,108.91571440016484,1.6249370477854308,29.511801610966337,138.03476840601815,-6.310987422646107,normal,rain,highway,67.76804216324304
74.43750059626578,41.01034820731802,12.486270529605306,20.145468129941555,4.6614628793658355,34.15524320727773,254.30389966862717,25.380810640511157,sport,rain,highway,210.302873613935
69.30315477191363,35.07804875252505,17.188122795932784,1.1599520028218802,1.520226348179038,30.780520980767342,125.96540234115167,98.95267402360855,normal,fog,mixed,281.9259766798183
12.438639325313513,28.442564618492295,-4.988406091185695,8.797974254491852,4.69913321322124,32.24429517637406,451.45641767695906,19.991760611046644,eco,clear,city,0.0
29.97749457396545,29.637005858379055,36.60808596068161,26.80457253928427,1.2506697857462212,32.87328970431632,383.1928750412786,85.34317300808146,sport,fog,mixed,94.5201241337636
30.796731692926425,21.127694038091892,8.726807622552055,3.994265911614834,1.5728112023076624,32.87490969219403,246.50295300278313,-48.9943595830554,eco,clear,highway,126.8254091601636
70.47034692388556,33.80407890194532,-5.961039306282819,60.341245277176256,3.1420374821927677,33.81218777530813,482.7285715890733,-20.31766763697007,eco,rain,mixed,304.21631390210257
11.773948397892774,25.76227531628666,9.364558683766496,37.69085462802936,3.8081348639464743,33.29361674113765,273.37772336509397,0.8999058877161588,sport,fog,mixed,10.55806632288354
19.369772378611646,44.86935530023048,20.010127354629034,21.65796096817592,2.50693884002442,28.54696703448472,164.2677384784741,-35.41960204266586,sport,rain,mixed,46.76086006204399
81.99244768358705,29.405505457856634,15.682633591066477,90.01008899383946,4.410578435970777,31.658776207592858,47.73365039702354,95.37342059286601,normal,snow,highway,242.31176917400768
26.069019584890025,29.576568185688394,24.727098701863703,24.534159147903605,0.20120210805309624,33.31217285375983,271.8728224067068,45.13671077944542,sport,clear,city,100.09181488951577
68.74714970666872,31.975553622320156,-7.225802896604469,82.5126121192552,4.610974193171852,30.36794385732583,430.20830579067274,-4.223729563487979,sport,rain,highway,191.95580955218222
31.436450294205386,42.502680093562404,4.227030513602806,41.911788701716674,0.9815389994770402,30.504453497731117,433.35936407822436,50.260940241958764,normal,rain,mixed,120.42912844459565
18.949725348341065,39.02454299579251,30.961528842005116,61.419331279506544,4.421193725423279,28.996540382036926,302.2835333413742,-6.5115001834697495,normal,clear,city,45.178460460826294
31.88549718995087,28.533902093935243,-6.005315610431957,112.06404478215838,2.0043158974319026,31.348919887798843,196.7191816171064,-96.5549345264148,sport,rain,city,97.05851576783922
75.00402386700932,36.560977979183875,32.77429773479788,4.482196177897539,4.163785279355189,35.894643474449396,325.14815404533994,8.63868156206722,sport,snow,highway,191.0285295804703
87.01268212956572,32.58706496342285,-5.405195396144688,60.03174089729542,3.3583277490184753,30.282554890304297,381.0701772795197,25.037043752240322,sport,rain,highway,256.73085703481934
84.71978781102925,29.771011461037467,31.72271074458481,102.53075523931419,0.8797081623913106,32.25149514148878,205.8123921970631,96.24148374371234,eco,rain,city,412.18308732902176
45.74651766566093,20.769473183530515,8.039420053936333,70.55690980444182,4.590237849407242,33.945898022232676,238.12708460746268,-91.84143034787647,eco,clear,mixed,192.44749773735316
70.12766229135815,28.91808790364673,20.61045316286079,33.224462035818796,1.2275869524422984,28.107978167074165,340.3081536889715,2.419391491026772,sport,clear,highway,225.74777254288824
28.448586587423886,22.37455761067724,-2.3556442176000916,47.72173621740412,1.2207005934749953,35.20351647678639,438.3263030513732,-80.36904865832764,normal,snow,city,105.47218177295134
36.383295723491194,42.44526449554964,-6.691563913740958,81.63187544742894,4.070894483186903,31.09240147779951,395.50518907113747,-70.20081968580791,sport,rain,city,97.09995033382184
90.67022366690078,25.06220440489041,0.7969102010067548,106.89742731765637,0.5293662778626052,34.95292789368786,11.195684660174344,22.092667793695213,sport,fog,mixed,339.29330161005083
11.170173115966243,43.56792043600117,-3.607309104565223,4.927964849593391,1.1101795318523018,28.311581271195823,62.18617189229392,-53.68645754670054,eco,snow,city,36.270100576529984
17.695767776902127,30.991658702841335,5.62029488398159,8.584658626845169,2.5183878671053117,29.165308414909408,426.3890901427609,49.83482225900491,sport,fog,highway,32.3108843478041
28.70976296314246,33.94633136028481,15.719162325551011,39.006182833150504,4.152385143433122,30.580235635820472,416.9114140225168,2.839738519054549,sport,rain,city,69.58404544905886
12.387898348643773,31.28821333467983,19.437973178250477,27.933562132497478,0.7374198736863374,30.763694184506228,194.4033915743546,-56.35742296685255,eco,rain,mixed,50.608400290963075
26.329189158081757,18.881418509001026,29.493405368987148,31.79170634668872,2.7383411725617317,34.782353784224135,292.1389611788328,-1.2416644797869907,eco,clear,mixed,107.85795384430693
62.473740487272295,26.27463657023823,22.81199466241793,26.55239983510571,3.5562029590146977,28.08960892310588,452.92249121432314,-99.82365461837585,normal,snow,mixed,206.0787170849917
47.92820955332481,17.974383368328716,20.43791625647765,23.499005862618926,4.302976123579756,33.128894211757434,455.77934050354816,72.54800873156819,normal,fog,highway,150.56255230430557
90.34045399692774,33.68862132550145,10.589101374288731,15.674876024315015,4.677827801011098,29.050499489428404,391.5464228804454,-97.46432458884743,normal,rain,highway,307.99736503830064
83.56992055645968,28.406225856013165,13.690421748006933,112.07449581542856,3.923199572344662,34.5857252056884,104.79446917983948,-98.5980215015635,sport,rain,highway,247.94113639006073
40.76356165280884,38.3395491471281,10.726041469509056,17.302735668738368,3.2641419911100096,34.2285861276633,365.14140367697246,22.300788635929408,normal,clear,city,149.33237808478358
33.34810900881632,21.614114429981093,32.10830150306916,24.52845297186434,2.1681004265638295,31.999368219289604,50.54921617352831,94.70418515801657,eco,clear,mixed,144.58172540841008
44.17231673505402,19.936981752880047,1.5000226274199928,29.551886877694287,0.5605507709420982,29.701497804099002,446.9692297272845,71.18669687079574,normal,clear,mixed,177.14006010663866
63.1265448263327,27.189966928913034,-9.713953422901769,111.96178477565046,3.5486859626276064,33.07596312772445,74.57440178935725,-49.59621748210967,sport,snow,mixed,183.93069262376667
34.125727674058865,42.79756149655144,22.565994861311964,90.68569603213017,4.963686522377435,29.250066541261166,331.17432005572545,-60.66663777046286,sport,snow,highway,70.97819258972594
66.17340170642206,36.31265445037235,0.12310918194156883,94.76393163786176,3.6838029736604994,29.520190340741227,305.12163712617433,25.22243612669108,normal,rain,mixed,243.94679594784753
46.84704869721164,27.56770874378756,34.505756815490464,12.570991144619764,0.0835554686886314,33.01351921780286,388.44982793979153,64.52754940441548,sport,fog,city,177.4842746085808
59.68424627667822,30.518165092629317,32.9523164853328,100.3571850018806,2.481299890209194,35.929827568708994,275.78875117922775,-27.584265819994044,sport,snow,city,185.43897164967143
49.2513876221785,17.52639033531295,-6.163631403589705,48.98316981809016,3.0732331624145193,35.12848669802037,29.78328768786609,-13.529081926584823,sport,clear,highway,152.1141717144904
36.50191835877259,44.5372768912834,-4.680579729296133,31.538763145486648,3.448371005514215,32.74485886146942,352.9231270220746,-76.90209726444976,normal,clear,highway,108.80648527670456
95.3607976265941,34.99221914084757,14.758579612333314,69.09001002243727,3.598629178003543,32.30829415013939,191.57727941763397,-69.43471574892817,sport,snow,highway,261.58675859655887
78.72452147437848,23.562122053902677,20.461133138467734,98.66194869800808,2.79054220608262,35.98707904006487,160.14250060955493,13.670319005204163,normal,rain,mixed,313.0057009383427
22.61018581898073,32.57425182645733,3.7454168741120384,93.43825812898912,1.1168016636712013,32.37917718107115,495.8367747668674,-79.46877085031261,normal,rain,mixed,71.55626503242664
88.16211783081215,18.28447098206982,25.839885834968534,106.79969790973585,4.711003307382733,31.36093217567555,295.1998829798639,-59.5907750408198,sport,rain,mixed,289.93846815333166
53.86880784245623,43.975100064227505,19.745801045943576,111.37586232185326,3.4833323383183097,35.27644428620273,355.35953663470565,-53.06459519762319,normal,rain,city,196.95720760356446
90.50970042046822,20.24354963650098,6.2412054874277345,28.574648571329945,1.1842001843470473,29.873474366954305,263.1630684678242,-11.215093357273929,normal,clear,city,404.9266661607825
81.98697303525837,34.440909541656424,-8.73142559788422,50.8629473003126,1.6116091613513643,28.780207922374473,384.98632297582634,-90.87760717527276,sport,snow,mixed,233.19842335910818
48.26921540223101,22.363633876167913,27.507514064925886,1.7554247046084015,4.6096383531518486,33.07272027489464,376.0363677499876,-0.045805661412273935,sport,clear,city,157.08537692175884
12.022237748810566,36.526841479456074,0.737683291254136,105.5185991118072,4.437425933536679,28.76679707014999,328.57305784008025,85.73488127881629,normal,fog,city,0.0
34.180962344645145,38.30464101720843,31.723687173131417,18.548658176972104,2.025732191790448,30.98518829562368,498.8715307218884,-95.10726777618548,eco,rain,highway,123.56243218794145
58.747079319478026,35.202591867342974,11.01451300271276,103.37697748112332,0.1915361099572549,31.388619084653765,229.89676704156886,26.196973041493067,eco,rain,mixed,279.78651674279007
67.01303978435325,33.434983807655776,18.853872131588272,39.526478638391566,0.24248684446969093,32.380304536393865,353.0961741490775,67.16847303030846,eco,fog,city,341.0237374470551
33.20989168898821,41.77407281856035,33.64743652045009,44.17603079773659,1.4195914545919452,35.9332763659837,398.8889814024591,-37.50783149016457,eco,fog,city,150.3746445196117
22.54204666655417,17.358801329692742,33.18115004599767,4.695870538063125,3.1456110966949975,29.767853786665448,188.01735479727216,-73.69629099615503,normal,clear,mixed,63.06233284553068
85.14372131193691,24.927442973405856,8.575978762178664,39.22545477183835,2.9209731766728093,31.006051028055296,228.58751377680932,-91.33204247814739,sport,fog,mixed,297.21794967658263
98.5961962633197,22.448624388925378,0.44444463574215654,106.60364193615169,3.1691389347197134,29.057920995285265,484.5836331952927,28.78061188716049,eco,rain,highway,398.43580004077035
57.312116407241724,44.640418861962644,28.75730388642973,3.065688134592497,3.5864148596605334,32.860908208265876,16.145508563304045,10.446876045813667,sport,fog,highway,172.63115923125707
25.451135726347317,26.681693390006203,11.65401018010656,48.75929676560704,0.09516126796369206,33.82138545846267,167.64782698045715,-54.14100232160048,eco,clear,mixed,138.82730909627975
34.50765938674321,36.97838097721196,-0.39790032204979653,3.7679555775289364,0.5254279758622143,31.85661458588703,243.10648116933498,66.3234615263496,eco,fog,city,162.31829235411803
11.655160889272006,35.541754916430136,35.22126711585751,44.510811013087796,1.797417259136063,29.96665014631977,0.7324965345951173,47.101270430468674,eco,fog,highway,24.876821140272977
92.28689259044491,21.362437124321332,-0.09479028794563149,20.71687689363494,0.7742999876079087,32.96710615345398,449.56355050330586,-44.71424300264337,sport,clear,mixed,343.12607469436625
20.597597460112702,22.169930406346538,-8.709641590438446,30.266207192204643,0.3766002127227708,32.3132617869508,143.12220010607933,50.67260457292676,sport,clear,highway,59.158131015949046
61.88648279628282,23.438536906591025,-8.986001311629002,105.31180477937028,3.2048219799866597,29.369485787229742,128.85241605472214,-51.00115729984549,eco,clear,city,289.1752777155193
34.66496986184854,27.333818347781374,21.115767822713213,52.32590647462692,4.076682387455495,31.24545520401704,410.1630976768709,35.05349237327218,sport,rain,city,91.22500031335377
59.87602022642141,22.029751969515804,23.08375303587652,32.855758968229466,3.7631332871714123,31.48157673308156,138.99161425123768,-76.29099178522412,eco,rain,mixed,247.3890857821708
68.62783495166778,15.589544482405435,5.552085252849196,70.72060535406574,4.085198893045896,35.860942030171465,328.8112969510112,38.44789266664145,normal,fog,highway,229.7701971903515
84.67676233364814,41.381791704215864,6.00054946235317,17.052835179909884,3.329282720289386,34.79428665724417,410.7515719509796,-52.24511620354795,sport,rain,city,297.2066264892067
28.577914458454288,43.96829494142652,6.974695752997139,31.126992890502706,3.676726609071011,33.87496630618875,396.2384238551862,14.493870848342823,eco,snow,city,92.09955526431679
10.989624579263243,25.247111610947037,24.007927337943933,65.54975611234663,1.3588938710415066,35.11021620402358,390.97536871296444,-65.50722662962349,normal,clear,highway,35.680999451424675
22.319706706192655,25.155206382764185,-7.0933104486585705,28.50276502176826,4.965040181420822,33.88387524662972,44.318784932617426,45.19338951359046,normal,snow,mixed,45.487140506638774
91.00167776632946,15.212754383231129,36.45581763456628,81.49532848810479,0.9158282724694355,35.22721484100587,39.9234837861821,-87.82408512138966,eco,clear,highway,418.12568986724824
88.65010698062638,35.40752064991122,1.1260522088723217,58.97895627114271,1.0724693719469125,28.436424919036064,153.38501786869375,-66.91644263945625,normal,fog,highway,345.494121605067
63.76717919532775,39.76319687245886,39.983660262104614,92.63868843056291,1.4446091590792343,31.648529674135332,17.973940598008888,-63.1727040258327,normal,clear,highway,242.59583229059606
64.0465174390288,19.398249010800093,-1.4238653106406503,113.78934428669623,4.876662150532894,33.975186681934666,250.2148682596322,-91.7312828292003,eco,rain,highway,237.51655660077057
69.853300709163,19.78999048101452,28.577322865618875,13.896586721688928,4.941442946769531,32.666366372880105,197.39103313510913,49.00250323204912,normal,fog,highway,221.09827584091389
25.783415076110465,38.702497499143135,1.170627246481251,40.15980119814538,3.9744687485324874,29.401329313206293,278.5129562715746,96.19050094798655,normal,clear,city,68.69881534600765
92.29707513324638,33.48872245062434,-5.957659917837301,38.345887545408786,3.1452879927981687,30.723936692228275,149.39426933484523,55.67955768233648,eco,fog,mixed,422.1817827575374
47.68934724028658,16.34581672883151,33.74666621753244,18.14195032047051,2.600312875923067,30.542195000213532,242.8770014952135,72.12639242447912,eco,fog,mixed,201.32111932284616
44.48246754245477,33.67640971386845,32.93756295954459,97.2363764800165,4.853104228434228,30.090775305474686,167.37238292952688,-98.79846793234456,normal,fog,city,156.1271711088601
56.70259347545538,24.26753168531298,10.178519622480067,91.1854444846548,3.4781140142912377,30.745084428111728,97.6040461116543,-76.42600724508135,sport,snow,mixed,167.5192225476167
14.226937009754954,26.061754664125377,25.11980712702134,58.13105650012788,4.723650641630151,32.11882630768897,324.68334056890745,11.804067858972473,eco,rain,mixed,16.189824991257957
24.965503188047148,38.0919425489064,17.853296634195857,64.53249333535315,1.5827539973881195,34.838952198266206,336.7179507495926,95.57377695883349,sport,fog,highway,69.83219829612953
76.42302547837333,39.32805578017832,32.64780568368744,7.14529656029955,1.668873961347828,33.93626129915005,414.61584637487505,32.14258620964071,eco,rain,mixed,342.93641850048203
17.45188011326138,27.01069880519492,5.752798465932722,66.66088227924547,4.273622970592178,34.68199763212987,437.3758915768624,-25.172661252384472,sport,clear,highway,25.81635125891832
64.28368985197494,43.41458808019064,16.183619999949258,94.96098288235638,0.7492746029264719,35.06882995650469,352.2309521839577,-70.77013890370816,eco,fog,mixed,306.66882352734666
32.081419871318886,27.193881538562167,14.268618560227523,68.85930883006286,4.729639306480379,31.329203648780858,343.749043348756,-69.43286112346985,normal,rain,city,98.66720700913176
45.036605263777886,38.1550810569033,7.6952913128429365,31.83676441445027,2.5373717733170373,30.768210272213977,28.337832668236253,-27.449359536643243,normal,fog,mixed,183.33204309339808
35.98243630936299,29.51631793692777,34.57275322781861,80.10579268012047,4.632069392918488,28.460987053473296,54.88962072908576,42.76203946880145,sport,snow,city,86.91976526117183
42.01054448184542,41.925969795662525,-1.7061037668732268,43.37861159582972,1.6839639436290654,35.44393297501148,406.2813551954367,-93.63614179501786,sport,clear,highway,127.4236645749197
74.71413146658209,42.232837309505356,-2.524568023965193,65.38479411428823,3.579794520696985,28.52658414350515,116.47563081181578,70.43551829232771,eco,snow,highway,254.66010336869604
36.74095440608575,17.622504236132514,18.84547676613757,58.507843593470966,2.4143756098634483,33.929084122963765,177.7825301085415,88.31028713796115,eco,fog,highway,135.80864011534294
60.976417626720746,43.09479993930677,22.8747114992471,45.74100011582161,3.134018151227365,31.024866435724697,72.64867683793841,77.76329210616623,sport,rain,highway,174.58049857564026
52.84453619791897,39.766045245612474,-0.2690372837717412,86.26535764729621,2.521862465695761,35.59024619599349,97.5759842874595,82.6053818793786,sport,fog,city,181.09265819715674
69.73040488263834,38.739321429380006,9.535872112731205,106.06513343830582,4.835578086856807,31.35681616747303,387.7086176851031,-96.93214411634725,normal,fog,mixed,258.85331587566003
94.31467653922822,21.027340190565674,37.328192148937184,0.6255022172309932,3.460526989069586,34.53286681083773,130.92980975776914,95.55846318997916,sport,fog,highway,293.56749471157514
75.93148874892253,39.153576262639945,2.3308711345337,112.03398230764407,1.2565948431315772,30.261238657309413,224.51748313209507,-26.728577021930235,normal,snow,highway,246.95611875598064
29.34463407316811,40.50398204055111,23.418035105869706,61.381816329987,4.548384609525423,30.392709737950774,75.83568652961964,73.85622367303495,sport,snow,highway,50.02644313310681
12.80648215551562,23.67451003362453,27.00746968487954,84.08782564359183,1.4701486907755217,32.76415527902748,338.9649531580493,-62.63822586007717,normal,rain,city,40.20856364687137
33.60376398698426,43.56780235086971,12.406434973257976,102.67494794110526,1.8580254965042813,35.98386106965979,364.1348670667381,-10.694851467552624,normal,clear,city,128.9900403937642
63.55701376302294,16.49580439197493,36.87629933797915,56.0524430777124,0.5106184901010669,32.14057934383357,180.84615894935692,-91.16712227520468,normal,clear,city,293.0428752542219
14.628323213582531,19.49727759741419,26.83283676093952,100.19688880378683,4.499832598980954,35.49046909114632,392.3733230613753,-91.98480063143455,eco,rain,mixed,25.86639232831107
54.67296224811127,31.12743414154543,12.896228993044893,21.314378334624266,1.4305601161393149,34.289998625989824,119.95332596106323,88.65522015392764,normal,fog,mixed,227.36417113315363
63.71585640252003,32.27377413366929,18.466760088804698,19.100104137577738,1.2945880896569117,34.36691451341788,345.95193105007803,62.121322505807825,sport,clear,highway,199.52920546231073
40.08195017352647,34.354502499027106,24.630672171255036,78.89656426273842,4.60131298997477,31.487679913030114,364.98229071022695,5.96520888275866,sport,snow,city,101.85074143332159
79.38209833712398,15.509073879463994,19.609509021460912,104.41716066620846,4.0276343120251665,31.092338001382405,484.3286888943881,5.091634712907563,sport,rain,mixed,243.8275749392225
19.593842782039463,43.81100323866391,33.93487919130379,107.09114130432472,0.705394607596872,29.535374464726523,116.16083259335814,49.75092369523725,eco,rain,mixed,72.67451011944908
16.762400356222788,16.337642782024318,7.84443311402006,77.24885500526959,3.8466225195184034,35.711530135869225,46.85524002137637,-31.66624368590199,normal,fog,city,38.30854875458026
75.5369880583243,19.291858581702073,4.994287002790246,63.058707625118096,4.565165490268954,35.675148899550564,131.5177111448933,52.37385517239042,eco,clear,mixed,344.3745407901319
54.59421845855786,15.42043552578171,0.6919444747632149,39.767170523581946,0.3925560910537196,33.97654187448146,61.43109829105953,-2.998324001345523,normal,clear,city,251.8207204022487
71.95621567849625,32.00575299882284,-8.110851596770242,117.60004987191977,4.126074974522865,30.370019598821358,84.84715424715483,27.583480582292992,sport,fog,city,240.38372869903523
49.13446047433716,42.96800651762916,-7.849301780997234,38.36348239995006,2.73710025936528,29.96143632273826,167.0572559279872,92.96589002062956,normal,rain,city,182.23454991783663
32.17618299151961,34.97841498241392,33.50275965546414,89.30233286779118,3.345987246894003,35.90888193909571,206.99537336100045,-5.736888495947696,eco,rain,highway,112.44277117450302
83.71920859067798,39.679724054412816,23.919657320295364,63.837815988600084,2.4642716945246845,28.53234252086542,451.8621128756898,-16.319068050709973,eco,rain,mixed,370.89661977407235
81.94742910720814,15.398436103757403,23.026620771824305,73.02148110304161,3.4890154245263933,34.74851433713047,97.80788575001054,81.1498347882717,eco,rain,highway,323.1450407392368
72.52268237689842,31.260458954391783,20.732140946744302,47.21766607063514,0.17048930833376608,30.843664003859796,485.8794879606081,80.51609898326879,eco,snow,city,315.9803257371245
34.49306235069665,28.786889325165657,32.46095723470524,115.77877505666973,3.8135336161164184,31.350957757817763,405.07660494808584,98.48374037663515,sport,snow,mixed,72.09392228365736
63.12076001821784,29.969038326623792,14.013346283281372,68.60187913191253,0.16671848929479205,34.6558211899907,440.7356949467205,10.172599861661837,eco,rain,mixed,298.7621088088899
42.48765072460241,17.166395560055637,33.52054142791501,112.5345156550548,2.2764992387367173,28.724824128042865,464.7219948701217,-31.147691794679446,eco,rain,highway,160.78596968368123
18.242386599397072,35.53306083207922,7.972251309111957,0.9109699408696947,0.7548249656514744,30.833357428162056,376.62059857056033,-51.92198736445928,eco,rain,highway,68.67457833604723
92.55822179160185,30.096612445759035,36.335375216954525,68.72046998293452,4.117871386756536,35.616194217356586,394.38991580853053,-93.18072860966764,sport,snow,mixed,274.83610479973584
22.313676782706526,37.95446549583792,24.932849004062007,86.06242676703258,1.568304545878343,33.592527302170055,218.90914830280977,45.345724842177106,normal,fog,highway,59.5103609848455
95.52136184387221,29.55871902185146,2.858856801221364,89.40962053946616,2.2704677230216626,34.03951331844712,255.22511733812198,-53.304765252910656,sport,clear,highway,315.68580889848516
50.140519566216014,19.481449086792963,18.204246084431254,108.59722581380176,2.143753706491558,34.06004240764381,466.24271338331715,21.328177045131454,sport,snow,city,161.38174739859443
26.66196359547577,34.44770862233466,16.651528074412777,0.5281930804543533,3.8625098284235326,28.484560665311555,189.12795577632474,83.3184730728791,sport,rain,mixed,68.80321892719356
58.77108526405223,20.171590863154986,-3.105058913483302,0.039619111137172425,2.4057217989798776,29.625660746083447,20.973536532103598,90.04272147890535,normal,rain,city,231.14422815991136
88.56512522887675,41.17183690064445,19.562145287530704,56.67161529542584,3.9447916750517305,31.930106048649694,381.37719273738645,-99.11797320393794,eco,rain,city,424.87987150313745
75.9002397768605,33.39348717207724,5.739281185847897,3.515244600644478,0.3675413840133762,30.945201859803,286.57875585875917,-36.58499372472872,sport,rain,mixed,269.3978105981762
82.59050330753047,19.716116506708627,-7.382561659519879,116.94390643948495,0.9579698395149755,31.28729834506283,407.4379811716558,67.47560589304538,eco,fog,mixed,383.0230994039098
69.29050300396456,43.87014172443621,37.432807885328245,26.647820944967037,2.7576712482318033,34.251579029005384,37.77563330548106,7.28904107030705,eco,snow,city,290.0495333418927
72.30489080660672,30.55096390005962,22.074518453214388,56.719767523781364,4.735441623763475,28.11743388054188,310.6159952378949,61.50174669643056,normal,clear,mixed,272.9481385983946
86.42760864087873,17.18695355614965,33.84594659354235,7.336515601466833,0.3737892336089016,33.28393541056991,123.852943995379,70.6646565675876,normal,rain,city,363.32153159321666
32.470120797326736,33.80498713245201,23.802800250662656,62.645809940551025,0.21542108078432154,28.00088185441458,451.63429724724205,-11.474756011735437,sport,fog,city,120.88182472779225
54.04824672788264,22.59596721038431,7.849184607005647,45.59473501768902,0.7827533746392784,28.50446820460995,54.95496987087284,-28.20341239504289,normal,fog,highway,205.74471951583234
29.908849763764202,39.11080355631907,15.634403616440572,5.359203465266851,3.2057656443007825,31.26628895870099,421.5346363625315,-8.913346789894902,normal,rain,city,97.99205565738649
98.89012071969823,39.534662206985715,23.787338017358856,40.21491200354697,1.9949645833512357,34.72758815843857,44.27712598595518,30.55904052485326,normal,rain,mixed,405.79969663657835
94.9653405717952,44.368420675639854,38.01261626007188,46.97232242674267,4.1277618970884316,29.159966124515684,12.548677748499049,-26.56816942263633,eco,clear,city,465.7517551086331
13.54841302316553,30.05608593073511,2.683472956084824,118.7905789529928,0.35966575740682905,32.436971273028895,117.52971502096116,54.99765773955053,normal,snow,city,42.14210567994796
73.50176552641196,28.648706391832114,33.74885293120588,24.946304630325056,0.9820704340735054,33.428041814613955,166.5222704633419,80.79855873700447,sport,clear,mixed,271.48860391666165
93.27234856740992,37.60426816339442,36.20389026471347,65.37355384441196,1.5001320273244785,29.836263073377285,313.26438590593557,-43.5377595682547,normal,snow,mixed,340.6816212961184
26.25178106146002,18.974119690257798,23.520775732947826,118.47786590383544,3.1336504334439264,32.09864204215666,65.8622986805269,92.9979288348479,sport,fog,highway,57.7626668931126
61.11507074973665,31.407465413793727,36.56333137006689,95.04230495281621,3.425863451507736,35.29125826510554,218.66496679553748,24.545049345062125,sport,fog,mixed,197.66814376101408
92.39394678292376,31.38742800392553,9.893929373868424,119.20410010585067,0.6210164698188692,32.09782820292426,102.13180105143688,75.6337542439482,normal,rain,city,396.8903604063106
13.055138072721896,17.684193684311616,37.65080880202214,116.19579775922031,4.719023544958698,29.258584494301182,427.6516607735316,-79.2167129455789,eco,clear,mixed,0.21051011355254712
72.76782405221559,27.539522565207406,25.139143858298745,58.744745051298516,1.7052206759510458,33.02251437350036,22.483253975652485,-49.70017258875225,sport,clear,mixed,269.1004326018018
36.761410663529574,40.59854395701606,-7.899711629059405,83.56510198446789,3.5658438150014153,32.73760144006811,177.96886334426054,-35.79618411348156,sport,rain,highway,95.1741761519567
93.19565758388774,40.68460865983981,35.343641590952636,13.253175232938133,2.621038594738494,28.215638078385048,315.6870399845544,-39.43556976509734,sport,clear,city,346.3227928779834
97.39524206488309,17.97712994759043,14.223640451659627,52.937859005616225,1.113790567735533,28.724755245980532,456.54408902596947,-65.62776868029363,normal,fog,highway,367.9287494191395
94.98398402020905,17.721626482434925,13.016349238891642,97.0822250720037,4.231141615577055,29.254250841128087,433.9967113469476,73.64018950496646,sport,fog,highway,278.90224043562307
52.67927949917174,22.880864310058058,18.323330298981713,60.64023851725721,4.091190140959649,29.09031262049496,447.5959997585818,-16.27757174208999,normal,rain,city,197.1836222872687
87.58383858903821,41.24298187661981,-2.530772661438604,84.32388393806782,1.9803592695834504,30.075726164487463,31.426646841491046,92.62604249335763,sport,rain,mixed,289.02469137494205
86.00944586815633,18.867077552204968,13.458302428369933,89.49015959811324,2.943037928469277,31.632842585884543,420.46163073172977,16.694473358029427,eco,snow,city,356.77048141325304
38.71904259189301,36.599904078823386,31.556360835887283,30.416296949147267,1.2891284796796987,30.973730383191874,389.95628927205956,-72.32107287102738,sport,fog,highway,109.42663157041156
84.60239267356096,18.034968588393095,-9.225877043124234,105.08392475310787,3.449258143731507,35.125199131236776,451.2158246378095,9.180941966791423,normal,fog,highway,293.6949220219973
13.330687124394336,33.69413561243476,3.6458580162185648,55.17869170910147,1.545134063102157,32.89687527525069,155.78813362900067,98.70902954484845,normal,fog,city,42.44723672765685
63.66428906338477,25.682018973574344,-9.87727067780779,25.22221243458525,4.220393671911174,35.00915479969474,455.8825531366833,13.034337419854964,sport,fog,highway,183.71294423644008
30.700795355893273,38.66741888897601,10.785565457492417,103.84990581461325,1.0869255213863716,32.21631459934079,201.3205425432239,-99.62613097408747,normal,fog,mixed,129.11730311015467
20.851019719955094,22.010713464760908,26.415775524686737,50.13825673275044,0.0740171140923207,28.71896376551472,317.04984276289997,86.61598071808382,eco,snow,mixed,73.11193787222092
16.925788146628825,34.176054881698796,29.938591455731427,90.03749260556637,1.3425402098395922,31.70629959253148,212.08949560349916,-53.02111877436213,normal,rain,city,62.21944412891863
72.66598982903258,22.07047603727655,37.25948805635033,65.76396866659115,0.9552624322974335,34.57626037473892,213.82421525782559,37.70581061379133,sport,rain,city,261.20804452825246
40.58874673912595,36.409808493364615,20.425230648539326,45.82461026814005,2.541432198624621,29.552830137336866,273.3185093974508,3.0160309910885417,eco,clear,mixed,186.44650074019225
75.22900943758853,41.21034103682246,2.731343332644773,97.18516980462832,1.0185164582828814,28.729714230021198,177.96335481041126,-34.91324863182277,normal,fog,city,337.6437930938985
15.882070671904813,18.8040539738028,36.20739745683495,70.13639179735357,3.815949353597474,30.63547790670608,396.3684971346179,-43.47209526472226,sport,fog,mixed,26.29294131016515
38.37613040475493,40.99787065786511,28.765787694018805,46.86745229124381,1.2068531900200197,31.11118264512112,316.81936770761945,85.75197250142094,normal,rain,mixed,137.1207952275071
58.55421631378035,32.80725763242894,18.721424150157226,13.151744440215243,3.5348408995632785,30.450061411247233,344.8778807694728,82.38517918396744,sport,fog,mixed,166.81272226967099
81.16508483550672,18.81331472601072,24.782010785946795,107.45343765200495,2.89235461506862,29.08192628499645,115.5174001108818,2.6269680107558315,normal,fog,mixed,319.5768822811959
38.68772526388629,27.82625566079136,36.21581775037146,4.2563502409999865,4.931249282359421,30.006718877773714,484.7876442406962,-48.30096089297216,normal,fog,city,117.2181511703589
66.33022387933082,19.825808804552935,25.619701423646084,103.58248180416675,4.999504885046158,33.458259236816886,330.0880488864827,-79.53159356560045,eco,rain,mixed,267.40019467481903
89.73799734125684,36.010436665997084,8.418725379236701,43.195382985978654,4.34763041658665,31.087428130345312,98.59793226519581,-68.68472342818288,eco,clear,mixed,433.0187155393189
65.42768693640741,37.76604403253849,25.651410114454833,76.7206516201687,3.7999168464937556,33.06039555694845,375.2451217355169,4.450345148120903,normal,rain,highway,212.28912080719215
30.96635272782704,18.17389560818397,-7.986091863230607,110.66396686028223,1.9322820700028687,32.29043023934986,86.85705160381136,-38.434007884198174,sport,fog,highway,78.32424829735253
12.196070340088422,30.18419558083933,9.32077809152906,18.20479386046781,3.766383635656518,32.39242351886135,31.692448149754192,-91.58637154800866,sport,rain,highway,15.064107447164432
88.3088986510837,39.438751680777514,10.316151592278963,68.03405707665722,4.783377685397453,29.98839646358237,263.77669807291716,-8.96652293777997,normal,snow,highway,282.1037021740931
11.914246976534843,43.08489124652989,-1.6580882789582656,91.73194348442304,0.1168878769772208,32.17234426214545,276.7619770811736,49.23785849286273,normal,fog,city,38.5625179301603
88.72315054157795,30.4055360022531,-8.845725972411492,90.91005992628689,2.689573500988694,28.188757710905612,94.4827873657993,78.33902319199751,eco,rain,highway,357.92050705528953
57.60434206244908,43.50837670834221,-3.3309381681128594,63.075829751940475,1.089991521942173,31.453949938599408,174.18947214607948,17.056809136617872,normal,rain,highway,206.21461868023061
94.51609286616066,31.070669113680893,22.731074789852755,74.96873518877497,2.7893815793442522,32.58098258551932,472.8846478393485,44.6584247684892,normal,clear,highway,341.31869556771625
81.89049121962988,26.82571483799724,30.114440818184377,90.90323929594135,2.3322354487944557,29.455964970832873,142.50161604374495,-27.185905827013528,sport,fog,city,309.2963887947498
99.81406994800037,40.44609385658686,39.41017463634871,100.92331653088941,2.878842907761422,30.05246804999161,77.78403038268434,-0.7523641566121029,eco,snow,mixed,407.7552748535219
41.564063390653914,29.78948131374267,7.318175155424715,91.41757162510365,2.754811107093621,29.756248158524954,496.28097933272704,45.92537130200586,eco,snow,highway,130.09205288843287
79.04694600380142,29.15707531693569,19.968961113055087,42.480593181749114,4.80053519584281,28.564463642123393,151.1527681902334,45.531645474458884,normal,fog,mixed,311.5457851859956
46.1737822248318,29.70937468229485,36.857248340756094,119.60716812692797,2.7609305446736805,30.78285856912072,340.1268365730393,-15.094747086099176,eco,rain,highway,165.4712147470621
53.18880582735179,40.40355005609236,-1.6479109330923691,52.14032324631653,4.231160440624336,35.83172613161552,115.7800907196332,8.733468311664552,sport,snow,city,152.11243806188858
66.47549168965331,39.958246250641565,25.882279317137133,2.9357643310720105,1.5991014340042327,30.83104325170888,275.0605984931947,84.77106791019389,normal,fog,city,278.1543073693146
88.63094027677049,27.105599773206336,27.74893665745816,43.514034190255444,2.1905034439552447,31.684292974695804,193.14099330480778,26.399520988646728,normal,snow,city,340.2318989341819
98.56751222793656,24.99899579611575,-5.5512232065330815,15.33395454886119,2.3520673802240495,33.224698007651,480.7896305795943,28.51492513731793,sport,fog,mixed,344.7758189434709
79.14460724780663,29.757840721173878,33.062469259153254,14.573113887405,1.3936402166768986,33.18798200935286,216.40293727524386,56.92405847707201,eco,snow,city,345.7302377046388
47.59901039506004,32.18317529211327,30.655252355542196,33.78420481282732,1.8989513073897761,35.59915984014899,292.0870920908621,-76.95542073680544,eco,clear,mixed,221.30074875075354
47.922130204936316,22.15011631883991,-8.329849671128278,6.405059301271301,2.992565397333876,34.860513123193,472.38313295007356,4.576858329745505,sport,fog,city,152.66592517023398
76.38240714300024,38.81865254146771,-5.445779255997426,82.62146260914757,2.900938816522662,34.351605496841216,494.6171499689775,91.88634725419641,sport,clear,highway,223.13066145520858
31.48994311914721,29.59448297197269,-7.543655305407384,8.87866610422861,3.1821767228674025,35.61301780622649,50.82918200249825,-27.667921564780215,sport,fog,highway,89.64256608708803
19.94267018182552,25.021366452598787,6.7371765899681115,24.39474665231474,1.7590895771007053,29.846123083865372,417.16035602119445,-41.0147707155818,sport,snow,highway,36.004970991173614
41.91599418766989,18.204629788919718,15.464449533996309,11.147965739294325,1.5791574757652853,32.93643355697434,191.0582470936244,20.241593120951535,eco,snow,highway,157.63382917390805
35.85150924886736,22.16535481210821,16.61738639773144,7.580127708363729,3.0580894137708152,35.09757413377725,297.4143531028064,-55.77611508693931,eco,rain,mixed,152.98715368263714
36.66773084103911,43.47843515267951,3.3833379884721317,32.130199864745,0.6643087421376248,32.993105266224816,187.52403947762275,11.189031304729795,sport,snow,city,111.4752642646926
31.024697594491894,24.152990604585796,35.579844328013706,68.62787611924439,1.2651577176606998,35.81936379685496,200.55810282739617,-68.86959782847188,sport,clear,mixed,106.05674403933843
13.78838706727257,20.06577868101106,8.413139493595658,115.76226677362101,0.21063868476497605,28.80282171125103,79.42876799255578,15.958692139581117,normal,rain,mixed,44.44555878934167
11.608654126007243,28.820183749649797,-7.722492201732375,105.06679852195275,0.36305426298040067,31.514644022345603,286.38322921393296,20.475836729035507,normal,clear,highway,30.760446759365788
98.89501507624284,24.21263230080746,5.011355577069319,105.11207105343897,1.2169163963030445,35.81890326326909,273.35797297236235,-16.31990419754743,eco,clear,city,500.0
48.49958203622761,16.054777508135825,16.555471127207774,21.128044324518914,0.09764640148459514,31.036544228559407,94.67789426919992,-23.4507149122623,normal,clear,mixed,219.75066896317477
44.58939824437135,24.69435651838252,10.411091129411602,31.788863219738413,1.2270529604373075,33.91645100079444,270.8652146669707,-50.908344319910135,normal,clear,mixed,185.73938758575028
71.16825544237628,31.323258718184057,3.6921259549629575,9.167198015436684,3.27488161531013,28.243223208629193,486.55094131554307,-33.815538433281134,normal,clear,mixed,289.7371908379366
29.642849907855776,31.551371160599007,-3.4338375117841293,93.4162007898222,0.3055353923446652,33.558696917042504,357.20429792689487,-0.3308065617273286,eco,fog,mixed,140.9122851458066
95.49650655552028,25.69676763530666,30.95822500481149,8.377956178267434,2.183683388973205,35.47701386022063,240.49127979167594,-50.46821979417979,normal,fog,city,421.2794840295765
80.77105129739968,28.41908268757802,39.80726210620959,66.8034804985024,4.5655439345977475,31.061650281520023,458.04199279068763,56.566892674372525,sport,rain,highway,224.4218786328391
18.046990208103356,43.96553754704299,6.477106676194104,29.74506867887409,3.9564241446270048,28.170398703415437,287.6571782526529,41.80704826515432,eco,clear,highway,44.821490134439586
47.58226982064355,26.32045431690935,9.081052208830197,29.213476083449372,1.527187511474286,28.22327843516387,67.5239993639017,-46.13882657080091,normal,fog,mixed,201.33888676719081
89.12064768059483,22.74680439779949,20.90187623384785,118.88700662971262,4.624027395958235,35.136186445688715,273.7548239062282,-80.5129673796904,eco,snow,city,372.2585991348564
95.02588200622692,22.304011322002804,25.922073736777065,90.81357683742449,1.6482324837386242,33.78012885677009,90.48655768293389,-99.96399220320744,normal,rain,city,426.7775266693882
52.06613601248827,28.732938381124026,9.601476740179564,100.43272299492602,0.36257748168781245,28.853491073812638,383.75241937383714,19.343770476297777,eco,fog,mixed,247.89972181297068
65.2070250289637,37.78560446150832,35.246475849090764,68.63792224128152,4.970279783840567,28.43672221640957,483.5871071473541,-57.72725070927023,sport,snow,city,184.4672197559228
25.03305514828677,21.179645525654195,18.000199461445916,104.52171448724991,4.350112635945859,34.43860290892383,180.40929227166512,-97.48350597969218,normal,rain,mixed,77.759637466931
99.20517635232788,36.27888381422304,12.51950382029655,77.45886469996235,2.329663916505462,34.47888506244287,217.45894006259726,-28.182945881595472,normal,snow,highway,335.1697275072554
30.850453124509905,15.634494700482488,22.333637657995254,113.54084457556144,3.3318826209620194,28.96417471833639,210.74823341931503,92.39969246348667,eco,clear,highway,91.99044000938639
94.84585967216131,27.56798933951838,37.64019241245866,33.76063032547641,3.356140389283351,30.412163231109094,142.64998789744092,37.98856152596346,sport,snow,highway,252.7281186830649
68.46819840931316,38.2759519560836,29.727614721085274,71.43834549394741,0.9724111536523017,34.24020851659112,397.0899824393155,71.5527405844916,normal,clear,mixed,281.7060502858802
64.69631153909732,25.16198867323294,-7.999343473243783,82.81576175242705,1.0002431657681616,32.20329656763205,308.86416637349794,-71.05218034785399,sport,rain,mixed,221.64892982158636
56.141965991485776,31.912113043361984,6.615495536997983,47.1524766033368,2.347903516759129,35.652678885802395,32.02577842827981,-85.34236907611272,normal,clear,highway,218.28783541592912
30.760283054598283,21.149376984777323,13.527234247561136,105.56495788848639,4.55786570068849,31.848501162768038,419.40316751156774,-97.69404729805551,sport,snow,mixed,62.15233154663877
25.887522880495744,37.25986173378517,5.725878610455263,117.57637957249852,0.049968874292853904,33.415663500524104,93.54411557660363,91.13245800389743,normal,clear,city,112.06131887691902
29.84375881631578,16.56837309806279,25.00937804152283,59.252338964719385,3.9125281797467966,32.078266925932674,489.57558085456054,-39.95945292929031,eco,clear,highway,93.70610149801578
26.779443592982908,40.57627934626501,31.31345749312905,46.87687857652069,0.2876339185732707,35.54372396548037,188.33156950128287,-8.099011531828396,eco,rain,city,128.3923719998237
80.16260262100779,20.945891592650042,26.567254759263577,56.63255142677504,2.391110574415589,31.18927273654087,308.2248235751619,-21.095275279645094,sport,clear,city,305.23144039489125
41.51127332500571,41.231940951249925,39.46666434141376,102.32840948783179,3.1893641653673823,29.8383716414288,38.9118094480152,46.09138707857184,normal,fog,mixed,140.67356415155658
15.205840890705673,25.57587723901552,3.6273823946514554,77.45621106218012,3.433796335412324,30.613070882247946,172.33163734417835,-38.00702360945139,normal,rain,mixed,29.040733004915285
97.21923671267302,36.6805072342346,33.74947475122107,5.372684702171409,0.2923963180795569,34.82220163332183,401.17697868039073,7.090576522810309,sport,snow,highway,280.7012255048335
89.54072964670831,24.576758933585655,28.331133258724307,65.06038925348578,2.093018086919841,31.983508508097067,238.60424597662922,99.1164529910935,normal,rain,mixed,354.14700573508856
93.49770548756916,42.177350137039426,8.108937877907305,2.0760147289163777,2.919186302511623,30.834018428017913,452.30174177201144,-11.187289731152745,eco,snow,mixed,383.2462260924192
99.54170403817918,18.79911376555123,26.70622718284843,93.42424452040865,0.33022768653003465,32.35408017447586,287.5692205254036,10.254308139951121,normal,snow,city,393.55117038832645
25.650572429753858,20.35559367817796,-4.796202179087652,39.39747282509565,0.6754727829765489,29.06583765821474,464.28609769787386,0.5056124621675622,eco,clear,mixed,100.9611249718261
45.661781701239285,29.790903754764066,29.466674117027615,56.64089785407952,3.3182449475201925,28.04287443700477,491.3049535062781,60.63723162720643,sport,rain,highway,124.51205867577968
78.24146281336822,17.458153171144385,16.61653012935513,95.84137270891584,2.6081909829532584,30.244677469547927,226.94727975913798,-46.632069193285,normal,snow,mixed,284.5215883517169
72.6418556248413,20.879405541052858,4.614508635462659,5.573858074291387,0.8091433063414527,32.84004575826834,282.578286288904,-65.9123967714406,sport,fog,highway,242.94364392461105
23.850631570586955,43.31299146636043,22.788865089209004,19.02498427099325,2.676196684573667,33.6934461572911,417.4603216256349,50.818631652972414,eco,clear,city,92.13590181526965
83.42498124915559,44.29468983443661,22.08099993572045,47.75524517341378,4.563461867222079,34.612887730815736,110.7665027679065,-16.87636272626915,sport,clear,city,298.3861332897116
30.19965146529946,26.28777987991266,0.47431113597998475,27.59101962546727,0.07793792387681964,35.41330847515576,430.8147868905548,82.74520179533744,sport,snow,city,89.97583255962773
30.14358533403608,42.698580630418064,-8.480129259423693,40.548171093007575,3.213168867429273,31.296898775718144,295.9600701886348,28.831857158679526,normal,fog,highway,82.44419137792899
58.32769806040722,31.34474027020295,11.681129345083693,119.7809685470958,0.36825217302670965,33.924134396459635,362.7500676922627,12.868622342348516,sport,clear,city,224.36788307642954
63.364594135753286,23.09227397621301,18.47559346722106,99.04973250885729,0.03224721482350423,28.5973834415845,39.9270113317226,-85.90858903482457,sport,rain,city,243.6614483235876
62.20775870540301,36.07196163241796,33.83026391852992,106.06821779521303,0.753272443303169,28.46023999017664,383.0938417267018,46.08238102755959,normal,snow,mixed,214.58357825481974
18.233815365797938,34.76705419724571,36.41083978237972,112.44655602789304,2.1145331592695964,28.99838393588925,155.39345228682922,37.20807310259164,sport,fog,highway,34.87861495063242
88.97147763673424,44.673759573262004,16.44026090783832,40.912305637703476,4.011719994909765,31.588552782646097,402.616138424921,28.014384897430944,eco,snow,city,356.7856665182878
33.90400383298355,22.9514186222785,27.690174188427243,35.64923493557672,1.4089274830227931,29.69025150799,254.57626915135344,-46.418095285861895,normal,clear,mixed,139.6773402405649
21.656342915452377,35.161785079852066,11.965163616399845,28.087499108648988,3.128366061943793,30.295399535502526,137.30716740781656,89.3478643348889,eco,fog,mixed,67.51013941197337
89.98732718820794,16.560712650883406,27.304107828644653,99.61402935697471,2.055783189776533,33.183041388098424,476.37984851082706,-35.66897459343599,normal,snow,city,334.0470654176199
96.0086348406778,18.40938116090158,0.2400762469583455,81.54622347422219,1.1716589598300398,30.86817743042277,382.5311988557496,-69.55380864921315,sport,snow,highway,278.82372675902286
87.59148555389055,15.117551248532799,8.553236740176573,28.340637897945275,2.5712355714142934,32.458972461744175,492.84303693682347,97.44023098700276,eco,snow,city,366.04950314572835
82.85644672523902,44.98382043179019,21.71139994068074,45.23925950525459,3.987322451863116,31.29923005389274,182.2349492061019,49.24925582475362,eco,rain,mixed,362.1670900857013
68.97177825751196,39.068210914424334,-9.092101719646058,60.80541167193579,4.162461850280721,29.351754044158557,324.60981677081935,-17.042623534763734,eco,rain,highway,261.0487670064362
59.57716335482254,38.60169044200622,26.123065516947698,63.376806872850445,4.232597659386183,28.592159922047152,305.79433893186336,87.18328617774137,sport,rain,mixed,183.42996269628284
17.828808392026914,30.29178225864539,31.776775063408337,106.64732742620576,1.6927890627748972,29.889851962479103,343.77837053440146,-81.77652512676055,eco,rain,city,56.72764847316898
46.760789176362884,24.0020124871632,9.957083054697573,45.66793595366596,3.9672803235787653,28.461603755928355,19.15828302066541,-82.46775671468845,eco,clear,highway,182.44407965609196
43.54196653110826,19.537928533880276,12.397120858858216,109.02288366006148,1.0608922755445394,32.94889567911846,145.85966193868705,36.490203725717095,sport,snow,city,133.4992699622382
33.37784053842935,23.54024216539391,32.56411061082655,52.96410723837476,3.6921255062144165,34.365740811728806,454.6687868954036,-64.4055903242313,sport,rain,city,91.47716636398984
75.10781023197265,26.279136657874176,28.782731766301673,89.56472097508245,4.741922131363083,30.717926145899206,211.9100274361134,83.42790303865684,sport,clear,city,254.87636221663143
54.628816157089375,37.68930290940882,4.407474451668751,111.63051839820672,0.06871917345478595,31.096888442818866,480.3218395407736,68.07183485977419,eco,rain,mixed,237.20993186954232
17.294159431688314,31.18985366709457,6.198805328076947,108.90908447559197,2.20181965589399,34.529528502074456,106.75158632248788,-38.72655517976271,eco,clear,highway,62.740974440225315
29.81648817548302,17.32450879666448,23.94391161952983,6.83434407548174,3.238854942070023,29.780903298988484,498.71198674054466,77.76791645387405,eco,fog,highway,88.31443887671931
71.49328872936363,15.540870268767367,18.15990462240806,24.68451539718838,3.508878852437765,28.953282121558992,348.79045447976614,-91.42246259853432,normal,rain,mixed,272.384355963281
16.851777354127016,18.069965386021895,-1.8885214451751526,57.228651063873016,0.880438791346011,32.00894493864869,388.1967120332439,9.727570547498772,eco,rain,highway,57.064781219253895
86.60862226438918,27.31496141092138,5.49649546145832,51.78651479437288,4.860916376192964,33.169521356265896,198.4305861012679,87.11255474176664,eco,snow,highway,302.34075245831787
54.56318743125769,42.99578751147055,34.999163843932706,76.90699978046484,3.0763268398548647,32.79723540037183,453.5040606303104,71.07659578713964,normal,rain,city,189.35786854016706
53.25279195939832,34.12207443627665,24.408721836113173,113.36508609904946,0.8217030061413388,33.71098436219344,272.73145047931104,-28.785335239801,normal,rain,city,226.01410968709368
63.31670061935658,39.05477699626545,39.29871588427597,13.48856535335386,0.10261255856257645,28.454009457384192,340.4691901123175,-63.42591295307302,eco,clear,mixed,311.9865822573131
84.22128693326343,28.991237835136456,28.35062649903847,54.22303981610885,3.9163209939488794,31.425612902066984,47.404135668143,-57.89188231925109,normal,snow,highway,268.3818477794105
41.30282871119738,25.849982495851286,37.09872160717951,23.089324546456716,0.3985236972272954,29.908564191565546,315.8403504464467,2.901575615681054,eco,snow,mixed,162.46772497821647
71.02145373031573,18.25201118149868,0.8094286935237704,107.2929118077537,0.7052546053511827,34.07297007636819,439.5394941310783,19.354588767294814,sport,fog,mixed,251.70506056557366
60.9158767596212,41.277990665586145,28.574243740846285,115.74962229619834,2.874150134278453,34.9818438724828,89.14161410799404,-93.43713667527271,sport,clear,mixed,215.9271257197776
34.03254431524792,38.49480087083708,-8.989123992610129,57.44420182684201,3.017527517248099,30.250685926451318,368.862967317423,-17.289688153022382,sport,rain,mixed,92.22319204905413
89.07669877196422,20.043542927931753,23.538001085576695,12.48123572737689,3.4344355929619925,28.761744632555267,12.700379497327274,66.07742312878091,sport,clear,city,323.25651593284846
81.76834194462353,30.367816916287815,13.46411390601207,94.23536000672078,1.9675700633181037,30.027423695931176,463.10150828125944,-11.134209952840578,normal,rain,mixed,319.791356148303
69.26066511925829,29.62124423763735,7.338003596003432,83.65696205908787,3.8694933448341144,28.83206791247136,491.45855801559316,-66.1649218101179,eco,fog,highway,277.4931053914266
86.55235561848177,33.752746580595854,33.12021761465446,42.560499193237256,4.871792998079443,30.57937732890763,177.09003339904723,90.97205860381936,normal,rain,city,339.7371808904013
88.05647808638221,43.38560681973784,32.71338463287653,106.48889687627562,1.355474715399415,32.305588626574604,53.53692485766742,-46.744892014706664,sport,snow,city,288.7860125999486
73.75266790435313,32.39314325287439,-8.884914755067822,117.09982677392486,3.5151430826897294,35.78944763518565,329.2881840815725,59.6856531268121,sport,fog,mixed,234.40771830715792
85.33119955273048,31.206518003358557,20.47525612247155,66.94246189562345,4.6423432619757845,31.194962034810867,14.917257073739531,-61.241166732213024,eco,rain,city,400.2005604960781
72.77243155023552,16.509687988039918,8.39161121604782,67.88734936131507,3.4314338130852136,29.76031939083697,241.24314064859337,-15.365454155682016,normal,fog,city,300.9621022596995
71.21266945842703,16.887224280540718,10.783050075022459,35.70162061365334,3.4055474932212975,29.334413922966682,135.88958756894326,-1.9154920450376238,sport,snow,city,216.32403280111234
65.67502403936659,20.620403739803667,31.602036960938797,70.14072431799771,1.118862845426033,29.38431812910941,236.66952697643845,0.12705918964890373,normal,snow,city,253.59322081992164
77.74449756018771,15.974123150752447,5.491988576383914,52.75707846298158,2.6756510015984647,29.540781466091673,9.13775736917849,3.2947736201409725,eco,clear,city,393.6936308381827
24.274459476376634,37.30058686710037,37.152440531881005,36.26292323136623,2.812614218022901,34.098136180299576,25.806091535353236,-55.010491862047715,eco,rain,city,104.37848234273906
89.27836832790356,36.6999091198189,-1.0183086813929627,8.062223582868157,3.500647812279764,28.48822169145936,7.987914421691167,3.1831043921670528,normal,fog,highway,332.1470843818521
88.46591749707088,19.08168703294929,23.13612116840889,30.32494316509499,4.984107249480913,35.97922165554427,309.565935023557,-3.6574492244491523,eco,clear,city,428.44710321945814
12.632255473110323,40.082367023858424,23.605253350688237,23.74255796131973,0.1682191127188104,32.18149112933009,280.04645883760423,-58.25610057474735,normal,fog,city,54.64524258595747
84.32350755082864,19.64358104538336,2.6097580713959108,65.04503814647387,0.3261633063374342,32.354175154406605,116.57899926830223,97.63831190074217,normal,clear,mixed,361.91677436681954
21.598288072610067,24.035267609920766,6.237530448360101,72.20040261163126,0.3897503471545938,30.86051102959684,323.32156445201065,73.11267855731003,normal,clear,city,84.86061127540982
40.16069688332277,22.46930697484095,31.739924628997024,73.02860691672197,3.714895672444784,33.52204287529696,442.1036284474875,77.5152702044966,sport,clear,city,123.11627638697146
76.9157430662447,26.169212957191434,28.090262747747623,46.58172012548149,0.6817689755537876,31.77165072704638,138.66105051305684,37.114210076578985,sport,snow,mixed,233.9866599918625
24.46839064434774,22.639912976698856,6.454794015737978,50.54756804225952,3.1122593724517262,30.6324902797164,415.99690393949373,-68.02059386164869,normal,snow,highway,62.005765266200314
83.6170321707156,29.66852779315356,16.697827346746696,100.1086115568768,1.623344389467292,30.121107229664343,331.2545680010908,13.618412779949779,eco,snow,highway,304.5411969234983
84.89207601619677,27.222236440640565,-6.915985187345227,57.14793762205949,2.286599781053555,35.405209655466074,16.91022158649158,64.28792632547723,eco,snow,city,359.5097694787183
55.67209603847526,44.597084723379794,0.4372941199314617,118.53279985645469,1.0783157990870695,30.32791612041936,187.57494791471723,-92.25270226226749,sport,fog,highway,170.84732196006462
10.574728454515022,16.67779050384677,14.291027943019955,52.75406760106379,4.330532806522711,31.491146075438735,253.87860792950855,-0.8313793424760547,normal,rain,highway,4.955111073112384
35.83343198574215,19.265441291620547,-5.70131323603942,77.94971335414068,2.9307516208151316,30.802731216931747,365.8495949773607,-20.775424001016376,sport,snow,highway,75.02068249511674
65.5234226538168,16.584776817258074,32.16661774459688,6.043559879207496,4.722816317911263,28.689430619424286,143.56527912670848,-57.57505406813927,normal,rain,highway,219.48609669342684
98.30675602246811,33.77523584947127,25.900310505382393,78.4007909302573,2.872981248521648,29.487475155858135,491.3650524289662,-24.349999246936463,eco,clear,city,494.8071037050879
66.86321743150015,16.635278322411587,37.18168353242474,102.17116732980074,0.6195401529847333,29.516015802611058,342.2698702525429,96.69950217389055,eco,rain,city,321.89996378783854
33.38232229577439,40.0931921212837,24.673345298201355,113.09494062399554,0.8543521691923772,33.54919611511724,186.40683858218026,44.648665272355515,sport,snow,mixed,95.69128394772179
67.06051327896502,30.358158920457832,37.02006861310928,119.67847339677246,4.945369881839236,31.252683279726472,48.512519538556006,-40.09258399701172,eco,fog,city,302.60654589746315
58.59868417442699,30.81022873744601,17.72562778454825,33.86143747790798,3.6278259866543388,34.25574050456527,90.68388013540496,21.07101029616591,normal,snow,city,203.0584132366663
80.18608556360293,31.847835231365828,20.01093055309847,69.04440777908601,0.2463937501454483,33.67160739467326,243.8038800275783,-50.66875194286404,eco,fog,highway,355.5327203733228
19.628257494426258,20.124411189186322,38.84855273131304,54.08615826385768,3.518905025173324,29.5363981311683,247.34767747918335,22.168781804854774,eco,snow,highway,45.92574110628942
78.49251122518253,20.930709093434626,22.106457343213016,67.65809766902052,2.060865234048058,32.503335360960804,383.85938241067674,79.23333789698634,sport,clear,city,282.77998371245576
58.71399208084993,24.56451968619014,-8.46067155696267,18.894354862781597,1.5360419341159526,33.94327076839042,363.08831278612627,11.375359988510468,normal,fog,city,248.06590142974713
96.66928034730952,32.804892474655546,26.190138831526163,102.73794871151298,0.7703039686526714,33.064343387805785,100.63651925890865,46.66799509053655,sport,clear,highway,330.0044713555037
40.76849494348175,21.303533278206437,35.27343460687078,109.1482732013505,4.199519772782828,32.800132064703845,297.47831027913253,-9.332200256740634,sport,snow,city,109.50324017305928
66.93597038205533,18.489951813997838,29.77901248971633,53.959399573550705,0.31920689494550347,33.91688709920614,10.310900371444164,4.824783532799316,eco,clear,city,363.0125702001046
93.88252949590157,44.10350659255296,19.19166363127113,33.65158338882922,1.4491773118982016,28.454245914050453,199.27369969216667,39.01501575097572,normal,rain,highway,342.7210783163086
19.225875519161132,15.659454444288688,23.56517565467582,16.90001131836148,1.5319144691285218,33.851375578891464,382.0526202858029,62.48100101027944,normal,rain,highway,49.70254085399396
94.3505638512806,39.08092216008065,39.509589462583584,82.05177897333652,0.8045264198175017,30.181242105227426,199.75429664358325,31.89027730508994,sport,fog,mixed,337.0835440754742
71.9097150070732,38.64105448725066,-5.466895574533083,37.46782075448822,2.5409244164343514,32.57497803607483,417.7981199007121,95.49839877801861,sport,rain,city,236.3517333206053
16.10533531946547,23.91642341535288,23.362241431661978,109.14462838960664,0.05851313405446312,29.938439957572058,488.0776450626408,63.96451755965654,eco,rain,highway,44.28130521037831
37.086721025213464,19.068798480219403,4.169884728529691,80.5214969813844,1.5048775770520457,34.7105405776547,303.60630134968284,55.43204092157504,normal,snow,highway,111.22146116661926
73.73548797807534,19.3688594011627,22.004519829308506,77.48223902090888,4.66814722016532,31.84447483440605,72.50203817087831,69.0203157962051,normal,snow,city,261.7757662211644
16.061554132189453,35.92294851711577,20.381178794196938,67.1282539077889,1.5526478467100286,33.14352969619987,189.83860395270534,-43.75781291513019,eco,rain,city,59.706867236972684
62.39534141586459,34.28419773258521,-2.327158394591896,5.493160731447073,1.8022969355337581,34.35265634781383,4.741677534187582,-13.590569210323864,sport,fog,highway,206.40379512349028
41.129475125766106,38.4823702275416,0.3373322870119573,111.83069228227043,2.365825241170358,35.16252204057091,301.36296192037634,12.892583678918143,normal,rain,city,160.55808918707007
65.88239659907293,43.12443517197314,21.081478902160676,75.35249919593521,2.8084668742573737,33.85649677655473,410.7842504868991,-7.522736311462879,eco,snow,mixed,260.5376195342136
14.116783043126157,35.75782089799776,-3.5885026348112934,119.28743800597324,4.04354322410372,29.190148609523245,314.9700394615215,69.49156364481595,sport,clear,highway,8.85075736035722
88.43831255371387,19.675546096543304,3.2590437565161423,64.48276857274645,0.9516061157800881,34.836258956686294,393.04311459172493,-94.58629646415359,eco,fog,highway,391.1892229663522
97.61400722596572,22.30327850296232,31.762277386900124,85.21330702874558,4.358731885962786,32.94862332692405,399.9519636379433,-58.16491655343583,normal,fog,city,408.8532415429682
97.19900697571224,40.265811926193436,6.35457530008193,6.7451469439466605,3.787746785719447,32.87559806704219,425.5062881087319,76.34130820037097,sport,rain,highway,282.0841895038388
77.46866485686323,21.27918227502626,14.403007813483146,75.8083412188093,3.613251673307776,35.37072447843937,133.3318914987771,-88.17997246460656,eco,clear,city,388.20896611641587
21.70776161175688,17.175669508634442,37.05701675729201,91.75795339084287,0.4340228685731762,29.990652445327065,435.63426141021097,-54.602339278240386,eco,fog,mixed,91.011039721616
78.24368763361203,36.09840162126751,1.357454441847315,93.42171538230687,0.10820344987292341,29.916700947952265,327.0469992317455,-29.74993392470276,eco,fog,mixed,395.0634758455183
12.212822481292136,27.07579066470426,9.481300867900519,92.41339826763425,2.97006350454042,32.1055484375597,144.86277829724347,50.14811216233818,normal,snow,mixed,21.935105330708424
11.991119637609753,42.60120157637711,20.322888777177283,27.15391527524012,4.315669812615806,34.006904532278924,493.64735749813053,12.036139233369681,normal,rain,highway,5.213237691369013
39.12491972345872,34.507652132809845,27.76694647519861,117.0478173126271,2.92220732070318,31.577925665828072,475.0911968658345,90.9209405560662,normal,rain,mixed,123.13919924809716
53.977887136419916,17.712569333749823,35.08266933563526,119.42185447499264,1.066174327227654,33.07113111913922,287.22049160319966,-54.42499698540531,eco,fog,city,258.78825164928156
79.33666760270138,43.435697017609826,35.773649378675756,9.071505019392152,0.4525994897460661,31.62019779378175,421.6041891997818,74.42408099774588,normal,clear,city,347.9348888534423
71.49658389458547,22.756717909207378,28.83200371863115,112.37357073741087,3.497982264088675,32.88309744389575,130.74724435993585,-43.41730205015024,eco,clear,mixed,335.78091366206684
50.13124357390735,25.116374712188573,1.4165418296655226,34.73390331652432,3.6088513865890475,34.57809842090969,208.018498305445,-50.90034817468796,eco,clear,mixed,222.2119603772226
34.62639996534993,27.067812410506264,-8.75953349787171,82.71408981011578,0.8626585034355433,29.443813568727386,91.98588037191685,-0.32496038012985196,eco,clear,city,164.02395618006608
99.74120501419401,16.536728892129396,9.188696517781189,40.573310488335856,0.1409515774826814,33.56302827204787,260.051321314624,-85.75909894870126,sport,rain,mixed,355.6719558374765
48.356317201237566,29.895462666918146,-2.922557450608833,116.13051880477458,2.0414175661159852,34.29940591470547,248.00071503583266,-23.13859740134336,eco,snow,mixed,182.46845244556337
50.62483218967079,18.69955473225877,25.5193823719149,12.180462996424257,2.9135935106651107,31.57689125985426,106.4066129807832,-28.86480637805127,normal,clear,mixed,208.01495707269765
24.726143907250226,27.029109800650552,23.056529341285838,59.729618034765124,3.530012047835956,30.585868616542832,336.4008468580488,-67.9796888596453,eco,clear,city,94.45398540779199
81.53285938749364,25.52129363976253,-7.8014179189272586,51.365735033048956,4.049725045764514,28.108354591395216,58.895147762706266,72.15896905498212,normal,snow,city,283.61944862996125
72.43140032033398,38.1852025027951,31.829688956547557,39.12281427335819,3.0526871365336614,34.37684017867275,30.845725534855596,-22.822071258123344,sport,rain,mixed,243.27540080300196
29.869265150988436,39.095115348981935,2.437163314559113,77.46407890561784,0.5544030429924252,30.623509272287905,192.45248433119306,96.38403590273649,sport,snow,city,89.46620155786724
17.414294105425842,19.60238647167264,11.61135377455211,15.726689210600098,3.4129083607120743,30.8584757552644,204.91238889235248,79.94158980755486,eco,snow,mixed,35.16599209770993
71.24493718672417,25.996535621376786,23.39668677278712,85.99949017604362,4.920883214474411,30.688049304790496,159.87030326324307,-61.0378600860149,normal,clear,mixed,271.3650044509467
68.90600928530216,26.20059483095495,11.470939342612667,117.67105485657449,4.5279229229870195,31.989914646498704,128.97331878912522,1.0244344675876818,sport,snow,mixed,198.54266111190364
34.59335742983884,19.542313318082552,12.064390139997169,96.54704573623562,4.358344546347563,33.61999658575262,169.38817250476518,20.36082767331058,sport,snow,highway,78.99437349056568
95.57772060253693,38.95360515153571,-6.718600233212982,103.20201034914544,1.5108507667917044,34.174905048004085,81.6877869760515,63.792100588724225,sport,rain,highway,294.27652794466627
23.59521026028102,36.2168498500627,10.072177463000191,43.1564091814803,3.7539408822700033,31.14056576322527,201.72623456643868,77.12854993027895,normal,clear,mixed,69.74330803725782
48.91013209383417,20.71145358891104,28.242394660999175,38.98639277774625,4.2555172298257276,33.30481628036135,452.30168675872187,24.803604231097978,eco,clear,highway,191.39393688507684
94.9254328150839,26.00165725781397,35.75881685932989,62.045802562815986,3.391631023156316,33.76547400217052,112.21344060441912,-92.97315937155692,eco,fog,mixed,447.1712702283057
47.775458523351006,18.174150745695428,10.674856853168588,5.487193771472723,1.2528087828399026,30.375338653419053,342.2255521751752,-3.744710096374135,sport,clear,highway,144.72972577190322
67.4673352897677,33.84619791279132,11.179291343953942,113.44297613478392,4.7691698593747915,28.772971756296748,70.89225519891967,76.96070723726646,eco,rain,mixed,277.79273217292894
45.78349581665149,18.641157736458588,25.131355316182606,17.254220761943063,2.2540970572933796,35.1573257651557,176.95331200511538,42.817920508851984,sport,rain,highway,124.88182364460515
34.67936821138031,44.578025058747535,37.13860005526383,108.36156470017109,0.649027793329397,33.41692777425274,160.58739027262814,74.02838828189155,normal,rain,city,132.31501990486174
98.55798831638454,38.42046224063587,3.3530470119680107,10.029866640042684,0.54888947528696,33.184883271010335,468.5146972041639,34.81595794454145,eco,fog,city,500.0
46.84006056835387,26.707156487519853,12.007210326896843,98.7149913214272,3.237594936495229,28.471220121695822,213.99102790090447,-91.19299803700547,normal,fog,highway,161.03914916366028
90.4689283311221,32.35691796838063,29.798662177615057,18.235503105385817,2.1885482320836958,34.54298446003141,345.23297189069194,93.60133124132213,eco,rain,mixed,408.8935918456703
30.695914530197758,42.34025448649226,20.484678468701926,4.575793690976724,0.4724193758948181,32.52843324868842,301.23140448566465,83.60370811393574,normal,clear,highway,113.73017721498718
29.1794233622575,31.622978411874783,-4.470682801802264,86.33873403112904,3.701822860780473,34.78307533854053,70.5150376423807,-74.68409201747534,normal,fog,highway,83.92511542927397
12.802067459606022,20.234954591938656,21.386636778113285,33.631836020931395,3.9966258362930986,35.79648946989409,469.77022551530916,-77.46176663125024,eco,clear,city,28.238063854373948
68.65001428382965,26.36110066743478,-0.6626857701336561,85.73953833412195,3.6270781539322567,35.656802567041936,172.9346459278816,7.815700095404026,sport,fog,city,238.30032534475097
43.1673709351385,40.294345950892364,15.510796703920207,66.61023005673837,1.0113043884200645,34.848714771121664,22.379177891824863,51.41016691137665,sport,snow,city,140.38597168942266
87.79224248556733,34.32639047968854,16.455163383021922,13.056886827607869,3.448877279980347,28.08757899065095,150.22185342209383,-23.56535761234926,normal,rain,highway,305.48020118242516
52.588891602240146,34.52173153001401,33.81016811124924,111.85560879613965,0.053614014471925486,35.085817665895654,167.81686294116304,-72.72356729135159,normal,snow,city,205.4105516191433
97.13740851232495,41.004644570654676,13.124713700621907,54.27770097161731,1.525560698392046,28.600498510621165,46.372663689363605,2.1112197562709127,sport,rain,city,362.9861897765178
26.697296413280903,41.819191723875136,3.97212111179471,88.13367333584256,1.9941076570377185,34.80955176141414,309.98870318997143,-32.48677275620551,eco,snow,city,100.23477512085643
88.17608511600497,42.59377715338309,1.5483174108015785,60.12246864187502,4.176234744427508,30.24139254889299,173.38210277077272,-29.64560888973506,eco,clear,mixed,417.2091994728452
79.89371675125676,17.845475797594684,33.712593834216804,72.52337699534456,1.9519718653470215,32.88054670826694,314.56730316548544,28.997107368076428,normal,clear,mixed,333.04143712473035
79.38296601796468,31.32378005889303,-1.4494572790885805,36.33283108280309,0.056347230946991456,28.304545849199037,3.3702817945335806,77.12161984590077,eco,rain,highway,339.1817984458705
86.03049053051988,37.21528563654956,11.293428044157185,24.043236480414034,1.761732059140047,34.169453568945826,491.02419949537625,11.718346171128857,normal,clear,city,381.70072981314803
78.4921591848699,37.707805353810414,-0.641344253652651,65.10842440896813,2.494620491796436,28.893648977863773,85.25817927234081,37.52050216592713,eco,rain,highway,323.3093274331172
66.35982894682738,33.20148605910012,28.66520200571877,52.82627675652024,4.745023933363867,31.285505373406174,329.6654933524682,31.989398304248283,normal,snow,highway,182.6015378197407
21.81203899141488,20.003620055510225,13.718631998730949,46.813585612071975,4.705171518947724,34.53956801860241,357.89215163975774,10.229238511386,eco,rain,city,64.33409779301532
12.927356154212672,38.92261661824993,7.557184527840601,80.70806341135477,0.9043701911070579,33.562791972066684,85.80417487373803,-37.84837088337398,normal,fog,highway,39.27373700545027
92.87630630341182,36.60334000544837,8.054982031323341,82.86079584133631,0.9257327086972578,28.048341574864537,55.856141051209285,-24.44116301795225,sport,snow,city,303.02125344062
65.49852830686643,17.584073146471088,32.61071033614897,5.510406730951565,0.8169072823227524,31.22425867634039,76.28859592240434,-36.85924030191676,sport,snow,city,219.0132895299342
81.68835618785587,28.914294740231288,17.688697714721904,40.64933930924066,3.9446096620705164,28.335420135716063,123.40912792247227,83.49961929641097,sport,rain,mixed,269.1786935753423
53.3370116361295,20.21932198565411,25.893392556563178,49.411746027165286,0.030110201842031836,33.387998886547756,84.11605899645441,65.32373410208862,sport,fog,highway,176.1830502012473
20.557737006615504,25.124311371389155,34.851925812534226,11.627059339700171,0.6358859909593867,35.751587934026574,336.9997134780408,15.86947457024415,normal,fog,highway,63.208075648596584
21.26672129822954,15.542432766170563,35.087083802032105,28.308104003794604,2.689798158220495,33.242090098406074,210.41660186303363,82.44869419484013,eco,clear,city,68.77728350329245
71.70087585060742,27.009896052322745,6.425452716893158,6.197015666730796,1.2378103344338276,29.794979448940445,268.8957972576815,77.2817386295956,normal,snow,mixed,252.9838834657344
48.72753054095164,31.496307634686314,37.62256315731926,119.54905183404247,0.4617822911963104,30.84186425653232,23.66839440457913,85.53887995036703,normal,clear,mixed,199.6831846119667
28.047225403030303,33.587477784812606,-8.756205899269728,88.38686435638134,1.7993900616691716,35.81320444526774,430.6244815503616,-55.645228468893414,normal,snow,highway,75.00677046154267
54.24350920672932,34.904710353861304,8.841778050808283,10.49401878033044,1.3710380253012238,29.7924192962588,85.28577660309611,43.500607552778945,eco,snow,mixed,224.21022827029117
15.778804336762068,40.088739393073794,34.78994287544208,2.4299255748110538,2.5555215325714227,32.49223258443554,180.0761657275441,21.844899984700362,normal,snow,highway,37.14122384143679
62.37742617229589,21.4638872182719,3.7318439908491463,86.31453601827363,4.896167969150979,31.20363046945396,35.95081991388349,46.766127566921426,sport,snow,highway,155.00286520432826
34.209406399158794,18.61445467315404,3.654072516065918,52.70305988192003,0.6215231840745922,34.146522383425776,68.39656732416482,-47.32412721634256,sport,rain,mixed,125.13286110283666
81.78031905734693,40.54611515693777,5.131114254094435,94.41560508774911,1.8636335241704716,34.939114175839094,332.8997049878307,38.961814287659536,normal,fog,city,349.51041203736884
37.932576303121635,19.698384446779496,20.61566924234611,110.81712453820604,4.659925089362373,30.726698194802374,346.2935011278445,-18.03429694912259,sport,snow,highway,95.56443859451291
50.969813417362104,44.24280244008586,11.91663878071769,71.9160466819647,4.384365217469113,33.28317090959506,338.48274231267607,66.81835926126004,sport,clear,highway,140.49869069628667
11.045848591729058,40.27614688195911,26.336741817667132,22.453010750070366,1.971355173921403,32.392381580141816,276.068393923011,59.0731450323546,eco,clear,highway,26.50240383116687
16.5202199015103,30.026298176687973,34.74553212823329,93.86328432557431,3.4947663225986823,30.227555920443468,476.2608320059533,-57.728477828216576,normal,rain,highway,37.623765658795904
45.32442007660163,44.442642747660756,23.70996874714303,114.69740918092494,0.43928506790672783,30.175526422504014,253.5885803842882,-63.228944719339395,normal,fog,mixed,184.9955382485536
53.19449512454111,17.921301873240125,0.2233360098787749,69.62775444719472,3.5627052777180754,32.30905318025843,224.70601464822326,43.546344256973214,sport,snow,mixed,142.72535936480887
64.00184933073734,24.09197283525305,36.63409511802511,81.83969367368802,4.864288647423708,29.2320229882584,123.77278285857174,10.094978945632093,normal,rain,mixed,235.95467954996838
36.24963208383729,34.14673245121834,3.2246436673739254,40.496963404400766,2.687440764170958,34.48647917185977,49.4247646333063,11.441182136409793,normal,clear,mixed,147.78898281925743
72.54836975138883,25.500206054195363,-2.505285233592094,45.78332335923734,2.4924511351720713,28.552038713603217,274.0774649830894,50.50306469187092,sport,fog,highway,220.6380867309334
87.41101574702842,42.851176559423756,-5.501636056951956,88.15853974236767,0.9365930985095516,28.75659588966653,157.44509334641404,70.994158604358,sport,snow,city,287.53687408318115
80.18658900040148,16.968782645334528,18.16918703330828,111.3325318088183,3.1689409945364595,30.73781047141814,262.0126915952576,-52.20721987825665,normal,fog,city,333.9751306115989
13.565694281352144,31.482354961828936,-4.3118768759674095,75.47860646692227,2.9521864038945744,28.944734065577066,103.05953913023986,11.107909358110035,eco,clear,mixed,38.587766036658145
53.24562525320461,32.72598802185344,-3.061205794368462,94.7817490182417,3.2596652973787528,31.805600170043938,419.08633610395566,65.79094189841544,sport,rain,highway,149.38080387310524
19.44371605763574,34.58184371331672,5.001524029774831,20.596202089844763,0.1304164334236091,31.197407123534962,499.8486048295345,74.5588342390005,normal,rain,mixed,67.07753981924134
31.78405142762747,22.669986699954432,4.0826504842231905,25.435090830956824,2.743617441745368,33.774478367085734,161.20175506032476,-42.518122332296684,sport,clear,city,109.40009093026043
98.79963339404318,25.936992825595933,20.211975516607115,63.84416242000681,2.9746742174868652,35.624033241677765,421.16380363016486,-79.1692286804975,normal,snow,mixed,359.21013340592623
22.824598861136188,40.310415889949326,30.837263973634073,21.186503069140862,1.0376506770640108,34.02846867791301,436.4930681962037,-53.43534922444402,normal,snow,highway,64.24127826269392
54.899933810622045,20.848283069104795,28.067482810144618,76.19940842651083,1.0416642874426802,29.435589303044836,498.03689437853984,89.09990280290546,eco,fog,highway,219.42563377953252
65.63401608863072,39.80603541520086,3.124222735823837,34.99838224736388,1.381090842554749,35.48417028371522,171.36006488898968,-7.5040575129571465,sport,clear,highway,221.93785261241717
73.22184734896936,31.879662687082273,2.2655248992989954,94.98391424002703,3.558607958636188,31.13706746042454,378.0206968570529,-16.285241888795028,eco,clear,mixed,336.50414938556463
60.36838151382227,37.865625335822465,38.28957650534838,96.97324159372121,3.0313303176618582,31.793514887415302,114.4045018209927,-97.38313025315797,sport,snow,city,180.46433633901063
10.87937626772653,36.408220987904144,-9.588187920401994,55.654494690642366,4.228813230589023,31.372609898965084,312.39800064607164,-89.79706341572977,eco,clear,highway,3.7473188896249408
39.38151774195927,21.22534486154637,33.98602665301079,21.697276204516236,1.478292859215491,30.24437618630175,352.42128473641884,33.73918589494474,sport,rain,city,132.41227199030055
56.59404790462403,32.064382093016185,-0.013574043879751585,77.6129953298319,4.560340299441592,35.16035430237987,370.5603462675482,17.965413744999296,eco,snow,city,208.6276617871424
17.907984923035002,41.031694584152774,37.36421615448839,119.13444219163037,3.7185308099167917,30.657910927172928,103.58608429223082,15.105659699080746,eco,snow,mixed,39.02519512429035
41.55642380882627,27.96348710405788,7.115364241375985,74.7109077531028,1.9750583500684848,32.62877175743637,424.3627852480974,-77.93542479510569,sport,rain,mixed,135.57740237405915
12.98827979122299,43.9977231066995,12.017588694662614,4.292962885680942,0.4763103281272796,29.92026867499464,210.48593019627094,-29.587766086929307,eco,clear,city,65.72292158078147
17.072064743951866,28.566453003051542,25.356030697219047,2.0752770920499097,1.2849183124374126,34.37900299816144,108.18475886727752,62.4716277280296,eco,snow,highway,52.19415859653266
45.72309485814365,19.28356910003654,19.383452573663014,38.44343645907674,4.7838410860742515,34.193589276233496,271.2655441859508,-65.01775521667255,sport,snow,highway,114.01232335440436
21.94441786387543,26.6830404023302,5.8969664853411405,23.494056823248584,1.5518168794203968,30.37049710757635,431.67856480347103,76.53745019648727,sport,snow,mixed,50.903781507560865
61.07867634354023,43.551072191716116,17.691545793391175,97.56614485719697,1.6495048007453224,33.452432585147626,483.54395488905686,-75.70433993021936,normal,clear,highway,225.501676675213
72.05184722235391,24.591625480195628,26.53534421814431,101.37668004432005,0.9479446554885851,33.630988264759594,374.1039108639372,-66.17013397520238,sport,snow,city,235.63915642630016
82.05280291981745,41.04294479601188,-7.883252704875395,31.03425255725714,4.034253005693827,32.50009132883813,2.811443135681213,-4.450007769254299,normal,clear,highway,306.72054510027704
28.01352198203291,41.437520450456695,-9.440034737214795,39.077373233987124,1.3782211512113869,32.80478705817336,67.35038023297807,89.05998088970748,eco,fog,mixed,103.66519292086113
25.07343240331628,25.505595729958834,12.903346953644565,28.34963612581376,1.6512912418442782,32.595637106326365,38.13699321943287,-34.09046437091527,sport,rain,city,87.41372006365204
19.411105630096024,17.497729741518963,-3.408169109824291,109.00590568455168,2.071740542158133,28.654915231958764,50.606871496942375,31.64359871160977,normal,clear,city,60.30405055465704
67.2787224589273,36.73673727476455,23.217214573235722,60.31792015467387,2.1686413988730484,33.36212275771028,191.51747800988755,17.73425119781524,sport,clear,highway,214.29911806128743
73.5828153838211,24.34536897041958,0.7026228113717092,78.7364452898424,2.0567039520751083,31.758200078709528,169.2466574143139,-70.0754726998885,normal,rain,highway,270.757029520025
12.842753034307783,38.48770842772717,11.642555339783549,49.8578504039524,2.518718476873643,31.50765824433131,56.84249063415503,-50.36661972116734,normal,clear,city,44.09052687931634
94.25910216193208,28.279645447812992,-0.11645315628655162,75.72170322054373,4.072564398082016,34.87999375025441,441.1176758071245,86.03055452876441,sport,rain,mixed,307.26935135308116
14.677415528632517,29.55800227027865,17.424179287456223,46.30264520660833,4.09642520371011,28.185813707688943,307.7137881661801,-63.0340752693801,eco,fog,mixed,36.72518604566439
58.71667017709634,38.33728220245611,-4.197327030771555,40.761412527507055,3.9915656688167345,30.01051934367004,398.23165447822447,39.00197795102264,eco,snow,highway,188.64267356509328
73.81544675058248,26.470899931848837,-8.844657360625988,76.13760878081763,0.5056241955824375,28.97122799874197,185.77469442771545,92.9388965200609,normal,rain,mixed,292.7218482545339
88.3872211371477,28.293820359687437,-7.443418094665141,70.92744936587872,3.9983940163740703,28.282728356877804,205.11800814378395,-76.09880155954438,normal,rain,city,350.2279143693136
74.2678238919185,26.285714063088662,37.7129220757655,35.22335450015396,0.6012588674328839,30.20541598140758,158.810605268364,-20.1636019625371,eco,snow,mixed,325.4919692755525
82.15552747628126,26.020215458318397,-2.8856890694532087,17.92181403833681,0.6236188502612899,35.90781018235742,219.21330604924555,-55.21357111145255,sport,snow,city,273.40679602404873
40.55051732885255,30.778397307043782,25.423912656841757,44.22920326057651,4.739313858174804,30.16183338566059,305.1886311775268,-55.687696519091425,sport,clear,highway,105.0100285579813
83.3342602371861,39.263983335034524,-6.603689788858688,49.823716697029106,4.096989223527706,33.30964655836617,246.4920039201207,-76.20283120006384,eco,clear,mixed,386.7620689900805
17.210336174620764,25.853049357676976,-4.591982388240892,75.44212001095258,2.7620523343400434,28.94639112032577,418.95850309422514,29.91023679829317,eco,clear,city,53.08398787015128
90.53349904544748,30.7276416161321,15.443812570466733,109.74345163642366,4.3748510223893105,32.81478104037784,450.0695843049121,49.268701982142346,eco,snow,highway,309.2070743745965
59.28331385383626,35.121819763278026,13.243546507717184,4.342175703951017,4.946823212759314,35.875851865106505,234.8419266837996,35.35878200461124,normal,snow,city,203.69016513925925
83.55679929662443,23.08318338910965,37.57901547199348,29.23932150502139,3.053210333158888,30.334700187683723,119.8739901743247,84.93129152383057,eco,snow,mixed,329.39038315183666
50.70864560664701,23.325684147071776,37.24177265103687,23.245913073547243,3.06449218490759,34.784604931004665,472.59620972965445,-70.86423825638917,eco,clear,city,242.42549393255786
67.92199256768725,43.002393810703644,28.98043212712325,60.27532904325403,3.77213514579964,35.98057104293228,367.51932152546135,-36.03092532299876,eco,snow,highway,233.76521178721399
57.37623948425019,36.70603719993266,20.105091506367486,51.56409684517918,1.1606947618266639,32.70843270976595,320.06354302693995,-31.085438059508803,eco,snow,highway,217.70388733275945
75.84305695797987,32.315600286699265,12.748015869650551,87.48451485842261,0.8356243075939968,30.475208803424284,372.70686681198794,-53.58357923061907,sport,fog,mixed,272.5021392997053
17.34669838275306,34.43160163261836,7.808926716421052,29.08990950538366,3.7979037500753625,33.38825007919325,37.99089119846144,-71.55901116860667,sport,rain,highway,30.52973021204392
15.431687559150742,15.87898329310255,37.354377348777774,71.33980388997102,1.7245239749705115,34.75878565014895,33.81316381883626,-2.6593048147472587,eco,rain,mixed,49.1042316279638
32.23929106091318,33.5430889668509,20.14544057123428,106.06287163199512,0.67535178152967,29.370801943695827,76.56032629049369,66.88792560948568,normal,snow,highway,93.87454545526614
24.359021210186953,30.285266196726056,18.953626384299724,109.28132879019657,1.5743886295887488,31.620126110731626,73.72548372026621,90.90794512066361,normal,clear,mixed,88.65398932147836
88.46052099329815,31.37249039338307,1.5950560884457428,115.05415256700374,1.793184339372877,30.553501680990728,210.33523742470223,-74.13187355630046,sport,fog,highway,271.9935570727923
29.72925886222399,25.782714804924513,-7.665109105744347,92.79133824959862,4.826138297528454,30.26687197569904,78.70204114268209,64.6314456145472,normal,fog,mixed,79.59016685983518
97.82787302372182,17.444216931388258,37.25942898797722,108.7185487510698,3.489798555439616,34.88657008592138,427.26282213329824,64.91622459305498,normal,rain,city,391.77797215310943
40.320621259399616,20.800177008361565,5.686762942232695,28.143704638232908,2.65428158699867,31.373232054574707,289.0484654640129,-22.20437568948661,sport,fog,city,126.96712957001826
26.390612411982936,43.522341396380156,12.129451166222935,23.70971332205724,4.844365693413025,30.7126107344313,184.1309481751257,-77.99407517090917,eco,fog,mixed,81.05853466784947
81.07286564282312,27.26098686812802,-4.268002820714658,0.7785700536631746,4.515698702370903,32.82808433140811,34.811269112633546,98.0016013513796,eco,fog,highway,317.707135882427
69.28369979507886,29.000494674925925,31.846216495464603,84.8213228914918,2.5600042830707985,29.75521263709905,295.51389797956256,31.118606105763746,sport,snow,highway,182.5368358216611
54.837614480782506,16.58129369560317,-8.618408357203469,112.49606253764932,4.528398176884903,29.839147924544633,58.266410296063164,96.43913900831609,eco,rain,mixed,211.74138430701828
59.982719584386814,16.12698688631942,31.699538104954826,22.43224140500117,2.021523290313283,32.162309846972036,371.6101252013031,-3.2688968630683064,eco,rain,highway,245.17055641891267
74.72816004450374,36.51544341140273,-2.9857493606016607,76.43322905122547,1.152103326783123,31.27418182916947,401.37904837191076,-20.961400012654252,sport,clear,mixed,267.1852188262218
30.560926719816884,31.14283992363334,34.3282056315576,89.57517110661331,1.1633908841104257,30.359859071378594,271.9881289799206,-50.562904805909234,sport,snow,city,87.12046096626584
99.67005244510678,30.261179526488,26.48863186680787,111.31370821776679,3.3115776222106335,28.43160905819282,74.80142957042874,96.71440035440389,sport,fog,mixed,330.66284702934075
97.73138459321048,22.29373591268006,-1.7664868746347455,77.6232268820666,2.5053516035363854,32.16619390910817,393.43136187023276,-49.34854610754527,normal,snow,highway,313.3100257302542
68.52931177122431,37.34252194889767,18.290899642973404,116.43524792985028,3.2947542350272334,34.5328736448086,153.91389462966697,-95.24744875638993,sport,fog,highway,203.09904926187573
27.958820583623062,20.047097373254758,5.632815717760973,41.36077692150573,3.4303798213108494,34.81101764228846,111.32657137672992,2.493682717695563,sport,fog,mixed,80.91275707253759
71.22054181881622,20.6980423098306,-1.0883450544208273,41.99142405256892,0.11161436448858808,29.88351983780864,235.27832050921265,-24.589901389816916,sport,clear,mixed,266.65604642468315
16.497856808125825,28.821365140448265,32.95910997055542,65.16150120172146,0.2701979617395117,32.79712963157991,461.32312069145894,-47.7234993141471,sport,clear,mixed,51.59616537312162
12.758725198522546,23.588395863358226,10.176138325361471,46.02022573390885,2.6633886329562495,34.847050475703526,148.68664603726185,26.921623296234685,eco,clear,mixed,34.99047839812432
33.19145996600923,22.42388943699439,9.927185718269126,0.17108739450391486,0.9551773888003845,31.269807426210118,452.78925048631015,-27.146277020435548,sport,fog,city,112.95888664641271
51.636066106538465,34.357129336599954,-1.505666259668999,87.81264301043848,3.1626688440221984,35.457094538460225,26.82665436991394,-19.54982233662544,sport,fog,highway,152.22293319935238
88.14452548675425,34.52915235655634,9.153283804288932,90.206044977418,2.76092869585324,35.22382823303642,41.761852508973405,-95.39087922119114,normal,snow,highway,295.3324570957735
75.44521627896772,39.735512093997876,33.58084231644251,89.63695256241246,2.928801791854456,29.665071179350477,349.2805125676235,17.81418571061151,normal,rain,mixed,289.67554037389334
76.84358690799829,27.531257009189275,8.156435524481797,41.402479993255994,1.5122768991550535,30.07171866320163,95.29633072408778,-75.58579403059144,eco,fog,mixed,378.05530372672234
48.29440010032678,17.192552730784506,37.5801781249894,62.67473679734063,3.1992175313894835,29.44353598916775,158.3103415983127,-57.23902822091564,sport,snow,mixed,138.41009260727643
41.13414932922666,23.20999154764373,37.31544496041937,43.19682218120033,4.147463182425115,29.56843481163762,68.18649049028951,43.42356412252764,sport,snow,city,113.05880162154226
43.393488668614246,44.40016389590451,-2.755067034632699,1.9243680036774924,4.990356267961186,35.26289669738799,166.12413456627417,-37.351454763217795,sport,fog,city,138.1055067682398
98.88846073624521,32.88775725698106,-1.1344373238677559,67.49387295257026,4.192221930861072,35.449103273540985,140.22999694623167,-67.35796051232381,normal,fog,mixed,406.2056602975122
13.609827227123423,36.29211254403061,33.13370351659446,14.851279930081326,2.787493798399737,28.415177929481047,368.1688194944918,15.484829412496154,eco,clear,highway,28.876105801969896
88.03283465102037,15.220734888762436,9.638045946235959,9.604958890972872,0.9671479583997827,32.748826845377636,351.01169409452194,-57.01910101241188,normal,clear,city,397.1861204024411
62.080786771515406,30.546171965475626,-9.781300885849532,90.65988824361446,3.4072293805991043,32.51385250286057,477.4635882141827,-45.80435720825899,sport,clear,highway,175.47329205526756
49.47538772706314,16.125859725954093,3.69359098526855,1.140744290172675,4.688268927789891,31.12438117379568,362.2108425865204,24.267861995574762,normal,snow,city,159.32480323790634
75.27318943736229,32.07690636274344,19.881449659778,115.08101323304714,1.0593326986615121,33.053580742584856,347.4088765106925,47.972356272782974,sport,clear,mixed,266.9680838601436
53.80020472822326,42.62312548908226,29.9632982979984,61.830643693509224,1.2799781026328856,35.5789426040868,347.10194453132584,47.93193703911541,sport,fog,mixed,176.9496024471722
88.60809142734945,44.05257391501223,-3.330569145337022,117.9619716847378,0.7450427170582558,29.362039061777168,441.4837278240881,-3.551317625833917,sport,clear,highway,273.8543041858889
91.06316776101326,31.216580261667726,-4.472931779163233,6.959708696725011,3.6836082181320084,28.963287277731645,148.11836643777505,-9.140617798112899,eco,fog,mixed,430.5800560963629
47.95488341861099,28.746144157566476,36.10463267861658,70.02354586390959,2.032807517118296,28.267124566631807,150.0460545969021,57.52903684625147,normal,fog,highway,160.55378761123413
34.914501751154646,43.35051282745482,27.557418391129133,41.919244317109346,0.3134781944319204,30.910666462721146,370.6069048524684,-61.39305497749659,sport,rain,mixed,114.45352311096603
63.3115295734026,35.208294959900854,19.48898003890392,101.2178991377143,4.374749957451401,30.70102781662293,114.35256857506371,-69.55951049430816,sport,rain,mixed,204.6311231301345
92.11270110550218,16.946978386152285,28.4593394997964,43.34672822811435,2.7883595235128333,31.44655750526915,456.01000207398494,32.939013205901944,eco,clear,highway,385.8513128649697
28.95959701050999,28.971767330024925,11.442718065331924,31.25850948688189,1.6554714600017788,32.026480247047594,267.390862543443,-18.098613122148933,eco,fog,mixed,129.19976125454474
66.06699252071346,22.207350553929118,27.92278736545633,102.90637525198959,1.7199148803054847,34.062591952243636,150.06246404641587,41.99969211403618,sport,rain,city,242.08580759095636
66.84041980832686,29.094129643460448,8.590149563726786,44.95837099839132,1.451256100954534,31.136907123660148,388.0499648449912,-48.679955307352806,sport,snow,mixed,214.63182981471036
75.98017201737528,28.66396716019085,2.2047286246301177,2.0199983832673762,2.2774008619632093,30.644904874889868,156.16031493764802,-35.02562378664662,sport,rain,highway,231.00705332118855
21.841091661453383,32.46434408444226,26.450671064648432,46.834692100720055,1.6852084424407248,34.61503056207702,481.63915853593585,79.33552983707813,sport,clear,mixed,59.55127999718316
74.42424682138797,25.703114710477536,10.983614607863416,78.54267228131303,2.739731520353047,34.79837336522925,491.49460486249234,-15.668694635682371,eco,snow,city,311.09387703588726
91.81292685990769,19.92811348367784,39.06885521630974,30.523144656765822,3.867586261356471,29.862127714346826,333.39812098309807,18.190693944076884,normal,snow,mixed,313.8678136791975
26.171479798321776,30.111583037698686,7.474259115405051,51.83851109101887,3.3723064172218677,30.51737458169047,56.81694487511463,-78.6635611763381,eco,fog,mixed,109.3588046167353
31.378899243148986,39.90608653037286,36.086371026553294,6.805816593867062,1.4722844637705856,34.6009309672807,131.60442496664626,-64.23416556144825,eco,fog,city,142.24256774270947
97.42555846374756,34.92036684202807,36.64812742835397,70.57113498167486,2.643705057698896,28.63526595438212,257.7084811080277,-92.82245423547116,normal,fog,mixed,405.58295744343167
26.28792574385408,25.151035977756475,2.0926473532373073,90.75539086324726,4.200630799561254,30.606774243125905,425.7237250489908,-15.125837647666685,sport,fog,mixed,60.93107064451285
86.89465840326213,43.06569068276572,29.911059079400665,49.597507368133236,0.34103117371362734,31.58680085632689,92.44324847101431,97.78400089900478,sport,rain,highway,280.1003757530018
54.30500708032313,42.36622713747546,11.653725257228256,50.42791593617521,0.3914863349345238,29.496572921604567,52.20172950696617,74.7746305302932,normal,clear,highway,214.25484852912246
32.25079669628593,21.280451981522965,35.8762363615174,10.593899830189972,2.780850340248767,29.439313572885585,37.23874159451779,26.581782988101395,eco,clear,highway,118.41725663796542
88.36749111452603,16.18252755361089,12.506213631761941,24.23290374143791,3.195575641949016,31.39889646410823,253.48378118002347,72.21929839149323,sport,fog,highway,268.61283300739103
50.077472950239894,37.239261250522866,27.215185866868303,18.56103637534952,1.0570650788795204,34.036173797878845,442.3504847973529,18.83387127048462,normal,rain,city,210.83129874647767
56.333561853672116,39.828307840474594,13.348370458189894,57.802532239384554,3.72610063345759,34.72186383638102,21.179621321946172,-26.24622393317246,normal,rain,highway,196.4096358171412
42.33100324597891,44.03593697854066,1.390037785642809,63.510664914090015,3.231316885203637,35.83388074028939,106.1607669967673,-65.29071977977694,normal,rain,highway,127.5845049736638
63.36557662914347,41.69509182264932,-0.03249355276568622,113.8728157541112,4.616446341181432,28.591872400733752,346.62850791975086,30.609748352044846,sport,clear,mixed,199.95851817563496
24.717148532652047,33.01604304619244,11.271559712817279,8.787780513268068,0.8447710092926836,29.733457609167942,412.9317175718577,-61.389744721850924,normal,fog,city,107.96184140483749
45.197338298658465,30.901570176371425,27.77473285071075,71.98415677860565,3.756871326790053,34.053038739073585,403.6997646495848,-16.51431655998796,eco,rain,city,192.59670753875852
97.24710901017588,15.835231537877588,20.25357425903834,63.179823279388955,0.4182154529163351,32.3247896484453,392.5340286601655,65.16036843105263,eco,rain,highway,417.0106632261245
33.23200894310148,22.399693405343335,24.431464495027164,61.9479717522995,2.8264620475894873,30.621438191699347,64.89990040666999,-74.1541394876543,normal,fog,mixed,131.02007598721602
69.1062998087163,28.788442551987792,4.116317536597123,104.77911448593917,2.759475697495729,29.644717289977947,198.61879109145926,-74.19571618864097,normal,rain,city,282.66384541532165
39.267105780222536,33.855117002507036,14.071767297880275,24.664616483458378,1.941925223233703,30.243820413139584,492.3723314158733,-55.11951688168053,normal,clear,city,163.77050852470313
79.61258131179406,31.71755499955232,-7.78023675153365,4.892792920964575,4.222855738342836,31.434311602407615,494.44378579404406,10.38346142445981,eco,snow,highway,270.36414240536806
21.778629464651484,37.279079690450715,30.876620797906035,80.6725809161031,0.021853223930061172,29.417209756048262,301.21369597709395,-49.655304348017395,sport,clear,highway,69.25297844837914
97.28389405706902,23.393007926611226,39.494608111993735,41.41889569631762,2.600897009492604,35.71380764701401,354.6336023605671,0.6395874510001391,eco,fog,highway,410.41062521128674
50.841058724527535,31.948578229574196,10.343953131233544,2.110789945502951,1.085767749175937,28.860707556798996,475.64189814265455,-39.60347778806257,normal,fog,mixed,206.86526980250267
31.244541701181756,17.644267301723765,-9.451817343422832,30.164880874849658,3.7174930955821646,35.88461947591375,224.96393062060523,1.2484409816811137,sport,clear,highway,85.52449548860031
16.614707259701138,27.40996570749621,-1.5103680224526315,37.119212906017424,0.21533713153048584,34.73514628800538,68.43342894189664,-44.47371019965396,sport,snow,city,50.9948324103885
25.27821145787867,37.504824988638035,22.62634388752094,74.02060521410904,4.157773440907889,31.385212940109913,334.4744377580391,96.00247512171305,normal,fog,city,70.03237671569107
56.77965537004159,35.802025602871325,20.603965910192958,20.71029528591265,4.1904611335347575,33.91853067510568,480.0511524502617,-1.4564197716064484,normal,fog,highway,189.59962438385534
40.33028587881577,44.71928211516537,29.393235979277193,49.56652175440776,4.164330062017514,33.37212194957109,348.6030469331472,48.72868682164801,eco,clear,city,170.47305529033198
84.59950292943485,23.33673377963268,2.6942005480534075,57.897053330139904,0.7628426336633493,29.70629534359145,401.6605635118689,40.10931177964102,eco,snow,mixed,362.37104031804046
48.779877129562536,29.945678975219373,28.181595777356705,55.10848696369091,3.1520325928052246,30.71256068895157,211.37440198530754,-1.8881250371277645,eco,snow,highway,162.07243053552935
32.384284532886696,24.885912413219902,24.399201076183488,116.8728920000138,0.07183679591694803,32.10498050244367,48.23157707242554,-52.227587666414955,normal,snow,city,122.32733991456676
65.5430487943627,28.218093421775244,6.1407248856921655,5.460508534835533,4.239812956445999,33.10275343910182,84.44104327586666,2.1436555825729613,sport,fog,city,224.56291240393153
73.60994951969013,40.708503896081645,17.274407402848098,114.11618237428792,3.6148759675431026,32.34315985085297,491.3274147177386,36.19432474408691,eco,snow,highway,246.50010630141443
25.033771711085485,35.5262722556546,-2.636309575083664,69.832465679284,2.6557686544962635,31.78389968805179,246.59215849714377,-8.016145887357638,normal,clear,city,86.56421700316004
25.08572946594859,41.473235740427455,12.628225171779132,95.48732579638059,3.6529571654830857,31.5452181876392,6.0102950886249396,-83.61497852745168,sport,fog,city,73.06994702851223
13.300428424018868,21.105333249956594,34.05986697778205,51.64711416192905,0.4716204832588611,31.986115994360144,477.68364036558694,-96.40335408838321,normal,snow,highway,32.29973996929625
76.27618135590765,41.20083353524314,11.05956899126954,54.46054575083765,2.6432791608842816,31.47481215876776,248.88995598552648,-34.4246383064323,normal,rain,mixed,296.6732874481425
69.74240748596246,16.792868225351533,31.9783353237711,105.51917988189884,1.4563824590822272,32.33064062036573,418.13419914591884,-69.95521478133762,normal,snow,city,254.75449708122423
52.71677881748325,41.65797841311458,19.51266826298472,107.51213955502826,4.863097316114865,35.103882392373336,274.22907101844675,81.23804918519912,eco,snow,mixed,180.1382413775613
85.97534040722775,24.872213383821837,-0.40616434488216235,28.642665771755716,4.285589753119509,33.06263450443689,50.851141837380545,-64.83346598301503,normal,fog,mixed,346.3450654037352
82.51031376550479,24.437629002421993,19.05531223489482,23.90902543015418,3.6663784791698846,33.78096699990832,307.78479106597337,-21.14345719768677,normal,clear,mixed,336.12796823009194
62.6818927957077,30.362657300959917,15.299166457853172,59.54822086439413,4.6687381762486595,32.77986506984621,498.7001381598046,42.41550241429627,normal,rain,mixed,215.9448381726325
88.14441524619328,43.22070563169695,9.9320667598192,108.033243255323,1.7342165228273687,33.14414145931202,17.368891322971535,63.08433200321218,eco,fog,mixed,410.41554057499275
28.52570890330914,16.43344094044216,-4.018478024196483,38.68261120874116,4.504399494940906,32.626798627585444,420.89709875752203,-4.457369364373818,normal,snow,city,78.98790607561806
20.072765745795508,25.566929252122357,10.835433192361492,78.24175384069575,1.6261911605335517,28.214932177566585,117.74039782538249,-63.77299807832158,normal,fog,city,75.71465538210941
34.277465036529065,40.69715966050008,-6.3618811880186446,84.97820252887213,3.663983598455765,35.99678705760016,196.9331113560928,-45.82095528482939,eco,fog,mixed,145.21502680782802
15.137817048038336,26.881634323064002,-5.061547430062437,93.4409597872987,3.6820845588822455,28.268873921703175,186.35475588644766,-16.206310471770564,normal,rain,highway,27.369317268664858
57.80525752009288,20.97470692791201,10.795826646635803,67.67093495051559,0.09174938227046736,31.16118406586923,449.3985971345598,-27.081082134883403,sport,snow,mixed,190.34544671824102
94.29451230654654,27.743825439942356,5.269074098423186,48.29462139347635,1.805298491390976,28.84092542639147,252.24309441591907,-30.2654485660687,normal,fog,highway,361.442273283599
13.540918660165868,26.56657504475008,36.277216293111174,116.04191865587674,0.09716336204248943,28.77542760352746,223.58714341721375,-73.62923964866715,normal,clear,city,51.57530671417782
20.989892260902412,42.4624860440011,8.785290269013526,73.35969039634233,4.9854600880512425,34.348215613395865,409.01255441838816,82.66205043418995,eco,rain,highway,35.07625111229991
50.697912545509176,37.85803127229291,27.892906103605007,87.4278253959925,0.61098380914619,31.407406234864617,24.453567152473877,-94.04867871645699,eco,fog,city,259.37826220668666
94.04875157751144,30.153466672320192,16.512376318312135,41.3979414835054,2.7140544782405467,34.40910966639012,43.228157547611886,-11.999574424849754,eco,rain,highway,401.0682142758983
38.45404944790755,44.65111700164714,25.204283432116775,80.39390172036961,3.9527811938131863,30.182291765446653,10.844428438144648,96.06429850061733,eco,fog,mixed,147.4471058727791
55.65113278195532,28.9583259382777,3.0057991507699597,30.93571945969511,1.0063180113044623,30.051702334449878,343.99145200377535,31.944787764820404,sport,fog,city,205.97505917406647
13.741557314535289,16.747134924608257,37.095248641916456,29.411630103436337,2.4252633404773634,30.009851054515696,262.8080685395906,-28.91786725338335,normal,fog,highway,32.814559910137646
23.350888086587997,22.868229654449546,16.504424845721196,85.76666421713117,3.037143804605754,32.92916501126335,438.0110629341413,-70.78048310936602,normal,clear,mixed,75.52449399908907
98.79671106629623,28.08211440657938,31.56620356426248,62.56736835155221,0.8010237719777269,34.5199951187648,249.26645148630283,92.77452112915219,sport,clear,highway,323.83918706113275
96.86068267924409,19.707078724383603,8.252284673805676,81.99319325068677,3.8927772995576926,31.618088080601925,110.90978638099708,-97.20272762537006,eco,clear,highway,424.0235885774116
10.444598284096866,43.42695378972129,-4.989432547473774,32.332618889771,1.4966822859468265,31.033991125128658,402.573686552208,36.2775141226287,normal,fog,highway,14.065619424078422
95.6630606880915,38.00546693453319,23.68558238604244,71.84680092680765,1.0551153816942016,35.78863643361319,147.16192711631143,76.02749428906546,sport,clear,city,369.9568517323522
67.52079440339503,23.04861601283318,-9.612017583128775,53.27203796437351,2.7914437321870844,28.93403228809311,467.8448910761045,-94.96790202275156,normal,rain,city,268.70406539198734
88.112646506802,32.724136005537474,13.764648828275416,71.63523442146335,2.0515681382146895,31.893061456359142,125.21194392612023,45.034972818100215,sport,clear,mixed,317.5489624349908
50.92658700704732,36.64347471328716,-0.3599048666770379,34.905567869306324,4.601429723182089,31.267902025451477,83.8603264351434,99.76755225094698,sport,rain,highway,122.85409658298549
56.40364257213252,43.23836786720394,21.368775221768107,85.85411563789486,4.4003134909907695,28.785012772695122,246.66199575534392,27.928493714669884,normal,snow,highway,163.16720835266003
53.99619222312282,41.449060475262314,38.97099365689261,96.71152393913586,2.416753316944416,30.145602896705753,25.257558985121666,-17.064210431320248,eco,snow,city,226.63588980972764
70.01778317914939,30.455766784146412,13.220145316032298,31.189976862926837,1.7963188736279878,28.227529700632896,18.205864241308824,74.8801438712564,eco,clear,city,344.0003861098206
22.568612928068163,38.239578593790526,30.874912826283335,36.07446718267705,1.627589908156326,35.01563431186366,248.00727262772898,10.83584928452565,sport,clear,highway,58.199752003403226
12.697623088541015,31.86434261482755,15.38920934755605,79.33851236629116,1.3378181154075368,32.86279623192321,107.55344039739379,49.888169357988005,eco,rain,highway,50.163271740172824
37.713694743207185,31.581116701366202,14.792001555201203,83.4702209164253,2.7227392685623863,34.52014798296201,4.676319197590651,17.555798363700987,normal,fog,highway,130.9652271793876
73.4212686462982,18.442258750145758,36.52117465893889,84.49196212769401,4.024893023672718,32.17243561922392,148.02845571576086,-92.34178150241014,sport,rain,city,249.3195720296636
28.166810691065354,18.784129740484563,34.49829343733408,81.92382057310041,1.5537830410177889,32.79607863537515,238.68367692329596,-57.37100235893049,normal,snow,highway,81.23017430610562
70.60891899924256,30.88600845067372,29.290023259398723,47.13692603430466,0.9504704484404075,33.60683582247332,197.14435073021158,-84.24728520265008,normal,fog,highway,267.84693818680694
97.29208414965434,23.065846349370197,4.812787665839206,47.382440928441405,2.377419030916434,35.26409301971372,67.73473308021156,-78.66244752335541,eco,rain,city,482.46338351990664
18.451064421047654,15.631107073814059,17.250420786197026,30.57811483732577,0.34517208398833266,28.734015102606765,289.83741391598875,-96.9189012823856,normal,clear,city,82.11199642055706
70.53419064026136,36.685176117006364,1.1948616652842503,18.820043987563558,3.5063950306485343,30.647587157885816,355.1664955738185,-15.767004197169413,sport,snow,city,213.50536198417126
49.93751973741141,15.974597900704948,12.19583490232699,83.10928552762869,2.591791331509668,33.6722095256,337.7695810816477,-64.26967364916698,sport,snow,city,152.89064378518728
88.13280289397548,32.85830523312164,14.21065328798953,11.18265431667754,2.481874039864271,35.66680450401114,196.88096064163625,71.13930409879436,normal,clear,highway,340.88106921625314
25.94348105026473,31.175813823819432,31.582002008466546,112.5350744144138,1.5022268977501123,35.846459427920045,68.798075585557,50.00750750813208,normal,rain,city,92.61966064005844
72.33633570035481,44.064440717334136,34.801418266249655,99.20235644057416,4.523367187658684,33.1048240730981,249.74338674536133,14.635398963099206,sport,clear,city,248.01665605160997
85.43037606832992,29.52639418042925,10.731003119823892,102.90068879487073,0.4524314592477635,29.54878782203894,445.21587746854135,-2.195730929920913,eco,rain,highway,366.18747547463255
95.0152797526621,16.90804309133392,-9.11477774633814,108.80025775382282,4.349120044435157,28.953671291311654,234.3614244706164,-48.82627188480484,eco,snow,mixed,361.7732083855551
71.49232254606812,31.55063903419385,33.08869198946773,49.03259648678881,1.8835260120796131,35.56834915424341,97.84052487079381,-5.009706825002908,eco,clear,highway,316.9683157543943
54.74572876075846,40.23288511848304,-1.2860660749319646,101.60408680204813,4.403117579875111,31.471421515700058,46.526651546865196,28.24585517288216,normal,snow,highway,163.76694038462972
65.60625161810924,44.9054785284432,21.094098194519677,18.96735603499792,3.643807291661918,29.55852826610148,471.9633190494398,56.445772038555106,normal,snow,highway,187.96547837736117
88.20144860308464,27.910295210672174,-8.75145497829344,2.597015352988281,0.5208536333101915,35.47114012622081,371.50470443845745,-83.66358674808131,sport,fog,highway,292.14239844840773
61.35487719749467,24.608962274902275,9.975323763028214,94.18696735966202,4.157681432546768,28.836194172514496,156.48348635024118,41.69293774911,sport,clear,highway,177.2795546342017
12.734835372715317,42.19959890855996,39.29801510576749,8.975597759632716,3.4108841684975255,33.8365687748566,147.6762031025872,48.545975352257074,sport,snow,highway,20.84658407470166
93.78538259562801,20.73726387228364,-4.9653199448098455,118.62296007911058,0.16150956457674226,33.00210422034667,447.60924336129875,11.794440184971293,sport,rain,highway,283.6222026184635
72.0574075928405,33.4628674509878,11.184657599982117,80.97557155218671,0.6685134105483498,28.701877315047135,88.78411740482555,-57.136160859359755,eco,clear,mixed,364.93599808369305
70.88620471995219,27.17143272542843,5.357497509497609,90.41396522905266,3.178140279178476,30.709990365115537,267.5186448282723,7.836917500235003,normal,rain,highway,236.6042355315872
29.410763715794545,16.23247094866666,35.254406169413215,29.496462753343913,3.3130025144014246,29.199445516320086,356.75213758965066,0.5409763630620716,normal,rain,highway,76.25026515943533
69.29969232093916,25.418654229170933,33.46700539536776,80.86384727036258,3.7332571641879753,32.83598874026529,198.1951759828448,-4.857980722640761,eco,rain,highway,268.8910595743674
45.44779650887426,22.956855675080238,1.884938015311441,5.186392470594865,3.6012270038749095,31.81690425341943,19.951171271544275,-7.872016906563189,sport,clear,highway,132.88512442689984
68.61096793373429,35.582734618304606,-5.940610647478442,100.53908639083211,3.297599773349775,28.03420099728393,113.87940685976078,-77.83488674169605,sport,rain,highway,192.05063924664094
19.593372727719164,43.46371493075755,21.356919703055873,20.354891163788693,3.8311945087321124,35.805684530271265,450.9040687211869,-63.42150302852705,normal,clear,mixed,49.410214919422216
69.20607741427324,23.041415621359132,6.8184355941854875,83.68296802005247,2.875428529461864,30.796677199116324,261.55948341977717,-80.53358230973153,sport,fog,city,251.1005758116755
99.94723531935999,39.34397817455046,23.604219530303155,26.9376601479274,1.3039569276222744,30.0656351426964,407.7206232439849,-51.50443446640311,normal,rain,city,421.71560442061883
14.339083497450043,16.660794508152286,-8.394012196609276,8.214380331125128,4.561883068653591,29.77954364635282,277.84277139530866,-47.3046434538654,eco,clear,highway,11.727323838298016
97.94567657991855,31.143630301194396,-3.3300382411255294,57.77924142592732,0.09107015465988966,29.270527169388544,471.8010478561517,-50.98482770139092,normal,rain,mixed,419.39211388997865
46.621716465058356,17.116501911296837,24.31861163863217,20.314345232734734,1.8328085993574512,35.99309660973208,454.56703777842256,-57.81418636287932,eco,snow,mixed,185.74182945170557
88.36781053035332,43.02098973391918,0.618532765124888,87.53327859918598,3.6443514654858165,30.360875743052837,241.44402100520097,47.084409096957785,sport,rain,mixed,278.01699170771593
80.4146935652446,37.990538416721705,32.87938378812008,28.507901206018182,2.1357802057483717,31.244107977794254,159.1370127181747,63.713079919623596,normal,snow,city,291.1580299669454
61.0314634888001,34.73849733613777,-7.070455614493229,41.09670674829946,0.12417203740007154,34.970847329424714,300.8343936728051,-34.57815668548602,sport,snow,city,201.78425988391433
76.46042883261939,39.71689144873993,0.7740991392787304,68.09271015173675,0.3299045155810659,33.135100028343025,337.44384083473676,-38.97422166311022,sport,rain,mixed,271.0202924660423
89.06640051712131,34.425593867104894,39.92801242425343,34.19619330927739,3.243186845691443,30.94955529396218,249.17754615031578,68.8064699505016,sport,rain,city,302.1865547283767
46.37262894859297,44.06833191522874,11.65380512933963,45.358573945195396,4.824322997026498,35.18662748739082,411.1416105475472,24.78478033315821,normal,snow,city,152.65045518234163
39.43298454069148,36.41873843594314,25.148283177232173,97.8746125248464,2.7593181791724946,33.9977936177088,91.66426089244139,-41.312335042188494,sport,fog,highway,127.55188241274327
70.08340470072262,42.7397582874674,-0.8668475571493168,21.505181947323084,2.5337890901188453,29.823204060333598,167.20591531201617,42.722458517316454,normal,clear,highway,254.49344414934572
82.70613477471328,30.51395676031914,20.493436749276885,9.864190737832041,1.5916260652813363,33.149911956799365,343.1881786832265,-31.08143795336653,sport,rain,highway,261.69840803106047
78.60566212989542,18.51193238945588,26.305303418470928,39.40293421596231,1.2834533693303158,35.37918798633921,123.34193269377863,17.31112286843461,eco,snow,mixed,337.5051022935142
81.80322839727711,30.845331642690514,5.723831793325527,50.92521204166538,0.10492490878142358,31.971687027603302,219.92237234181695,98.5268059975603,normal,clear,highway,324.7617077915784
49.20249833316397,18.8061848418928,31.444855598793886,65.11911385638813,1.3647743382023558,33.86889922265334,481.86677331414637,-39.68112495679335,eco,rain,mixed,217.27235075278944
83.60507945575195,32.77480437529215,20.170878923614165,44.690843541000845,2.245552204326262,35.768829951913276,312.9379863432871,86.10520014166661,eco,clear,highway,368.83777401052504
20.81881498335476,29.47479181582989,9.45615048075151,94.7894040267366,0.9897489152447508,33.5233131271617,474.52861732056283,-35.869517143060364,normal,snow,mixed,64.16813396482888
59.00401881647646,33.67726193498345,17.88211966715793,4.718338520216792,0.4367399424071461,28.819509518128644,361.2207016242879,8.05734087496468,normal,rain,city,254.04346670011515
10.518279444830942,15.301409431644949,18.838042371796213,51.81210458382695,3.5886393362730127,29.956476407450314,362.3333848335865,-8.00324208019201,normal,fog,mixed,8.090822542041606
39.21272469102433,20.845214749660922,-1.7232353653066994,45.870709758768555,4.473101345340336,32.76077149874119,295.9285868451028,56.63191246878722,sport,clear,city,114.63499147813044
42.98153813842581,29.739912957363927,10.136618493348308,77.70941889682308,4.683860348435428,30.20444652297525,71.1042974073634,-87.78146010360103,sport,rain,highway,114.95370109971891
45.655542244832986,43.51510684767405,7.171529400974656,115.95315022768752,3.089993642484947,35.66033364311312,259.85714544314385,25.42446081373278,eco,clear,city,196.18379788690027
72.5920486020876,26.508271210654755,10.045136128956305,61.24504879546346,0.263872912996409,31.24281627217739,126.3331002517355,52.13338886976459,normal,clear,city,323.49541085237223
44.97022911433112,27.73116078160904,28.055529424262893,118.42522163300646,3.704313149808867,31.65784324585892,499.33627717564013,-5.571029723576146,eco,rain,highway,153.28080124729175
50.38242603602776,36.44088267019866,14.126920373333633,36.2699273895837,0.5504765263094319,33.61281674776094,133.48097005061027,-78.94147869243892,sport,rain,mixed,175.1776846539004
31.378971778689472,33.113782718583536,37.015807661963215,3.7041759050953216,3.34874058843912,32.193997850734995,115.34292173072424,-51.038997303037384,eco,rain,mixed,123.9290193284342
43.59266124664061,23.967784502949996,4.683820667921809,19.87958009716953,3.8968291787393787,31.05716773511015,311.9415775620223,35.93447402017273,eco,snow,mixed,154.07962229529673
30.454266453683633,27.324491867022832,10.785178914246451,47.414986172948076,3.629323554132364,28.61310300123663,255.47440660981508,79.08747710006304,normal,rain,highway,81.18952291512241
16.587633139159927,21.530993965716974,29.347840523952073,37.960069102626264,4.759419028805653,32.77156471606291,10.67645662725708,-15.67827859990227,normal,clear,mixed,44.619472432029745
64.31037340432401,43.98064377390625,17.301229666037514,11.64649571800532,3.6907314223369485,34.940640246352274,64.76658949623493,12.082407015651839,eco,rain,city,294.07454095756924
70.13915186995146,18.919031446720794,17.35140732122239,51.91921292288602,3.4660488899090423,33.48609953408045,405.5214709137563,-54.32299265462759,sport,snow,highway,175.8324024855352
65.7541311408653,26.155103536992584,-7.332991849740824,40.57389259914753,1.308715860915512,31.05196008037562,241.8459775737803,-17.55733719262571,eco,snow,mixed,267.4726310296424
51.71446394205151,15.775169166600335,9.92998313592279,14.714306454892615,4.623843432179509,29.021808516985036,73.0076074115072,-32.642038445901704,sport,rain,city,168.3432471251765
44.18072021613068,21.653384758006393,3.5366866210866235,35.53405567342907,0.8977193539708345,34.53070549523395,232.6212814178668,31.105109594304736,eco,clear,city,214.87910205993526
87.70002846146427,38.414134151404646,39.96675614155577,106.37232664264685,4.524483057365632,35.53398689784964,126.57454154120185,96.9397903350222,eco,snow,mixed,332.8258343707858
56.71736066225962,21.035256968666385,5.417753531615514,36.245863858720824,1.563312716729552,31.106183926370118,111.79573055617186,62.660690397137245,normal,clear,highway,214.4006592027551
53.126368986675786,17.401902075868968,34.22482673969317,85.6746507890462,0.6508179693883437,33.82913751347249,478.8626382225522,-61.56708301476297,eco,fog,city,277.39234878188296
12.307785922579212,29.233595395335698,23.811686752023874,73.44564955893067,4.133415136355854,31.286107519126045,181.0122634288705,15.535718661353371,sport,snow,city,19.01200547783572
40.71230448635407,15.299077042035554,7.045820459604521,51.26173948900461,0.012477268004145725,32.018135510817594,23.215552336169566,-86.71765701031968,eco,fog,city,217.09942637151676
44.21760569072713,17.542984632789995,17.176718918706182,28.6830764164403,4.1604415884041535,34.69181104493128,485.1633363186514,-50.6169026314729,eco,snow,city,164.38957445676928
45.894050280721046,39.228776086889255,32.02679399745969,44.28176392151345,1.3115592102298796,28.66739473768923,397.4197873860789,-65.55646478792193,sport,clear,mixed,148.8694112615237
62.215513230459905,38.14420034578819,34.168414901545596,71.05286561652514,4.423606363778107,32.24268279029364,127.20665328207926,-32.89089247210741,eco,fog,highway,238.72529676425475
58.02422920541906,42.45416461214688,-1.98030624969274,42.09038576992259,3.457395911207896,29.71696219736978,204.4459173526957,35.7627938088427,eco,clear,city,270.7618034709374
64.71145835141002,40.635463077322484,6.97865706040848,25.787572028907817,3.33091666425295,30.718447563966098,431.1447872975642,-0.12133661663465034,eco,snow,city,261.0981893168116
78.83949353879154,35.49526689719454,6.761159010678583,13.975529866995853,1.8265978158242169,33.15543059713819,178.70675966163714,86.58185196584353,eco,clear,city,400.03147469231806
83.16871648444841,16.569985719019886,-7.897760196202766,105.57203254914783,0.2970148694538549,28.217827298694786,283.7020210032994,-57.45023203029827,sport,fog,highway,265.69367045488104
74.6310768603845,38.485458539599726,19.911887992594828,52.83755709022868,4.150365491027887,32.7506007917853,267.4284348323063,-27.158170749211962,sport,rain,city,252.16034791738292
95.99713263594413,40.36532432521682,32.7410026496094,75.02499860915161,0.8545189758826399,30.267537915629998,200.64727431439982,-34.0294846415061,sport,rain,highway,304.72250455146985
11.640932440872547,38.97246437315863,9.07871939127589,58.84924333641663,1.861293209473761,33.355874886464576,319.75095090685807,-52.807274808014014,sport,snow,highway,15.63787737318317
27.620018711519148,30.254371059240782,27.00179724920885,104.7079822029556,3.001773427545409,29.132650815304434,236.64536865094317,98.63415382524892,eco,rain,highway,79.98566786615929
10.68065874803279,21.98705515948445,21.385020680036995,65.6321822937853,2.4112686928031084,33.88649283052943,10.61524583698642,-22.55489091138911,sport,snow,highway,13.404283925851264
68.27272427391426,40.3598992706618,8.78243677465004,57.6937701538936,0.9933031758565902,33.165117758103825,407.1915538239688,88.10179609991968,eco,clear,mixed,322.424983099322
90.82274940549883,36.814884292204155,-2.947010025385146,110.95211885060552,0.7030817844114196,35.76993466304281,56.57789137685965,-21.905305229402103,normal,clear,mixed,402.9229206207822
31.913406691866935,44.422835231665545,25.46619263879837,86.36275152544255,0.6162313612514531,35.28988290606519,232.0449654456817,-59.181664251867815,eco,fog,mixed,149.75214235984774
93.4331090316676,19.670777932677986,32.728258447062025,13.385988881622879,4.315039407496005,30.26642290559762,289.9503954637486,-76.15873386345777,eco,fog,city,452.9974119650618
15.424065126060476,21.769937491561652,24.292724620074594,21.324535343617686,0.15779774530666812,28.218532581803494,352.7530270966454,71.11263863510104,sport,rain,highway,39.465668883808135
94.09924241249628,21.35394449644508,-9.106075798259097,94.45474355273302,4.885071297999471,33.242948488894065,205.39826764397472,-93.58047190298436,sport,clear,highway,284.3644532478074
41.6460418515671,38.7761930286401,0.8116447195495624,100.30215854159452,0.9926434519270705,32.82309911203738,367.7742435152657,92.87891766785629,sport,fog,mixed,128.99819384609904
19.127874560429486,20.607218893503543,-6.5260007558234046,65.42289949083558,0.5516114843953906,28.21943015013157,65.67504235928511,-16.361757642890325,normal,rain,mixed,68.04209123726696
53.72845832676931,16.999794894699182,18.519304978811338,66.5346273439967,2.8848582738839754,28.981420233620742,326.7227741353895,-50.52512978312858,eco,snow,highway,186.2537944381548
33.109891094845715,44.956824197568864,27.823883942020622,75.83195554217335,0.39992978970348314,32.67761363628789,413.16946379285145,23.489226443072496,normal,fog,mixed,133.24498492183463
35.638561176573056,15.744516343354475,-4.471040646567028,52.69389291391674,3.0122663158179748,35.29461811234793,444.7219864187506,-73.41740163276273,eco,fog,city,149.15312705541757
37.65609684336579,40.05732180476597,31.91689102966926,81.62389481806848,4.2531332240680655,35.25200221210726,289.7832479769446,-85.57088528672885,eco,rain,city,153.86181172654176
82.27233080493971,25.961005246519584,17.77544891977416,13.017750907969884,0.23949010733712417,29.2118804368966,156.44759903751864,65.55667038191339,normal,fog,city,361.33889050662765
58.52451490077291,40.248463792734455,24.498450607086248,115.35350908408637,3.9993430226427207,31.076591571242,81.67825585681321,-15.065845074934643,normal,rain,highway,194.8655427386211
38.01769292404033,31.63861473633435,38.57009243043231,90.0185788553906,1.9723872049105933,28.34562291481739,172.77937643872244,3.650982420906402,eco,fog,mixed,157.54250529064606
64.93004049798265,42.0489368845908,-5.815950587615134,75.74090448108083,0.7974531691560499,31.754174770903433,269.98718657721986,-64.66079822498702,normal,clear,city,294.1455701862942
74.45356068008742,42.7857895924388,35.06120114888946,37.95864684113768,0.8804824013372953,34.024667677385644,98.16511199578026,-87.71515109461154,sport,clear,city,292.8578378518549
34.53616006601804,15.27294543842328,-3.6948652006295344,19.3146584948075,4.593822718471131,34.31978169092489,476.25745284654647,-26.44477346963066,eco,clear,city,118.36729814079867
47.21941913728163,17.262365279783648,9.647940331834114,49.12115565947336,0.5530287597033223,31.991915732772583,448.5677144364547,1.2292504760178673,sport,fog,city,176.5336738523051
20.96974840032528,22.510761887125664,32.57193481655572,79.38920886888701,4.333913935578285,28.76695739766575,16.478597432715624,53.08612437560558,normal,rain,city,57.31510889153399
26.303441458121227,35.07946249090505,35.31271183689341,76.04516921077331,2.721223104918073,31.050911801452532,280.9808991151944,0.21040004709267635,sport,clear,mixed,81.3748088333325
71.30060685684845,41.64816589534518,15.318583677257266,45.91693860786858,0.1952808940821954,35.456815679794914,394.6543951233066,56.50140353718058,normal,snow,city,269.8075416976647
26.329451292606425,28.798258538818885,19.705231913771257,73.59436725997557,2.3223807285866913,29.836900452157717,122.69597996700348,-76.91344406513723,sport,fog,city,87.20350938336205
57.26470453003542,33.20919348822797,25.40736672992786,97.64979546810571,4.087247572381504,30.55803559930181,261.9481161963719,-87.20744559120968,normal,rain,city,221.9267412462714
73.81416355501895,20.654995583866835,31.63793342263571,3.154172680512848,3.631013938195502,33.97461740370457,202.9959412046895,-68.22780717130968,eco,fog,highway,309.426825408512
19.618923078526947,39.14900501645056,-3.924441523116692,54.07452575163308,2.4439120884235894,33.8686463110875,98.27313210903822,54.402425377745715,eco,rain,mixed,66.4682525887892
61.058099766601316,44.01984334060409,30.503465411461384,91.02662741601492,4.3002493984810854,35.29761830419946,307.3686919379113,51.86604616774028,eco,rain,city,258.43657466842507
33.09065053312274,23.057967987437923,14.063807525580838,65.53733645560527,0.6018238089011485,31.104949525763004,496.8460877034155,-71.7264390978717,eco,fog,mixed,158.05470863505647
96.66341877138218,29.84477854801639,12.531171255408449,78.1771305514884,4.549705266961844,32.11678979099433,182.64363013997243,-93.80226834986405,normal,snow,city,360.0121442498291
53.51910820479323,17.583483315191213,11.194987599849913,62.00116711264104,4.232206042416744,31.73913968976382,276.1895041322335,37.05638724243303,sport,snow,highway,127.42627317151056
82.53932947976423,31.774099693889053,15.46057926230213,119.02494536187731,3.54138412828618,35.422017368179624,163.92734081075028,71.05635664859548,eco,fog,highway,330.7912058768001
59.52038879406356,30.083503255400416,37.25252766973018,6.554584378684587,4.089438710643746,34.154644710597076,438.47430840124844,50.82153910203644,normal,clear,highway,194.78109099542843
13.907127956933724,19.333094524652328,17.41018863960758,58.92537861268528,2.71907753421333,34.651534238670784,432.30135021184657,-59.44020387698436,normal,clear,highway,38.28714270026741
66.98362380346201,28.26198639354225,37.65887691315696,10.969985893742123,3.3758121454883345,29.064786150635285,89.38669397398513,16.753579445067118,eco,rain,city,310.7611819381539
95.62630079859913,25.023139562596896,-0.9854934692179711,19.174267453628453,2.8029903535388945,34.33477354294528,449.97443711903037,51.473144125108234,eco,clear,mixed,454.32929594885786
64.1450638131698,30.65492625915568,26.20679894163166,45.964602050191424,1.7771426525397467,31.463830128459975,75.75435552803356,-48.83425909059209,normal,fog,city,281.07104317602295
83.72699734841112,32.56963006286398,30.611976930437358,18.664810980058476,2.8443039868058877,28.186709462645176,47.71997981266713,5.544160273890597,sport,fog,highway,253.90469167519677
89.5785817013567,15.254867358216286,23.956441566743095,115.64245991479812,1.2873266626596287,28.480706821946278,326.46730785076596,-37.10791920524594,normal,snow,highway,288.6793845938858
30.527179475403923,37.830179488486664,20.346114011327018,113.61477320701908,2.2013958542039265,33.42326351787876,192.9520529349475,-54.884916534595774,eco,clear,city,129.73000280527566
29.0840355917404,36.39042875585223,18.240639054309113,40.33315754647246,1.4038770363012159,30.976099529167758,265.37029673093537,93.91786535417052,eco,clear,city,128.66590242307103
64.98828899658926,25.988591586195668,33.0465241289348,76.76972544452154,0.614438947306945,34.944924585787845,326.2853909687317,82.51639207738526,eco,rain,mixed,305.99078116423834
46.99256228260342,16.588078067064547,31.082329858225002,64.05039847125434,1.609309281949531,33.874185071006934,26.41861889649244,-10.866453809702591,sport,fog,mixed,159.35524367470012
85.58751725800484,37.647976193551514,-3.885563940970024,97.87043766189224,4.259936090923853,28.173440093335692,146.4765855454967,-72.64438778720472,sport,fog,mixed,285.92686902125894
91.002081105821,43.65525481434398,32.429382851543906,75.29347317803307,1.9054038532115287,33.49510649468802,230.45315588443356,45.581460664129736,sport,fog,mixed,324.18598375252435
41.807924137244626,22.204547880660428,10.703430972022126,0.03029453886745248,3.7400182448443453,29.538819781858848,133.29370490296594,-48.859773974355946,normal,snow,highway,120.2768808546356
31.318350307703387,24.70573841211114,2.6848414997905383,91.58092627316866,0.8759892711908063,31.380660549631298,24.485692142760474,-66.2964388323811,normal,snow,highway,99.4135153371367
80.24729637194757,20.51438668445445,33.48842840069629,89.62177455553417,2.122095795838208,32.997881616983705,43.33828661552669,-23.694196452363087,sport,snow,mixed,246.88714323109895
34.73254319933225,32.30808370034519,11.60123998168708,61.166724667977725,0.5742803466758828,34.98174273036554,400.87393437686677,5.96996183334781,sport,fog,mixed,125.31967535749259
84.03528866623105,19.645241839423647,30.418234508840833,108.35027678796646,0.6931053168374485,31.648783107135515,455.693379606463,-80.51193403591708,eco,fog,highway,367.6198528671507
48.13644282838865,25.685818303841383,3.170180597792225,109.01354468284819,3.087181899450346,34.467923633529075,76.11665121522442,14.34929460970531,eco,clear,highway,192.62582482746996
70.07949093623233,35.91039041802789,-9.80353392888911,62.86940120452766,3.0374090872450554,34.263725302405064,124.63097864574286,-96.93032504747569,normal,fog,highway,256.7005825883348
18.59817824512014,31.803479490280452,14.772959645147218,72.95858774358452,1.0668595367743112,31.316308102810066,326.1247023655348,78.37381211861734,sport,fog,mixed,54.23948249234687
66.14733922089158,26.593876929838057,-4.988587167855787,119.58264863096068,2.372115971443993,32.007841307463224,477.1358880462236,84.14833785577332,sport,snow,mixed,176.40746641581617
50.65909108635062,27.60748805422626,27.71879777624548,35.8584281773701,4.31653083488974,33.603880080398504,149.79485456663554,46.614154702370286,normal,clear,highway,171.91657971383307
62.79476168579267,31.863326478696884,3.8037568034705185,38.954069077377284,0.8710075433824144,28.249187477175518,427.60681311800056,-6.690118285164488,sport,fog,highway,203.704325513275
25.12127869703771,15.17594183661484,12.182282330173937,21.932868319619562,0.09605266536757417,35.126491310393966,253.0123222251882,-49.02074588733776,eco,rain,city,117.51814527152176
76.31863704497638,17.355296053608296,-5.648321745422288,107.50403269894416,3.2599757033178616,34.15852927550155,478.2793195403902,48.822418142279304,sport,snow,city,212.4471359534684
87.65173697889057,41.43774203289035,4.332962422362632,89.33860679391195,0.267491040443425,29.995327051218645,68.12933121409564,86.35944039041271,normal,rain,highway,319.42280384093175
29.506582008169808,17.336369672738723,29.0745121629286,12.677141864429027,4.89970119286223,35.849439625511806,486.83619910399324,-68.2932590205121,normal,clear,highway,77.32579069995627
18.614309996814555,36.20410788631516,-2.4206044048840267,117.81208214375587,3.048101418994405,29.43512282071695,220.489313914754,-6.835602140460395,sport,snow,city,39.88720068979201
12.127472744170277,42.601144923271576,22.357978056347868,87.71540497933393,2.3519817642198615,35.312693389635214,476.46919521313083,-36.947672792814366,normal,clear,mixed,21.100751814549575
67.77743503989393,23.120508129051935,35.87129264022506,102.06265315259695,2.1499627001215336,30.59578766658489,229.34510852575963,-28.651642190818023,eco,fog,highway,284.4582560736314
64.63846324799027,26.11474311178543,23.991837987886015,5.778094700784111,2.8653532925846568,34.10517368131309,265.0410670602891,-18.848443735413497,eco,snow,highway,218.0274072931963
59.2027671442663,32.06764217534149,30.551084464611343,60.59531027306012,0.4531221836010746,31.65101274598356,402.3875048886605,90.35926887426768,eco,clear,highway,256.6666512097165
30.875238650437787,41.45126908915754,-4.55141853480421,83.83179440724471,4.650095294097479,33.89173909960002,361.314250369697,-48.27256642638127,sport,clear,mixed,75.10744286522664
45.18153963149632,43.257167617812605,2.5365913001027227,65.15359014862096,3.128210342759389,29.24626438351493,309.8016602086428,-1.464832181298675,normal,clear,city,187.19239013890203
63.50287016675557,37.18689744333804,34.72694261202955,79.9976958839133,0.9198924880545439,30.156051667091862,208.49001179477798,90.29749433235807,eco,rain,mixed,278.4584995778261
54.709017297325246,17.59859282564082,25.755280680904463,98.1448876308567,2.812905268823314,28.798862595776207,396.2191836998029,-4.7886219563365415,normal,snow,mixed,178.75355703840734
98.90069681933986,35.07462466604552,21.97769131886556,44.92044755522355,0.6662825291650581,34.92115185150242,474.1141666446602,72.71990438429069,normal,clear,highway,373.7839627082869
22.27957773010598,27.309111656179862,23.188336806084997,101.84024107424517,0.08776358779156057,30.370343902155994,4.905448471513418,-88.24704513494382,normal,snow,highway,72.23249971633109
72.56300986428344,29.121029984731848,10.710027715232172,19.549932571834887,3.15258492606999,33.55580983533331,293.92254822633055,90.60608369264719,eco,fog,city,333.43957605134267
46.38868912938629,16.47445171035531,-7.772168419117339,32.50632660316497,3.242416709350639,34.561769581932225,432.9904644891742,-62.49377059478982,normal,fog,mixed,177.4425879038706
48.53796534330533,20.731864180390744,29.22207710353645,5.201474391279093,2.9184829140170776,35.21134589103477,326.55626867277863,95.98700694625683,eco,clear,city,218.55305621673165
74.58379890923587,38.71540822600943,23.93566181076769,43.73121736023013,0.9174160218001154,28.850376922493744,400.4146289166684,-64.8846269482903,eco,snow,mixed,311.29185864350364
72.31925361919326,28.618764991435793,13.640223205636236,45.589145378894436,3.0171492924738352,35.1441194681009,447.5305519244927,-11.126810441005162,eco,clear,highway,304.33994582828115
99.21303943319695,24.049867248934465,34.987980768412875,96.63247166487011,0.282554704622599,29.578022221845757,375.47550792652896,-38.2771016854911,sport,clear,city,380.01998778781535
21.55548605087127,26.520572218948743,6.807983249254942,78.37568043475872,3.0461917778596117,33.89521609272769,358.50870068238305,-13.35371578099118,normal,rain,mixed,68.74398225488413
19.36986844457497,40.63198539977041,4.7160872115617956,52.40670697867999,2.770085095538094,33.83079215491689,482.37294568195915,-49.8950520148949,sport,snow,highway,39.6662886789183
75.1904935415867,37.46997052214871,33.63981625397214,78.25367743484978,3.2762741541954976,28.068025133927634,431.84232894578633,93.06348248552837,sport,rain,highway,216.72961379891706
62.05482253057682,23.169461915432485,29.849382737949277,6.33400206188294,4.477378028761969,29.764991266482035,407.6889347913869,-38.85500318538166,sport,clear,mixed,193.93392815172203
34.67445999038253,18.5250552063712,15.748990532417238,21.63258432220513,4.2517905261976825,31.935268117318937,43.20168023593807,30.65498241284459,sport,rain,highway,91.38545593598793
17.147743209008794,22.55994664932215,-3.4632630271075016,75.2337426290106,4.903270957812694,31.360277653306255,119.51494156970894,-72.5105020802423,eco,rain,mixed,42.936000791446475
17.70924246367875,42.622693531642014,0.7535735732526234,76.96401830703627,4.881205164682875,35.34858783907688,278.3780121625448,64.87749696997676,eco,rain,mixed,30.81734044895074
90.47717871977065,32.447665135492656,22.811399520440332,92.89615904489126,3.861598466868763,30.877926956020186,354.78005248740686,8.501588701902676,normal,fog,mixed,363.1387667975238
27.268059224686862,31.004406262343487,9.252061892020585,48.35997108643226,4.78209811088864,35.4958697186877,151.60744665023844,95.88922490626317,normal,fog,mixed,75.34760508313482
39.10344059039687,32.89180799077384,31.823659583298564,86.70649159393875,4.33641942944556,31.67543454714025,46.66405656041167,-15.31955663331297,eco,rain,highway,128.60609439525723
30.399076200428922,25.98084797239546,37.497750466610206,82.07763990722273,3.6379122494748644,35.714823173121324,155.54959340762386,-60.91042500466792,normal,snow,mixed,88.29817201209896
41.94966752487436,39.21321060958538,30.281846263745912,115.60720540438189,0.376921273218776,33.89883848019889,385.5145902902596,-30.796200111803287,normal,fog,mixed,167.33174713360725
16.248145847148404,30.698587479007493,8.877271149777858,25.8156271709615,0.24524944134943882,34.63467673305725,438.7005146706866,47.393121218698866,sport,rain,mixed,48.80162680950994
56.715381181744334,18.502437083063867,29.4343214615712,66.20154765031674,4.187997837528851,28.839015106792008,456.45182417217137,31.821304199175188,sport,clear,highway,164.00471312694097
16.085130723299343,18.871953744871888,7.572083673534173,72.21173305325632,2.4482792893584913,32.68913146593894,189.43333957207386,55.669481523545016,sport,fog,city,30.571050840468082
82.03208570401254,31.10577439507855,-1.6449956117183042,119.8377461921065,4.073033421874604,29.141602878634806,186.26928743009825,-85.30594155915819,sport,clear,mixed,275.45420620030313
31.034087371938973,43.097106542125175,-8.33033975670713,24.142097059998203,1.5645913532760969,30.38096801640779,203.35373548589553,16.073755068957297,sport,rain,city,90.75171855592463
58.601072314405954,24.25056365028596,9.285835638051001,62.78616239607507,1.988249291615064,32.988523249338144,187.9047347107239,86.43373540726094,eco,rain,city,268.6857291700516
89.20711788053124,41.08623506577655,35.17796518486409,41.542236925636665,3.5009336050596596,33.80980563755113,333.09830375360485,-78.41961610368453,sport,rain,mixed,291.528801686784
68.57896321424747,37.92286759736638,1.9493293877838251,63.107156229479976,4.576633684660466,28.313470256090007,179.16163106599637,-81.13294821740422,sport,clear,city,239.6405361547261
57.966200789620174,22.434373287207205,0.3256582464891995,27.85543225237271,0.4388073723944297,32.24754984857892,10.171968307122913,43.320872903902796,eco,fog,city,302.9407709876563
39.190037780383804,16.090222449487275,38.49103926205201,5.713485411298573,4.3073907231730315,32.522511890319095,219.51230034393586,-36.96350883115962,sport,rain,mixed,109.56278366615376
39.97017217523781,18.055417954271483,-8.749794357470394,68.70785446772267,3.9650636243968265,28.63062397688161,112.07603308929387,31.715842072181374,normal,snow,highway,103.21623342055385
70.25382596783712,36.854818015423206,29.289107519687718,40.30251790329986,1.5776963536492734,32.00550427360611,14.40356889230998,9.076902610071997,eco,rain,city,349.48624689009625
99.47254250990508,20.9900921412194,6.068497787043519,21.832968209812037,1.776083070657798,33.71073824039861,235.4214757670241,97.21333166798112,normal,fog,mixed,425.2535274722682
69.56552708644408,26.138127615161814,-8.125602156517033,38.87226792936405,0.23230738610954815,28.425818279004247,102.97727959914654,77.81128339097481,normal,fog,mixed,289.40156118369606
60.20050756330224,30.050974980192745,35.89012701047918,5.91362417372939,0.07870305558358992,34.0821422105917,226.37090741986705,35.61455631234233,eco,snow,city,273.58599069162705
75.75854592153215,36.76404505350489,-3.0178834895208198,114.0530680908124,2.3850306317886454,32.611412039233095,138.87499330514325,-47.665074779369895,eco,rain,city,363.57266287905367
51.86850510553463,18.39693669777376,17.58896418628477,69.73774979679125,0.47769822748655266,34.66581766617433,301.8544351402166,-47.6183675699061,sport,fog,city,206.13087830944187
15.412810834070669,27.190992158323844,3.702710371477389,97.77224176164299,0.9700090720760651,29.744500582832558,495.4386934369797,76.44876011378918,eco,fog,mixed,49.8878829225936
60.60671342901188,29.55218727428086,-6.740359890765449,50.774183705727644,4.233835997633318,34.66618947370495,273.61596035583244,17.0682130550786,eco,fog,mixed,252.69221635115437
96.18627560548421,31.22481191914619,-7.503875716831045,108.39776010794229,2.8551419562522624,28.756487802139745,323.44795844638503,57.85635641042046,sport,clear,highway,297.590973501409
25.777264812189365,39.5508192418565,-4.2221650581830605,57.9981865862704,3.168162186330567,31.23063757155737,459.6378788756006,-10.027158692633975,sport,fog,highway,58.70729811500592
72.10044017385991,20.150345851296507,-6.431649305530998,68.87343866408033,0.9373966541596002,29.595878332197188,187.0002088625458,-79.38527266969469,eco,fog,mixed,352.59726093929345
28.084031979315082,39.23494355479867,28.027905775996146,59.01527760751882,4.143309022272097,35.00816665832699,83.27422489279151,-33.462708352074785,sport,clear,highway,66.627823241794
58.22449160257732,35.78635283089957,14.278310114171457,87.99339550411818,4.339898862198738,33.63935853041419,141.39864146527665,-67.77016114232737,sport,rain,city,197.85038821820137
18.700880468204765,31.67612442596878,7.144604567448983,67.99872931224749,2.616637968565217,28.202894217285824,201.3974703572746,56.366563285100455,sport,snow,highway,34.349652151557784
50.53338426323666,35.98583611207716,10.918445506600357,32.591870829647725,4.562788859393299,28.07618684491165,322.50884062791914,40.10239793141804,normal,clear,highway,165.28059929572015
78.05469960057215,27.360532168549692,36.44733677863117,17.464743758717557,4.224143124772908,30.329994035853357,2.294014714860515,-82.31741552239187,sport,clear,mixed,270.54166732027227
41.28143718150839,19.151927579043736,35.53759063690736,72.73492666595732,3.6566208833721903,29.146264914244522,426.69160738349217,24.277079752375414,normal,clear,mixed,142.58451560543153
69.84205520384963,34.97295720796102,25.783824006128846,58.70159538564435,3.6703795784681432,33.042435820481565,38.046986524915226,74.82710139895909,eco,fog,city,330.96930792237777
81.59049647107562,30.740169200568666,34.23411887108439,11.517083603533553,0.5269673697543165,33.31037547106048,450.32757445927524,39.47285907999333,normal,rain,highway,302.3865101958924
93.44600375315073,34.181244016283266,5.982401379381239,47.47409589519221,1.3541801884783289,35.53560722929094,474.7172606024494,2.222382596884273,normal,rain,mixed,391.47405498774464
31.117787366990818,25.1399634308547,9.055466300414142,61.77317064005443,0.33423609908838026,35.61631939636673,495.051397056067,-37.627343012222546,normal,rain,mixed,113.78561416172658
45.938432422837735,42.20599732019508,20.685609092711402,99.2271880590708,0.04340604613154331,33.271173643290766,404.7550922034388,77.41934991717912,normal,snow,mixed,162.22525829067078
23.71744119973757,32.62109605726731,21.18129736486321,9.132126700003482,0.7915476569195506,28.04540090282167,70.9277629700763,-15.439023571796028,normal,rain,city,97.43960047252301
99.32351519425377,17.562074528726214,14.084991900617048,41.819441789520354,4.4024359132347,30.871983332556916,353.08352161259313,71.07871604675708,normal,snow,city,353.6202797764774
93.43008711318657,28.49411972113286,10.032892421897664,98.71873472524624,1.1993702951802576,32.10513210597813,101.66064530408825,56.59996764363942,eco,fog,highway,395.4493769038848
58.59614172525036,37.69068164230903,39.30901558043475,77.81087181258945,4.8507698129586085,31.993438052067727,448.56391779020197,63.245393056171935,eco,rain,city,239.56609233266397
85.78299649387792,38.824036851968174,31.05618130588622,34.794998616454414,2.986454997806031,32.82672503601781,158.30296282767236,97.95950403232925,eco,snow,highway,307.2636328085086
56.8862179544838,29.837911582912763,11.74900989440226,101.44021464271708,1.1862924381734519,35.68441186243808,163.39798853752058,49.751703174592905,normal,fog,highway,205.63424181951504
66.12271192024838,41.842427124939036,26.364623861978423,59.19522966752308,2.485654017421064,35.08154153564123,458.82664795743335,-93.19181285627032,sport,fog,highway,203.21184426189043
18.021198890441497,23.030053115828927,3.478084662622974,59.802226957255264,1.0954741135005768,28.871264267603905,6.615535391852278,-58.91321300385102,normal,snow,mixed,60.078020772478766
77.97433784471271,27.317960917148,-4.991533688133506,117.19048070404612,4.919867790911869,30.127843131147145,96.98307574178489,-92.9609699349671,eco,fog,mixed,331.491994475951
21.494213527171134,41.9579073170691,7.621551277637032,113.65398038836541,4.23632491952482,34.66487533935709,210.96613328172754,-62.017286011661874,normal,fog,mixed,54.019018925938674
84.34608672272755,41.887701494147365,10.14864000616971,43.02392200438127,0.13119394391164552,34.59445527055365,350.3607836550965,-87.71209786277734,eco,rain,city,431.1942879253556
80.38252789033473,35.57138306474043,-9.17314377196646,16.869495439569878,4.738880157337356,30.202965792973366,323.7830830223677,0.32340823725058954,sport,snow,mixed,220.43433788808343
73.78702279686789,40.769416413666605,30.739600081794805,39.08000787337129,3.6053255365144365,33.844704245488956,334.70593758357455,-94.35875737338444,sport,fog,highway,224.8925918365318
13.254434247228591,17.66319800868698,7.959670119459076,3.6579912373665646,0.41190626010639164,33.37629902974286,440.01101420533206,-5.484180076948107,eco,clear,city,57.57532225823212
37.28155203507957,40.94984928623329,19.02090828900735,2.4921464052469444,3.353188731632228,31.78819171975969,60.51520614662831,79.76818142400239,eco,clear,city,163.9640306287674
33.680131291975854,24.618597196506805,-6.3018406364522015,47.462656350170306,3.2346334898284272,29.611639621432236,261.0808481093852,49.715202514961874,normal,fog,mixed,107.52559432442156
42.41227667243672,20.34994537284649,-1.2501585624708014,112.9223787236681,1.0939437290379173,35.10914544715269,362.73884455124426,88.7911847303512,normal,rain,mixed,159.1990861555966
17.88784720874547,22.18109509026139,34.484686266378,104.56288094786493,3.792233500037878,33.42280947445468,318.0592214620823,-54.67064524869591,normal,clear,mixed,39.10271367667293
94.32620407279565,27.539055240416612,20.43437639414004,61.373140070114765,0.4353235165648356,29.351943399026997,224.15705996963376,6.217163281058745,sport,rain,mixed,344.69134582087946
59.842201664113865,22.535760138134016,37.51420250852428,67.82716574049968,2.447225906156239,33.638418758726885,8.557292936081984,-36.28410936683224,sport,fog,city,215.1164672374995
37.49718795922212,24.61702758049497,39.937501719565844,0.7120196095267772,0.04961603581543961,33.93146975661584,30.22613282394232,-1.236040861593196,sport,snow,city,121.56887409695817
45.72833653668551,19.049354582149263,8.59300576665472,25.86013870005186,4.843687444473732,35.09504228096833,59.470663426918314,11.415165916857688,normal,fog,highway,145.90741091536898
50.24822864543521,23.885302966769956,4.940153204163732,2.9728952321260493,3.7578181588845467,29.782714041935478,171.61387641768178,-92.76277390482697,eco,fog,city,226.28060525260304
64.05349000245556,32.16851443626004,32.91780275795484,90.5447439234465,0.7942603807982801,35.91003284330725,58.82672633357344,-53.348772957003376,eco,clear,city,333.6881745661943
56.4111484926848,28.255611242731916,39.93057135187271,17.47749552317973,1.708370199756415,29.22714738021537,213.04115653130418,40.95455584879949,normal,snow,mixed,196.83227131566937
92.74527758929756,25.401562837077336,21.482061711622865,104.28565229721804,0.8028118890408814,32.80551113487667,89.32099529278969,54.585604908059935,normal,rain,highway,328.00165534318273
54.726713461524724,37.39356386571342,29.757036125576114,77.1989176410946,3.833087320646573,33.25741204218783,389.58309876310307,13.890273497500644,eco,rain,city,233.42357485378366
99.29422133409814,41.80529914179954,29.087292940763724,27.5302411818856,0.29448162713857584,31.351623162126884,435.7438083561078,-45.83419441026466,eco,snow,mixed,418.27153834125755
86.62824619705862,37.70367668707191,7.766985410977348,18.92643804998997,4.202033277818571,31.800301670163094,194.82375398408792,-18.983176655452,sport,rain,mixed,284.9289715943435
28.765946292160223,24.960021063530377,18.71351901285436,75.31496411076637,4.710981694178649,35.1272807737771,255.66588265781937,-80.79263762372308,normal,clear,highway,70.62412761270608
93.75356931795247,37.333265035126615,31.65284706321068,108.10043763387883,3.3831397140314996,33.1621938373237,476.7481207804708,90.63592335851834,sport,fog,city,329.02308173042024
20.472975809692848,19.559405474221535,24.40569381305277,86.20322626972579,1.064827250007171,31.97600766587749,267.7538776743102,73.73549424205763,sport,rain,city,63.643281220197196
83.57047376420724,18.90953964273873,-8.941809300898086,41.825598192405316,1.800450479067754,29.026796499468198,497.53660792171246,-86.87953061850733,eco,clear,city,408.58609703882723
44.256096412892205,25.368811111084767,6.835283444876676,70.48603143223765,2.386199374044656,28.058701001785078,71.06549684602732,-66.7018668683339,normal,rain,city,179.1782691112551
89.01768884005625,39.23107107132171,-2.776215170269732,37.291403444690566,3.0231238610112685,28.99974894521467,431.1132102983492,16.218888237750704,eco,clear,highway,376.716665573748
88.12510210967054,22.390447417269055,1.648610603901954,119.89794801343906,3.343315449058437,35.64947653981204,248.60150133648267,-53.51398517415682,sport,rain,mixed,297.25057310625976
82.5332860105859,16.897602266960387,35.27447387456628,89.86070261542214,2.771073576594414,34.11269426393065,11.357055624834079,86.88013960282566,normal,rain,mixed,313.7267578205087
81.10273926763553,18.951286056190654,-8.155335554461592,73.72579677081043,1.7565696041092789,35.736930620081985,486.11147071967423,51.11811617421492,sport,snow,highway,207.78166145776754
37.42112251882367,40.762349055887405,0.9900355980961866,50.791097131899505,4.454586402824515,28.285669677665375,482.52394987167895,-45.34169741778344,sport,snow,city,99.21755223893182
17.282735474612696,34.01349854241863,5.478467611911572,74.17827483114688,0.4069602900897912,33.441763230869114,191.63542009144356,-98.77971776190478,eco,clear,mixed,81.41397234412877
46.268216088864534,22.5960349010993,20.84420359831974,40.993927496080175,2.331280271217475,28.354348211227343,477.0710355429524,59.88947824059494,normal,snow,city,152.12366201380664
25.61720634878578,31.65887475984544,16.705084504293275,3.4637807349636907,3.8778241923374033,34.25645175095059,70.50482111927286,-15.18205807978687,normal,fog,mixed,85.9053303205582
72.54559800122155,30.827388672760513,0.9134741426693047,47.41062268279594,0.3043633264570045,31.047601381881556,340.0550705603411,28.475542371555406,normal,snow,city,274.81395408698916
41.1489753884007,34.66307935321984,-1.7879466388422767,111.65769834958404,3.526676084056506,28.76612288085196,95.96449344391728,-42.605034915740504,normal,clear,highway,132.33865495234298
97.80491807739234,21.995626632648488,1.8399017298059412,75.15613137286391,4.098558113766625,32.54437313430012,123.32361816741383,-71.42534812836581,sport,snow,city,313.43313574496926
67.68748696107988,40.93208961583193,15.12648133508278,10.074684368508194,3.3041564926352613,30.240961572811106,389.6687186013027,35.06231835714914,eco,clear,city,312.7647810479261
84.02325072709249,24.281056862400384,3.5588892855601717,106.19923360740312,0.06468446137677997,33.27659153497455,188.6790422826475,-9.935082370668184,normal,fog,highway,324.56324916370437
21.927220546766357,35.823949619287106,37.38012508038611,32.26498192098178,0.9006851356610313,33.26539807611032,3.5637514143105897,-52.96605978600382,sport,clear,highway,63.5362913293897
87.58130340453603,15.483739391166447,13.193261071442379,29.252339169927293,1.7105653944597536,33.64005979296602,207.11921209779726,-72.47440008675936,eco,clear,city,451.38811849785867
93.0481471462055,26.179713896824417,-7.060199172768147,35.6509162536385,1.1684501781902297,35.93972063022207,114.03466031647974,16.095918888326693,eco,fog,city,481.7797790143225
53.83557269370423,25.55129453876425,26.46332029183167,69.26426833511489,4.813260701137137,31.093581679579245,341.6649567791456,45.10998804151487,eco,fog,city,235.2446420864912
64.56276439758797,31.304532857490436,6.442264410449482,65.3625712120772,3.257969570568968,31.722523795880807,97.22434836175015,-43.22260757537695,normal,clear,mixed,264.97130702968815
78.83288208126959,17.182087853315895,22.674446602912376,58.969650554745805,1.4848547867578517,34.43689360820272,421.12676421823784,47.02850706942479,sport,rain,city,282.87848414510563
25.73547645343713,38.703941211783246,3.9797185261615997,86.10442362151524,4.648487493327228,32.62696018417508,133.54650605408213,-63.37556025344562,eco,rain,mixed,85.7058206061936
55.23094688170982,21.533424053027055,18.537187086665995,37.98452776019508,3.7029709973809344,28.298057685502396,196.51412914150686,-32.316861780978144,eco,clear,mixed,242.8576269868508
45.87967249950818,35.31113444646031,28.60762524037323,93.84774258869173,1.4230360591352098,34.744628162078854,149.01843039854901,48.97645735999109,eco,snow,mixed,184.35232224657352
23.17365929460242,39.0963636973228,36.4004370887277,21.038601405431898,1.894407847009777,28.411989455504326,321.96167390468287,32.028703929415855,sport,clear,highway,50.54777060508828
43.07809800623783,31.856308687245395,3.056357221653853,93.91449468924111,0.9971442915197837,29.366561091934273,50.58177061319835,-45.895274619217496,sport,clear,highway,135.07639868700312
16.135507844694423,37.226496201659565,6.742847549949058,79.65721263003394,4.855369991329109,28.816639735793498,239.04968634912206,-75.57299969061337,normal,snow,mixed,24.210376013328975
12.323071625453828,34.85580936645017,13.213321014296984,81.98499714571038,2.586482479450366,28.62341706304896,167.22740760752907,-91.50531501055161,normal,fog,mixed,26.228147113800922
22.16496602393405,25.66589391456023,36.35874188679944,57.7864076552712,4.480283437489923,28.20547900243768,442.06898164415736,67.58303598385714,sport,clear,mixed,32.06596945044151
96.68036004302564,39.265756171006956,35.069342840532855,80.04018392170377,1.7324988550842386,28.44022171177894,36.706046787196186,-84.971610086428,normal,rain,highway,353.7649118426375
59.45765823055153,23.84104109656584,-5.506085994968099,9.57564558713489,4.3042080154873785,31.539513513430478,414.84753246642737,-77.03096955872243,sport,fog,highway,172.54341546048346
96.9239945037898,32.13638753254551,-3.403508712309458,102.18613404592406,0.2694342421358198,30.02281815986091,83.84023826495456,-52.45787394493326,normal,fog,highway,384.27631701090644
48.924809049711875,37.361932174246185,14.775458866531913,6.665668018517521,4.91045158762144,29.01229506735055,44.28882996497757,-10.86605915203043,normal,clear,mixed,177.95300094462337
38.06345197767336,26.368677294375228,-4.669036359728826,17.8489811845797,4.560171835166513,33.26964434181221,101.161429061504,57.957416047299205,sport,rain,mixed,103.883968450042
55.55276765562197,24.08302822852275,7.279043667434873,69.21476501966836,1.8160147238832747,29.80889528507407,51.3264910059052,-50.50393481177879,eco,snow,city,238.22913324065462
49.55605197696191,28.780380305184682,-2.5807310891261173,88.72937465480298,3.873610826572887,28.151593242758477,260.4919741010628,8.701649671950378,eco,snow,city,175.24978957262127
19.509821583556953,39.53890483047461,21.802017756594292,9.150187721550417,3.76128963236913,31.34735827013862,494.10747645789064,-81.92549558999139,normal,snow,highway,32.70488746183913
67.67436832211857,42.89765289436994,37.474771586958084,110.49177769467838,4.5062739855146585,30.483463935826443,17.16367596212942,-7.0977989726950454,eco,rain,highway,251.80531330826574
29.443436425863965,31.352502385796704,39.83668851471907,116.83291785608384,1.5362749056440554,30.548835450771943,230.56417465973067,-64.47220132453835,eco,fog,city,127.72912849218254
65.76291594080466,34.84398615970956,8.76205662484574,72.71402076092532,2.3276000265707477,31.56216022545249,193.03516455393088,-57.761688221886985,normal,fog,highway,242.01473368402392
68.51809831583381,42.09820866716743,19.950631855730613,57.749214645220384,4.324998063030265,33.35131141787422,169.8032071232002,-26.634313178214114,eco,clear,mixed,308.72448064789387
23.68223678157833,17.95640554238827,32.813382676204064,88.96739667356997,3.8928972706760803,32.93183296030395,165.93180521668043,52.26953974017147,sport,fog,city,53.89192137378933
15.521466439960134,21.96235733598495,-4.126896360180801,39.40288227926465,1.9673335937013958,35.498092878311006,447.5063783132311,48.79728598004692,sport,fog,mixed,34.79070315430908
80.26854274615958,36.267000187547474,24.478220552598252,59.191732092612774,4.228626164560611,32.14173333042017,9.488075104202021,-17.00540470293599,eco,snow,city,329.20606847994213
51.382038139238816,39.71233385736899,10.442183086253412,109.93812321772816,0.23477019616200745,31.780559277800577,387.45819369006915,-76.26576916151828,sport,snow,city,169.288665241892
15.234741595492821,40.71087084991734,0.3073080140082034,114.67865102898404,3.9102315148149507,29.707315481735176,126.46658940297084,-43.86167599521074,sport,snow,highway,15.274987006714966
99.53796854527904,27.45321530564798,10.1376809373721,111.2482939261422,1.033829297168503,34.043050310785254,191.64775540878742,1.0711553060276344,eco,fog,mixed,497.27371279018877
15.200250489672998,17.680197068756005,-6.201985651754157,31.493768035660818,1.430604539118936,29.126206209714276,210.07495642428887,73.88235573902463,sport,clear,mixed,31.816366258882326
72.55317059726978,28.133444318988598,24.770357429465285,27.89628482601161,2.466074217977968,31.929063118563874,152.36587703687172,93.65092296266607,normal,fog,mixed,287.86121922604616
98.53110327370723,21.92203770621161,2.637133437422655,35.71974071151771,2.2486725053498695,31.370577587099554,46.779430917698924,27.494187004782702,normal,clear,mixed,419.13731895815226
31.526209379433304,23.735893649898724,5.570282252243899,52.95733348661523,2.602850534349405,33.266407027235225,57.16542441471739,-29.86270190051974,normal,fog,highway,104.75105311511359
22.802443181847657,38.16802670512517,-3.9459350879268626,37.70008953503563,2.723877978360119,35.34097175965327,149.06556204132215,38.69069073887573,eco,rain,mixed,82.03124695709185
20.9246445480186,17.265812580776604,33.232955694494585,44.90553548868696,1.6576384551574845,35.57276473198578,410.9045264436253,-32.75397283588029,sport,fog,highway,54.35960275939805
37.294763281083604,39.82743652442106,14.67221396413693,74.47643425449114,0.87613756508515,29.342394137305266,67.31382639370592,25.09469068332129,eco,rain,city,182.38010064908886
19.0941229909582,27.830072574725072,18.607343889320013,91.50308125127711,3.84240614643653,30.094537746137426,371.3199165729654,-51.24668566086468,eco,clear,mixed,55.931787527966854
72.29452075247187,32.88191793301785,18.47163415474273,88.26698379215004,1.9998807454357104,34.49308255971765,144.43486471464385,-46.602259753724404,sport,fog,highway,230.94673087292486
15.606261831705641,17.68956693707037,10.524655727067088,97.73082804949824,2.529204312295295,32.146238099593546,441.7324675560464,-84.95488219177538,sport,fog,city,36.82175006490484
55.84799153348107,25.12077235071839,-0.37350422809302586,3.8621283858482602,3.22348359175559,31.624276546845856,214.16423770032046,-15.971769557365008,sport,clear,mixed,194.03343637255927
99.70271684676791,17.691027570445375,27.256637424919994,5.728054761450729,4.54818961153328,33.685003619045645,85.86165664868778,23.634904019133558,eco,snow,mixed,402.45215314487064
83.25732425554169,43.84631168643328,-3.6471867321162836,94.72595528263552,3.5377641557010997,32.81539962085577,492.9222250552551,57.75898876212423,eco,snow,highway,286.88504342294425
65.36974944079098,39.21784947978752,-4.806310486059475,63.969458678955824,0.22729612795192256,35.76571243537067,88.31725961495579,62.06970896753873,normal,rain,city,283.79378222384844
37.56282587079505,28.78898263069381,25.50725187982517,69.37688085145443,4.192801816990088,32.67179721830614,283.8099106161347,98.48888990143277,eco,fog,city,138.9258347899835
66.15062526624746,21.708076449710134,0.4418510225991916,6.31042322572525,4.946775075637595,31.727790610778026,284.6432390480671,-82.44885483260762,sport,snow,city,206.11676532047719
57.433731752048644,43.00365315749556,5.338637567641616,30.637656140552508,2.3624251268569108,32.342538896625406,186.40672558888994,-1.3726463108342415,eco,clear,city,284.75562797758533
48.347504550133436,25.337897871809155,13.761373350087013,76.60251658625732,4.8479516822730035,34.46831853357578,475.7442962745655,4.274915080482671,normal,clear,mixed,173.2970106150494
21.76393390661795,19.829532950621243,12.46756583647731,103.10182681328114,2.736643711715747,32.90140045428177,421.9372812058658,60.90668527557847,sport,fog,city,52.01494832729151
89.79437937164201,31.894931653618645,25.428956253249957,110.0380076617683,2.298079979359749,33.17638473109374,414.90978041912103,-46.728296882230595,normal,rain,highway,309.0313206149327
50.48061839391902,43.31322361034448,21.17158967216805,60.05033950020981,1.6570238236372754,35.77151104029274,487.0759677147389,-86.1255360121066,eco,clear,highway,212.02883137746127
27.516026063868857,15.114908715009678,22.219808114093283,65.45690792858372,3.2877743791666942,32.94716387540366,228.55466909815843,-37.24823794631607,eco,fog,mixed,104.17340664884094
43.09834157895607,22.14374529761996,25.702716532772868,99.9659557282789,1.149102102625223,31.04228198667632,48.59288781001464,96.78556581285218,normal,rain,highway,143.4256923776481
47.27167772760343,43.15342921231223,4.630636371173267,64.51495208968255,0.5246710925720216,33.53060821610237,382.7279627248969,79.88823956491726,normal,snow,mixed,159.72124622388895
84.47841060101868,20.13257900571486,6.116665590023683,62.02302306447808,0.1361855129210704,33.27567517581849,190.4062897259669,-20.95060781066968,sport,fog,city,327.6283520547433
76.02529425052619,18.397303549194596,11.899887394777707,108.61008453131444,1.461900563576319,28.110781084051055,95.17257590175915,75.25439974901212,sport,rain,mixed,258.58945091710456
79.23744042772059,32.10561647399413,5.373108651676304,94.79192652670561,1.978854160835191,31.738634374286665,241.6236716101267,-93.44910317666826,normal,clear,city,359.45590670996495
10.992813798578249,40.85531469884489,39.24689344854317,109.08870316335535,2.760383481406239,33.943228823059194,462.85947008358164,-37.15918450715989,sport,snow,highway,7.614252949582533
47.45385983617854,29.313294530817785,30.702596321071482,26.189646573738457,1.4637491259350321,31.992331661769033,85.6785095073142,45.36236959750889,normal,clear,mixed,193.36805017032742
53.32097364717912,44.83692770053574,-1.767265587198521,62.925058398642804,4.920297861927056,34.23696908748312,424.3494076148709,-55.70954979663221,normal,clear,city,198.23396245269996
11.727304914075102,35.375150986139786,-9.720292205906524,101.09665543120296,1.458725841205838,31.607069571420915,209.10247080755866,-60.321809702538665,eco,snow,mixed,27.36027680782505
33.38318878705308,17.222247216313434,-7.860836587636607,13.337739296053073,2.2048769422320436,35.86657278109789,68.40099035157098,72.36150919287468,normal,fog,city,124.24512470324069
78.42608408099215,44.78496395045926,2.2031725521462633,95.35945851527542,0.5163808276595017,30.34313271363111,424.1911519943282,23.190792215348765,sport,fog,mixed,279.04683923001426
22.339873515609916,27.236827103405712,-4.285435708157173,21.956806009784337,1.3031325666853784,28.73698086516859,484.8101705957143,97.80454366240716,normal,fog,mixed,63.9766669233727
58.17791183073325,23.622076015364478,16.666905744628604,96.97425059823854,0.24166069894495545,31.440094409232778,145.63535791750581,-73.0660647441703,eco,clear,mixed,297.41503301495885
29.368168481551375,31.736375507336568,32.89976113636793,73.44011250682418,2.79754316718664,32.33367219899135,151.76810492103442,-28.774318553370676,sport,clear,mixed,92.87071631651618
11.090869717950394,24.12922775462593,26.837511045661373,23.188318978184057,3.7553234156621587,30.792749853459693,195.27299151996658,-37.75732563926311,normal,fog,city,14.992706365150983
31.708131183958734,17.59372521360457,0.7804531541095212,56.80250151993613,0.9785490716803397,29.938249280943673,407.06518223040354,76.02644754378193,eco,fog,city,131.5120908065608
97.82863794190484,15.042850292375302,9.964962801289293,81.8286199752926,1.8395546890803538,33.37646953108391,5.208598369749906,-48.940695991397874,sport,snow,mixed,302.50187753364696
82.13834006946907,28.48750058760787,15.39471047656388,76.06234810602508,0.08308113363580283,31.017000798850017,111.97827586876718,-29.307800465165997,eco,clear,mixed,430.0099342910954
96.361897988893,40.10590266679777,30.51029247516678,51.26966354780453,4.1976102786110605,33.0509482328051,352.9499055531631,-71.43322486491451,eco,rain,highway,378.8552048853896
53.90686395337262,32.16945556890229,31.956080155308243,107.92398347051123,3.899817624658348,34.23257158879021,202.81972524276304,55.08019652983742,sport,fog,city,180.69963221258658
19.876257880975317,44.97621896830323,35.485915595388796,62.311609738541314,0.3162701543714619,34.08802102208019,165.14781148406377,-52.45934320822943,eco,fog,city,87.25649173261218
59.31635400763236,23.605399369416,15.462262525143757,60.70407582344261,1.8243380466020565,31.00247448508553,436.14144445100874,-86.3359455535561,eco,clear,city,292.81382963790514
50.89396011039648,23.41365194280166,24.713737321793147,7.4700707929745125,4.776433069247477,32.5431858316014,458.6669600731197,-12.978253461820671,eco,fog,city,213.84987614357505
85.99213744656544,19.79248380701833,-4.409981438303142,110.65444677571645,1.9601352803948853,31.59726579554194,473.9931095830977,-21.708375207693066,sport,fog,highway,274.3230442943018
18.827432270582015,19.921907647960055,18.264447997699104,21.25398824140476,2.63104338362008,34.96644202167728,136.2752663271483,-64.4781591389249,eco,clear,mixed,74.10798408426808
53.94170233196004,23.555597880301434,2.4345904735567565,63.40136321238651,1.7762143050517758,35.030067838399994,456.2563047695535,-73.2804880207969,normal,fog,mixed,217.5839173436735
23.50437982245858,38.78520135820581,11.585844251330556,96.42811216803722,2.980656940641309,30.749932663104296,368.48277736364446,79.31144267665215,eco,snow,mixed,57.868677531476095
39.22083342010539,42.172703719093434,21.70252541533597,25.854393234677197,4.890784378184111,28.733899583029846,77.10737424429031,-86.43110268975389,normal,rain,highway,117.72136142306834
76.36213696490196,44.25261509123044,2.849296892689054,63.28479479650093,4.987512517405985,29.340659866592155,305.13501415410514,-80.13780866073601,eco,clear,highway,303.7192957081147
52.84163164318899,21.968689622893578,-7.390747110161946,28.8821891068009,3.8735748900559557,30.936013937047072,13.16740965349561,-50.990543772318794,normal,snow,mixed,170.2324231110191
43.82994566311924,41.43892636842275,-9.488307179562124,91.16339973598942,2.0215554901021964,32.513999638103925,354.1890778854326,90.56783793130043,sport,clear,highway,117.3900783943187
45.50286507130318,24.84765267832011,-8.892023222773922,67.72094014477808,2.4721610041449416,33.25429608771543,366.7837613254692,-82.92315009602898,eco,clear,highway,183.32825477618425
51.350209156538796,18.385216335506534,-9.582513124311516,102.71710324741721,1.7836566405615273,30.650968370288002,394.66925429749864,63.20296534857644,normal,clear,highway,175.9803616815915
80.65148894533512,41.100747765604964,-4.482247172106226,107.34696034528594,4.927873149521731,33.339992956991885,86.26252706121745,78.41043066376542,sport,rain,highway,218.41507335648106
90.2876220046211,34.08316903930856,1.974435728506494,77.84801789344777,3.5388015291270185,35.50191986939005,314.1249704737655,-24.426451709822913,eco,snow,mixed,362.6296852378104
95.98012178535355,19.94192688243185,1.0610757091149594,87.04694953907334,2.2446572271675564,33.2161130173516,89.4283424138272,-41.22112003363152,eco,rain,highway,402.3774755091104
80.82130476297655,27.894937725390076,39.339829708994834,65.90641198642365,0.06057635054801169,29.26852183555481,473.32504169458787,35.47554565148161,eco,clear,mixed,398.5925621425269
38.38662061732114,23.61773084631203,5.3003052604471605,46.13144796808595,2.6024170719527415,32.63735130382102,337.50534634041725,40.52692012204457,sport,fog,city,128.94970026028398
71.93212354778879,37.10383706130591,-3.628960832030045,77.77415076250016,4.91964100850809,32.335164134135866,47.66292400202787,55.995432564831106,sport,rain,highway,201.23042066910364
49.384281164985275,28.60248691872804,17.278127208387897,108.99463481847947,2.6153045448652597,34.965600887187364,93.5161150029114,66.11335626578514,normal,fog,city,185.87495508633629
32.92035598414461,44.67839835319155,32.89787276987542,50.001645651772556,0.9121334274455684,30.802424441703796,331.7300490648739,-46.32090879753199,eco,clear,city,161.9065269927155
85.67844214833303,16.642349467787852,23.903018839383762,37.72920316485544,0.11046873552387426,31.38356488045344,238.33524807980433,37.39232037732981,normal,fog,highway,323.93810747506416
13.458371406609249,25.6504579840874,4.8041044567725155,46.612432626308895,1.7735187906210452,32.789272443891946,368.1488331054392,-73.0188551430649,normal,rain,mixed,35.94070695568746
91.15857929218812,29.457005013299323,18.080807989572747,52.247715625391955,4.591140278483035,32.1954024939362,140.39439946282957,2.146266308830718,normal,snow,mixed,316.0043638842413
51.53297181622607,30.094006642449592,25.74279871002046,8.827323477325946,4.982770540879405,33.7521327392414,328.95876842353846,22.577383302518882,normal,fog,mixed,180.4169417130924
67.34813291274523,24.478074671569104,26.405224618387116,59.81302085219933,4.726839874060013,28.323111927299966,88.4800840152195,-67.65361266469041,normal,rain,highway,229.80446872379719
69.34185299852044,36.87720747292704,23.326922764884443,59.317709766007155,3.6470999662712837,32.508128153655676,271.85513168051654,-84.69869205609184,eco,snow,highway,242.97386564287436
90.56059666358827,41.24241220466924,33.5405212387809,70.61325931686278,2.7907136422032766,28.973375144031003,478.8997957749931,-61.05074274476141,sport,clear,mixed,311.9179500714462
67.30027139504867,43.16157905933589,33.50527291720522,43.53840365655978,2.95343073191126,30.52167194015777,314.1111161454932,-15.882250429526579,normal,snow,mixed,226.94581901770192
65.25402262840555,39.15280130398578,18.946827970350164,73.57291151467076,2.6949600454598044,33.29301489225912,24.996808752458243,77.56819556307494,sport,clear,city,241.20008348205837
15.998683650462096,40.517405919197984,11.492818455560613,105.38595723290436,3.5352465246149416,29.25931360473742,494.3810688683134,6.382884906945435,normal,rain,city,29.562556873567644
56.656721975068365,31.516359018599864,22.07851477825499,114.6565188594197,2.094366133476762,30.47073468403703,78.4331648244328,49.698578346798115,eco,rain,highway,223.33129775735014
23.51521007353375,39.77664679280444,30.91060006852316,70.03346593692595,3.346020024778827,33.62405186268249,359.03455134855255,-65.1710943417107,normal,snow,mixed,68.54340692175015
76.3690391849337,24.105117274438566,-9.717394757940763,5.110914476437571,0.6080605747860052,33.206441940214674,266.265019532098,-78.8043603889549,normal,rain,mixed,317.95539216678605
56.0999728731407,26.95436286327643,39.59985045074256,116.30831967205307,1.3284765328074188,28.728317353677905,147.1803439021519,-52.076528473552045,normal,rain,highway,200.1809212169423
71.2205001287518,24.50739041455633,-0.8553113835400374,84.70344730755075,4.180015194043147,32.61814794793859,88.65524271385455,-37.22391744192819,eco,clear,mixed,322.22238777033385
13.750561054214584,29.021620063437762,13.512449282998809,40.315637826438255,4.518744653716956,29.178035695349116,88.85118213835786,9.620403764439885,normal,rain,highway,22.52948483891413
17.63128144412229,23.567388487159093,33.60148674214334,17.658924115646805,2.6950411878014986,30.01817102971594,429.19984060408024,76.24866407288815,eco,fog,city,47.10918133854149
74.4691049256414,43.8483432676334,1.2520199522099684,17.210233468352993,0.158178086064662,31.67369022908623,436.4562570817117,-14.781476644526919,sport,clear,mixed,272.3561562999547
16.487590239880603,24.385338840170043,13.839761195019161,20.129328736752328,4.63486785395884,28.874774586385513,232.572760812356,3.759637568994023,sport,fog,mixed,22.077354451522645
16.413105498873275,17.941336143328193,-3.3708909909410414,5.468702593658437,3.5103212901364325,35.94917574334853,51.810731462486935,-99.07729280301587,sport,snow,highway,29.027591067532548
11.08976277113987,30.8045149815124,9.75381626940963,108.25850263834938,2.070139618776804,29.32295648843201,442.082551923395,-93.33758742174267,eco,fog,highway,18.905879304631036
96.0851258469532,16.71297235335529,-1.1432272603498745,64.89218793928036,2.991894715997482,34.25050102742883,243.50824308754454,-83.24616001449047,normal,rain,highway,346.81792381026565
76.37575235131062,18.316294989257415,8.181387438557849,83.99512952566046,2.1488741722068303,34.6387107601858,219.38121143345685,39.79881709580573,sport,snow,highway,206.43927327826154
41.79262676518577,21.58168167588739,8.673210839636102,99.3730211121969,2.326696133660255,35.95571175916801,203.6785122188101,-2.7617262456165292,sport,rain,city,140.60732707284257
36.68820231588897,28.93050749646425,39.658539479916634,94.98492075998402,4.434049328297008,31.429225742818147,182.50708692960282,-61.40776029362838,normal,snow,highway,95.65270805049158
41.47329067712646,27.997527969270838,39.74065146518861,105.91267484746099,0.8054212345855577,34.99275616111472,263.0027018042971,18.519887737963828,sport,snow,mixed,119.29983592133696
79.71881780630636,38.99075586008374,-4.260686066969379,116.07055470299423,0.5183456774111839,35.66031551213481,302.27061330585207,8.922430363807223,sport,clear,mixed,285.0096647697056
69.5233549963373,37.1842396165234,26.298438966417365,52.68847376903275,0.01364372256507873,29.383153159157338,233.21610178647794,-82.24013963800085,normal,fog,mixed,292.3814187046896
26.667601108072112,27.78954881972104,-7.4127260165449425,114.04025600020687,1.5700018780606335,31.835488712476263,448.32408172752224,28.08255454342924,eco,rain,mixed,96.83881588200101
25.66984018006759,25.011126227268896,-8.490399233140568,86.79479380113796,0.7370688324221369,28.480086550848704,158.83061426474865,53.430974526102034,eco,snow,city,95.43116797973782
18.85560847420576,24.494063521844957,-4.733305287751785,8.480182836969416,1.099927475690556,32.96579209619361,289.15592839339064,-42.689118458180616,sport,clear,city,60.0274460284076
69.42724477312044,38.21985261882027,38.2742828503967,81.81397454548144,0.05619491332688464,32.65124925485253,149.97696009699263,37.497772398861514,sport,snow,city,234.77584447494314
78.79353959995623,16.562172186638094,37.04317739473487,82.40599915258184,1.1359770734385162,29.633010277305576,376.6750118962671,-60.0560965982432,eco,fog,highway,331.999599926412
33.85417854925036,15.384649485318175,-0.30360898596597785,108.70326765510325,1.6635579096618698,34.38322207115301,51.06054966411783,51.34576274234897,sport,snow,mixed,92.93606304457272
11.885046492782154,38.86633175779944,-1.9163832223144244,44.751855896411044,0.15783748204940662,28.298149782108318,94.34949839766627,82.35483382454404,eco,fog,mixed,39.35889735779731
17.39545007287846,29.31439127967148,2.0267543257973504,70.18938003261813,3.0395206214857384,34.44981859302045,400.6007049634754,-11.626575239670586,sport,snow,city,39.33372245924513
97.10740313605274,18.92643415660728,15.777349703757107,1.4625061214091017,2.8440017444187897,28.21316232931094,91.59879760976935,-51.075584357676426,sport,fog,highway,297.3718856712467
36.59002997296783,22.06697803783504,18.485231601770494,39.84902906176032,0.4851788925496253,33.2546304970908,312.87317309737006,-20.164659560460024,eco,rain,city,182.68307099773466
79.23008330543203,42.975118592921476,1.079671521972367,7.469247139053712,2.975048887592005,28.63015611131921,485.1217259520985,-49.984505468856625,normal,fog,mixed,317.8588352944161
66.21972119688374,40.785089268746944,27.831139404497257,62.624756731787635,4.993269593044388,30.009804154498582,261.4453068829829,-99.75212484672491,sport,fog,mixed,206.19693058213178
44.37456756876063,36.293551506719176,5.477658470132539,98.09371806083439,4.722344764057703,33.77530679449469,93.69822317003462,30.091322360889023,sport,rain,city,132.10084759267073
28.51185359759996,29.4667569101198,36.10656627647052,24.773123055488277,0.013354966838316495,30.243238397003093,160.34552284631874,-91.49467160756062,normal,fog,mixed,117.4175386569343
20.92477763434658,30.60970878574157,22.836135322836526,63.29292546693342,3.976891556651798,32.08939078974188,411.7290382271191,-57.921851956553795,sport,snow,city,44.54067205324258
65.35116712349799,44.25733605851876,11.817559715180586,24.481036381292046,1.76802638118243,35.32198615616092,175.83045655998686,44.48991122596422,normal,snow,city,246.6326934180584
79.71704025740092,43.97311331652861,29.49560008514227,14.482616141548853,0.3182568516731371,28.397074832292628,361.7556795149068,33.145002783156684,normal,snow,city,300.0320621590039
67.95138281870176,21.458071373575027,30.89573130233324,61.31961503212109,1.4799160685810402,34.48863834988539,388.6750314420051,-85.33421759076687,eco,rain,city,325.7402288730488
57.727191992424245,39.33313698915954,4.524080280447183,9.497834513967316,1.6086825815648114,28.522175988547914,250.59142362258208,32.010948215815404,normal,fog,mixed,237.047704717077
13.775610108847264,20.917279985010502,6.985727191804216,70.48255573655872,2.6162211965452844,29.01435875469341,391.60669218319447,86.11497791515652,eco,fog,highway,34.907478597494276
97.16398998349455,21.40612433651854,36.79775768643017,3.7604952812071524,3.3054188363442734,28.954552831113688,158.4515022141072,-85.09950619636336,eco,snow,mixed,399.27539151443
81.88427724891172,35.2827910249373,-1.762948081836404,12.805796624205064,3.7452780610420398,35.952818265685806,258.0798233582029,-16.862354464672748,eco,fog,city,398.48641743011984
36.35398330308683,27.15003295762645,-7.89247915185329,65.99969825848294,1.2295152128163334,29.44149055465227,343.27913198607024,45.88677802282828,sport,snow,mixed,96.33033367446714
98.19732964229655,42.9463322131956,12.702766130477457,70.96888954786967,1.608852851242485,35.17409477005015,84.0365736521902,33.54460063558267,sport,snow,highway,276.5125097370163
64.16934306726898,17.670292046880263,30.06049501218145,3.4784316112509694,1.541908534298676,35.92745730357243,136.81098369109483,-54.69789150610034,normal,snow,mixed,236.44385030572835
62.418039238652185,30.34576922428479,28.58340531553729,68.80521456018701,1.8136843406043823,31.070278163298383,326.01830169682603,-67.38654450065873,eco,rain,city,298.9548690328415
77.3265861486579,42.55564591329364,35.976531445641626,100.62030303883644,4.998281544781694,33.04838834822948,327.68005991477673,56.8494008081864,sport,clear,highway,228.33589353663035
83.05928092811239,42.123409814385155,16.66003321845201,86.67794127527446,3.8897165141371293,34.2327300301089,246.65132322648947,91.24893104775933,sport,clear,mixed,280.01840447550245
69.08307465983523,19.695876402472237,-4.9967664216733345,15.742212470495836,4.874952326343485,31.141160654689667,397.79267839106024,53.51669350856582,normal,fog,highway,226.48927397524088
21.528617172958,25.999131002893694,19.434448716800805,71.09695770763379,3.465555297735286,29.29451312398246,241.0274510024878,92.64089643955003,sport,snow,mixed,39.33934409581723
40.44407553950485,33.573642001400884,28.91978071766058,80.67030000890561,2.0313535082364216,31.47010195034049,440.6611327068666,20.999084827408552,sport,clear,highway,118.18828794529888
93.52752762934448,19.781846543142066,-5.33359398650868,4.467744210275013,1.9487209181348746,34.17510116002356,367.9517154359727,85.8197721383834,sport,clear,city,352.17924879654106
30.215405065946673,44.04066516137216,-1.367129945120512,102.64172024203472,2.4429057248752257,34.246102101987226,157.34743165167063,38.08713890897738,sport,fog,city,91.82699250568791
43.4950321453762,42.44247986182981,-9.385466942216455,108.75208767477962,2.084348916822187,29.844310337367308,197.62700424227774,81.77695004021732,sport,rain,highway,112.34909818970424
48.88691946497764,20.008505371034076,19.68262897234052,102.05427280347104,4.141631230463728,29.39972511912597,333.84334288492283,-67.68220640608185,sport,fog,mixed,148.85464985506948
49.5464490725007,18.634663837829564,34.33671959729522,98.9557761586936,2.325010065133464,35.364485616802796,447.2263094117456,63.113043148789785,normal,fog,city,190.38114778783017
65.1645624245073,17.56225448424796,23.533165800104975,89.3958238153072,1.47807180105423,28.351992244466484,89.35436635175436,-60.650839809309495,eco,snow,mixed,263.7240308392589
94.87682539702368,42.28330992109893,39.1020043795491,76.01184375383522,3.874301343483259,33.877907806120696,257.33176937099006,-94.51417961080854,sport,rain,highway,290.3892971458616
31.662344064925446,20.808714293863822,-6.848317375011922,81.43524059859023,4.272102046906973,28.371371083574033,59.39221066218836,3.517226808592582,eco,fog,mixed,117.28215956955941
20.935123867082623,27.48854785633064,35.15005425757481,96.76743520019797,2.102144780702257,34.7032004068879,139.7275776600656,-36.34964388763113,normal,clear,highway,71.46218838748356
27.77234408739436,28.465540969560088,30.703414369334034,79.49981500335656,3.33904285952766,35.243318506688816,342.9906796466212,-91.29372764239642,normal,clear,mixed,90.11990291374086
89.82324101883425,32.97033132640703,5.7120760249752465,39.32723480184852,0.2940226694415238,30.379352993832793,38.867317624080854,96.06087574563188,eco,fog,highway,405.4183566326094
68.12297313896855,17.152060312422748,38.67632759186259,45.11533225936247,2.647324259857333,28.59148514813358,331.1792909444237,33.29321909799856,eco,snow,highway,246.91728707538587
35.73161103152441,21.80275852201548,4.396887408570752,107.64689620467506,0.22490568872754024,31.84547629077943,450.4055604726485,80.36243464311974,normal,snow,highway,111.81278749872041
83.43522450717555,42.94471160756778,34.46523619141092,2.054650295659428,0.14595420247234037,30.387704293963814,484.6851455092331,99.81651717438965,sport,fog,highway,271.8607686285236
87.52329967270924,42.25230321805709,34.03742885370947,83.85846974931384,3.064624252613695,31.33708914248303,108.31610051275776,-21.606652665781596,eco,rain,mixed,400.69657975945245
86.18629048212502,38.43871942217076,27.882880830148622,114.57330629102586,1.5166769119749357,33.31988362790944,374.4489783039379,-49.05259425317696,eco,snow,city,369.5007061692489
92.7033880275599,15.582037368546462,18.173523690642593,84.74738039495683,3.712685812277327,29.678608287589736,463.18522435276486,-63.223121462634246,sport,clear,highway,290.1896072340197
32.701691815602544,24.81020305488306,-3.999862519155597,119.26943858781385,4.480412803162961,30.85561255611269,45.684655424718,3.0374215582685196,eco,rain,highway,93.71011755396479
77.95377358716505,33.83876206028724,16.598586724824912,82.5053886633997,0.6969558686517535,34.26049992234139,207.01180424460264,21.216155500431498,sport,fog,city,294.5106740844785
51.4485547546726,23.25570635320427,7.839812782746726,4.123563506023329,3.6226141928946194,33.150095599622574,459.70488343608304,-5.5154527934950295,normal,rain,city,195.18018871929115
85.77986976010554,42.28760085161332,29.61085165776759,99.24118579763083,2.5725999914417166,30.61020392920991,101.39374912741505,-22.549597030863524,eco,snow,highway,316.13320115269096
75.5641609445452,34.01668385497325,27.906460324842243,34.15558943271829,0.5605962508134943,33.31441280207943,466.8803418939209,-66.34548730817434,sport,snow,highway,216.15913998841563
79.88027018497522,17.15720151949337,35.53062536863026,53.52686707973292,3.2579630324036235,34.12250338313574,263.59603554388923,-11.628075237875208,sport,clear,mixed,268.056285141166
69.05456539129644,42.27016766507109,-9.258491878414606,37.45102990884985,3.047334015532364,32.7398846476223,49.94654126877784,-82.95137258418701,normal,fog,city,285.94791012579384
25.968589252273617,43.732999745286676,30.455160841152306,32.226492745161536,2.578209337003913,29.915974660008068,224.93865837775752,73.00955177751837,eco,rain,mixed,92.38403048742269
59.05242270072445,17.331372551751766,36.92310265623344,51.768684440374244,4.63235602279829,28.001962324095945,163.1305977335331,-90.61946958040812,sport,rain,highway,165.10249970194266
98.62027655720574,30.970807045839447,29.465022455407507,45.45017381288085,2.6053984805200825,34.42279285590625,141.10208027590414,-23.870787653689064,eco,rain,highway,419.0530033050457
94.36492598474071,24.100928466425113,-3.490277006481665,76.00062982111072,4.9525755772510625,34.581068442529315,270.7377878168419,-79.9724261914063,sport,rain,highway,277.7877854863478
13.885636221731051,26.78517229444207,-5.936044757955613,97.57814411850127,2.546144069240555,33.580836011154894,241.79634537593503,54.996099893415646,eco,clear,highway,25.309326340844716
24.833333415649342,20.389536538660256,-8.95773800961496,35.65063838246889,0.5792601915068379,28.612647450940912,240.98357981004597,-37.452604234414636,eco,clear,city,116.68850454040532
21.85558961091057,32.34216306037237,21.43726129140355,25.64653833864209,2.352356255375152,32.681778300064366,44.070865551557645,-77.37887746948904,sport,clear,mixed,67.61675458735364
75.3381918986766,43.73938059746672,21.483632592994365,80.02743250444108,0.9116438127753562,34.568165370172856,401.1590905135683,6.298259772902767,sport,snow,city,248.67619097712273
83.60067968712505,30.092178008148274,39.345685710910615,80.4384078996938,2.9856674260871365,31.117346560865325,240.7196576778976,83.255401445908,eco,clear,highway,350.5149851021055
29.216022967960473,17.487437441834434,9.902158705204787,108.13574871434061,3.465660875968006,29.58400587376203,410.45291435093714,81.72897422384068,eco,clear,mixed,94.35340866093075
55.52674236566461,33.60004000432225,6.595314244874835,1.9134823743973017,2.3421763935354685,32.70101837793177,412.29732077547516,-50.06979177344202,normal,fog,highway,194.37533928426282
85.663272521008,25.20668983353771,21.221246359219624,102.3648794539812,0.48851483841574117,34.61045301840702,158.5676624240216,43.931935192046694,sport,fog,city,331.70292767864606
75.95213902896255,40.67775568773894,31.2804336253797,62.52026075380283,2.3432069929177644,28.390959669656525,2.173151903806181,-93.94316143180174,eco,fog,highway,329.1906794726654
58.80134849426634,28.040344449494107,36.838697476150095,74.55625070065186,0.407271073672002,32.77560973728588,455.62283872905925,-73.62964069931508,eco,fog,city,308.83342857922906
63.13129214128956,20.78518826826737,30.156208308951932,10.964572867369773,3.41062977753267,33.145390362714735,380.3473465431201,-0.10552593724409576,sport,clear,city,225.49924117507632
55.752449222465195,20.733168680734348,11.333699030790239,51.91379194464548,3.9518411243254374,32.818936314786235,53.62597841173555,-54.248713102329575,eco,clear,highway,230.9935365297404
36.77936061869385,38.062925421634816,21.745711765603208,27.276288868622856,4.811901636135195,33.20026947389639,350.8635170015507,59.6523707920276,eco,snow,highway,93.76019198216711
60.85197935731145,22.967627949220798,32.81496633580585,30.50700360990109,0.7440105356422821,33.05100246083324,10.0116343344403,86.21443441053225,normal,rain,city,261.08591210176814
71.99967718450816,38.017001824776685,14.530484415586972,60.49141376112329,2.662101677666521,29.04323107984279,13.879534610349243,-99.13333670344355,normal,rain,mixed,286.2812841282
88.59906242747269,21.176619322997983,0.8343321852696342,97.49471404837348,2.837686837677093,29.879494215591322,262.91161979892127,-53.41683407980404,sport,fog,city,326.57546900046833
67.26622185813233,24.650591061039282,-1.5138280126063517,89.25371161738273,4.612382668904899,32.95195204231208,48.018714618173306,-12.089330784754537,sport,snow,mixed,191.74734911176964
78.50093833388422,28.96460917319098,-9.992112771097164,70.91999509031446,3.136383202982571,28.141545289094168,482.16826124245944,12.615857670477709,sport,clear,city,279.44830378514155
24.40644714591157,43.295875490803525,25.91189974906421,64.73018313041604,0.7275482282266055,33.077956149785955,446.91561332513123,83.18055551842022,normal,rain,highway,84.59147828795722
51.54017269778109,42.95194274261474,-4.445139557700475,51.2767251881388,2.181756619815946,33.32309299028026,324.9060156239424,78.37669810305869,normal,fog,city,198.13292980105976
10.839845784438397,21.206156262668635,2.1919549847970217,116.72519682736636,3.2738126425312526,29.913398078893266,31.854485419156642,27.434019893593174,normal,fog,mixed,17.674347640716917
32.20109780694607,25.746571237292184,4.893816576139669,67.223106508108,3.501422160346487,32.78506263802512,162.41762890353257,-48.522397183223084,eco,rain,mixed,129.5945200881813
75.38155436017044,19.48198165361317,18.018993006838418,30.475967797466655,4.315369992952868,32.27272048579012,185.86149895302196,56.65756197567225,normal,rain,mixed,291.40194720865594
99.26289562144271,30.299552379404915,9.897863864788462,27.61089504480475,0.9025355992219858,30.08553238522491,240.43991791434982,-59.469645742553645,normal,rain,mixed,417.23368542401045
18.92602896284943,28.817476520839996,23.733699601158094,73.36236369301702,4.757710733777492,31.703792094998036,84.4514370032261,93.03446481936334,sport,clear,mixed,35.15877337053344
46.13448842751594,42.02280487352198,-7.218067033564864,62.73930327731145,0.29569706007796126,35.27699623529745,288.75582139859796,-98.8320168532004,normal,rain,city,199.95346803333337
82.00638718292436,42.90016133373218,-3.803040286778028,0.9237363545655342,4.9188106728445105,31.412822243679063,217.88532395461164,13.954100781580308,normal,snow,highway,248.25741750651298
28.363207116600897,26.507021730218764,14.960575176663337,99.60784466349352,4.288835464332043,33.03875341503601,473.64848169642926,-82.32055061567445,eco,snow,highway,81.08163989077687
59.95764543720576,29.752138290569683,6.84823939234149,84.49468250789215,3.3013639138108566,28.282806568325555,468.09761481260955,-18.480093963595735,normal,rain,city,227.38110657917233
75.97641664267073,41.88708747438399,4.790668137567986,79.41951476137243,3.674977501322108,28.62240090657679,282.7369776699862,26.986708062083437,sport,clear,highway,228.24627757532025
65.43869052341611,39.201234232351844,-6.6485960481238635,8.253678923719075,0.36346002959398216,28.650464586426548,322.1746679952676,37.91969911838328,eco,fog,city,332.71948375331914
26.922226115387453,15.109689340339479,34.78595873740007,43.44670202069897,0.2073993144722619,34.22592610901157,68.89823388687122,57.11389393478703,normal,rain,mixed,94.9887377616471
41.984611181716545,24.601786925507476,24.59092930625254,112.24587128793434,0.5088289827568276,30.80205515842762,111.66161942008578,18.665540552954013,normal,rain,city,174.83489901379218
80.54126060368574,27.653227258083778,-3.9190921590175307,103.51070896096364,0.4367990733206889,29.820893506926506,450.3577021009548,-49.736129742801104,normal,rain,highway,294.5897339782642
59.8803862718815,21.891488510496952,-6.747702113142969,34.26515254434401,2.7369061673471755,33.97859654761378,349.5829614478675,77.8506485869743,eco,snow,highway,201.40332075254133
10.470665218862147,20.98714847687816,38.743626671562154,18.847066091896643,1.0772199355589458,29.359680500449397,94.71509864153876,62.221482602737524,eco,snow,highway,31.49136815579454
78.48916840252845,16.13353519787039,24.058627521975247,53.89055486022925,4.301028186033633,29.971940200562244,285.10515303661145,-67.98953645863,normal,fog,city,323.6163592039651
13.178021944621516,34.301091752092816,10.872803554687074,42.699645440119305,2.228743115340361,31.447451546160167,467.38062524472446,65.3022368415698,sport,clear,city,21.824535649697363
77.1160404458109,22.87530871449497,25.08655203778924,81.86716520471893,3.4775523822913748,30.651504552116904,172.5855530809518,94.52890318209634,normal,rain,city,303.2932870291784
28.223250414871366,16.570415352939392,27.816589324007957,115.97217721011836,3.2643654648507994,32.68313768829316,92.91018775954262,27.443823361583526,eco,rain,highway,89.9674500525543
96.22661321074422,21.92937931584191,28.99811011943897,43.56017399790738,1.5992651946485503,30.702724952598782,471.0126384545492,-43.638955377221244,eco,rain,city,477.83260937540564
43.11466761718761,39.057418585083795,13.893865282652882,7.466900718269041,1.2158378676286452,31.143613086871134,230.6326801460496,21.318766254682856,eco,fog,city,209.34709007672825
39.42384547042712,40.5446754493964,11.4941379062424,107.71368100108623,1.7122814264831758,34.90309286599589,208.62099933138322,-31.492986170340203,sport,rain,highway,112.78266820637862
23.39992452992002,29.49198735579908,-9.448595786554982,4.553967628784497,3.9832918692491877,35.07625151702402,133.7835998963751,35.189294128461256,normal,snow,mixed,49.157076732730204
37.50437939411934,27.482120112260585,36.3278557570919,114.33190765839997,2.9313842420980922,34.62168952650726,445.7926474735721,8.959991891174695,normal,clear,mixed,131.18609153809027
88.89856856453805,44.33561080505345,20.165393919447155,79.74953136108478,1.2676933125958767,34.918647461637065,422.8083834447875,85.89812241795025,eco,snow,highway,329.9442633117179
99.67009038645226,21.016939787642098,0.1576968594984045,113.0027050130339,4.089232215302151,32.557829354712936,201.49519971837705,23.581708640160556,normal,rain,highway,342.8365499237743
43.14785774561635,21.460778485638254,35.98017097107183,23.959162397877392,0.27379693055153365,33.169865718011074,15.306639948539424,-57.20366325456618,sport,fog,mixed,164.71640992139245
50.37495678590883,23.756015311091993,35.746595088514816,4.883975430456915,3.495916874951477,32.45738533243952,223.32571525306977,45.02197466837694,sport,snow,city,151.59304883188392
74.98638443824633,20.18271954843262,39.459208218304795,58.585197393179016,2.195504028746554,34.28470467242336,90.42900829002664,-39.82433642782362,normal,clear,highway,285.20255488558087
89.75762024185671,26.380967946125597,33.70282815694894,54.07480974841503,3.656451930329441,32.40800388609156,71.3670350744406,-45.521809410239136,normal,fog,mixed,367.36317092423144
63.37399007681057,42.325026809692616,39.88921939100324,39.77907279058594,4.637306401217134,28.888615716406242,196.5468059477118,-21.644674885099306,normal,rain,city,230.97661216802626
45.23731283600464,33.46043521885723,2.2343094061636286,114.9187769266437,3.7501704897345194,34.47664096365488,49.5384686723136,-97.60066418746487,normal,rain,highway,150.32212270684485
47.13596567637614,27.35839645836791,32.1124792599617,98.71004785937187,2.2098267765569117,34.084681365420295,478.73225346583246,93.82813203225606,normal,fog,mixed,173.569185033814
72.60563318471262,43.032323837136445,31.151415439788224,79.38984256507119,0.7548784075694037,34.562404762261004,23.769590890640902,6.466222271739653,normal,snow,city,282.2778076888227
10.289643724385082,16.45392697427467,1.547017961036687,19.542994996539328,4.031754879027169,29.523435707118097,200.6848136993636,54.69877877459206,eco,snow,city,0.0
65.76304037138567,21.308285337055842,-5.078122549950461,88.11880898622296,2.3035276346068576,30.172936421719736,81.35135101584746,-48.42955552442434,eco,fog,mixed,314.8097788518415
41.99437093972217,31.97665815305277,38.97102568387998,87.24149456396688,0.37656161728564896,30.36601357810824,344.40566076437807,49.323626326725105,eco,snow,city,176.02456036259716
81.47775981493758,33.46657869579538,4.801227576030518,51.008180833920896,3.59527698888433,32.064644289485386,39.40572460728087,13.434100455627075,sport,clear,mixed,281.06024896204406
18.369157584081893,16.186725196878395,33.5445895233903,110.97430916568163,1.4592598295829484,29.07101667330768,273.40278710431716,-15.171165244099512,sport,fog,mixed,51.374790477445785
62.93820402535515,27.091162737213963,-9.793642266269805,20.037345867481253,0.24444114752592616,31.083054026198937,386.5507476009688,94.13384523929241,sport,clear,city,231.15560357384837
53.28756008975114,34.47461894492618,-8.94875963901989,32.080507489399714,4.513755074870389,29.457265288632236,475.02991752448537,-1.231257170718834,sport,fog,mixed,155.05748508914198
67.80929733147048,35.94211639210205,13.293565434818419,7.586920710076037,2.41550546046955,30.118101704261893,349.2637814847063,31.491716377935376,eco,clear,mixed,321.2458233754854
15.836823503467151,34.14419707548808,1.9357341967531774,95.4541149813105,1.4048052658651078,33.65110107646742,49.745878817291754,-96.93156170202406,normal,rain,highway,38.61899046488105
62.198540868531815,24.616896730827737,24.492064171798212,74.61112633144768,3.581932789424558,34.838489250538245,44.26027485707051,-39.70895870027034,normal,rain,mixed,231.27991745243747
60.533612916357136,17.805603707937287,18.278216278397718,37.79283668174995,4.429511888412819,28.18324693277747,365.79902426903294,77.73831323201327,normal,snow,city,203.62499806518596
60.459408497455385,27.813373392580022,-6.125710127475427,19.657639631317846,0.001535375168777442,32.527175706840005,107.66470250173433,51.79181222320378,sport,fog,mixed,216.86954557306777
64.31388999368093,18.862633121041664,-1.8685851842141474,4.8177324034488445,3.4392609252107684,28.28847809649814,223.6196543166244,7.350807235129949,eco,rain,city,287.9954419554828
70.8821143503726,43.42870975562001,9.402463502920714,20.00946823511239,3.835058470092107,28.681993960092402,488.31055067567945,80.03194142265707,normal,fog,highway,229.62782518435762
82.44900997126928,29.255125980678848,-0.7197968022283412,54.394157560518984,1.049637136397465,33.64067227691287,409.95339920193777,-2.755897358488852,sport,fog,city,311.25269468765856
34.28386481153929,24.51777523070603,29.61111736219643,29.66123628127274,2.448119157050872,33.88486485201693,423.29667865010026,13.30141283755512,sport,clear,mixed,108.7753796166764
84.25444691620558,37.989122133567,10.803511777664003,31.077861291836008,0.44642949458967907,34.51184538538239,430.38495236403935,-23.569430560490872,sport,rain,city,319.2493282267713
54.843011403710825,29.938457777467917,-5.328406657875036,105.06916400012572,3.7337494125767376,31.79393209416244,309.772670060779,24.00800734457684,normal,snow,highway,155.3834419092166
16.935245122089803,24.3010207203735,14.217145113606243,61.816520815332076,4.237280092816762,34.8784598561295,371.96696193123915,-36.19969381582524,eco,snow,highway,31.385305993945803
15.269583631958128,39.35903227172405,-5.458090946929292,87.51023677540975,0.540933286623303,29.334706333132996,179.48045731714362,-22.90156449152856,normal,snow,highway,42.84092954292133
40.08144868264547,41.01456453003366,-3.553134729009141,4.285313883377171,4.082301267164174,29.99773130908002,499.22311328642536,93.26525264145374,eco,fog,city,153.00991076581755
80.64072794003208,35.19024498866031,1.9804916014102645,43.81960268136345,3.857850852422668,29.07601718081577,139.81108482732253,-77.73826404008197,eco,snow,city,343.19816321662006
73.69128412668242,16.40893267223002,32.97638526237449,57.50032168745302,1.7345666018544863,34.38029808465501,295.00370165175974,-78.9489309507918,normal,fog,city,324.5736692076272
80.97534682051658,31.989686404995965,36.23062661664859,22.370022625222163,3.4514476496679163,29.82940094709295,141.03083916059666,-91.33679610899685,normal,rain,highway,286.1900102873097
56.55421507974484,37.89884735991845,31.31288646660345,14.42298497346464,0.00024061947155873398,29.244089942066367,56.03552528003658,-35.991096047946485,sport,fog,city,217.22379030715496
49.61790981599415,19.095090362507463,6.703860870892363,104.4364534199811,4.658988272329993,32.98488550070445,283.7929074218383,-20.35415150641515,sport,snow,highway,110.13701873175523
23.270727403565555,21.8601225415381,3.6223220554415825,112.73179525197558,2.7519161765418643,28.616656210885395,176.67433543306987,-81.09687118609074,normal,rain,highway,58.170758074889065
39.53734782483804,41.47485315204409,17.45778453951196,9.456803765448889,3.1016943203099974,28.35920221776138,291.60963376169383,9.826199073365927,normal,snow,mixed,123.28469356911245
49.061742955648775,15.603651655592222,26.092658026655613,41.882245505093174,3.323297067695493,28.853741188419672,279.3392383324964,16.660305810973824,eco,fog,mixed,209.29652465057438
17.97403867116555,37.58181413477928,39.668639408008744,114.99427537733685,2.8068450860918337,28.00192707189734,271.1283645717808,50.2053387226656,eco,fog,highway,43.10128272969381
29.855075744009014,29.213198775432687,-3.4214644060536887,9.979407975895786,4.283819437697315,33.57592123377434,61.650561023264714,95.1936233231603,sport,snow,highway,60.862701833509654
63.840276465736494,28.403164765188208,-7.5354000488097785,77.23696474544715,3.0485091607577197,32.49788257371583,220.09038717517853,23.87044945847991,eco,rain,highway,251.85576626812426
76.20968028152708,15.212895974846615,24.717794449763552,116.66656451604067,4.538799956202363,29.679000872301792,406.0019696993959,-77.66983866381092,normal,fog,mixed,285.3006643535509
99.85127602536546,39.58194692899478,31.611289175195274,117.38684022976494,2.911658111170045,29.864039583820766,157.5717477723179,-82.29515135084344,eco,clear,highway,435.09709581436243
93.98019982092019,25.794747019096995,32.31743899332116,56.546799708449186,0.855612109902833,34.48774878776032,221.9157526460326,55.50937273007423,eco,clear,mixed,463.622059116513
67.83086795816723,31.222968939016287,23.92317745385803,19.529892933885673,4.567812779196514,32.0145609268824,246.91579516013402,30.06682570718536,eco,clear,mixed,300.26309613474103
47.91232479646648,35.31902059006978,37.70079020595935,24.25011779729266,3.408137491798884,33.58822685665392,431.3656562958724,-67.61712105868764,normal,clear,city,179.1702079695045
67.25596282374094,36.07888729313747,15.550238177229346,106.75216741492736,3.496194972177781,31.622043610199324,327.79988461300945,-49.32800546329319,sport,snow,city,201.25472828094476
80.70864562722087,43.67940176478217,35.69073991681062,109.4019605195683,4.927408752858009,29.90174420816634,50.101267418657,50.048077458503656,eco,fog,city,371.0977394106957
20.65025718310486,30.940198597098274,38.39060684957615,72.94555726482658,0.3759827710478958,35.76322240546325,432.5854929025106,13.231156361129308,normal,rain,mixed,75.14784143938572
46.891440072665944,26.991586529232826,32.35787285015539,91.94116793638936,2.142963035475857,32.52518050700318,416.03298774104496,17.000012500507793,eco,clear,highway,191.68454451457137
85.58220570720555,43.61110879475124,5.487928162931031,88.79175017644899,1.1954769649330759,29.0478552301433,376.82299029958773,-57.998265742418084,eco,snow,city,375.35791688140887
44.54496567397396,34.26330705076563,-0.189217441485237,79.41859175869284,3.152132323568286,31.248720337471255,233.02900915941882,25.811596331542304,normal,rain,mixed,156.7314979434668
61.46850441044679,23.944510688296667,17.406003249090922,99.27323458463269,4.03405841874036,30.634699295575206,378.7726917429034,54.12571908145105,eco,snow,highway,200.4034037086543
62.89924247759784,18.793927362107134,12.650737519009422,82.24879476483852,4.831553544462063,29.71269974870817,239.3710313213786,77.0504450927694,normal,fog,city,243.96652569469026
26.602862782027543,40.27663504395544,33.887917109636646,64.08027668969991,2.2729805347736005,35.467519913922075,368.31176716358146,47.34346496360985,sport,clear,mixed,79.20865933445967
42.601189748705956,25.865448083824546,-4.998416446642314,28.43476351057881,3.9310911532130213,35.04735996367802,440.05508248626813,15.275130201803222,eco,rain,city,166.40944373939934
40.1060159867739,34.814091640932936,2.8870030655759304,89.26657729423428,4.585257960201898,29.59317693216093,445.2707925652984,34.65186144935538,normal,rain,city,122.26287752065683
12.35770376788583,29.124492580976945,27.589947225935425,56.812544140592934,3.416627162679424,30.817183112444134,227.2892870937273,-2.9777074972244577,eco,snow,mixed,23.740371910537874
12.177258750221972,20.96789339385115,-5.250667751134394,35.37500208090112,1.213662762248856,34.09852313336657,429.6713396760146,-54.6203513764755,eco,snow,city,32.995531733411326
84.85273393081961,33.05059825861395,6.0382207010850095,96.23355308901304,3.039270755538957,29.668048385121725,50.72869025385657,76.44139455438707,eco,fog,mixed,389.94768225336895
34.576372897553114,16.82049206852047,9.357769702699159,83.6056320423634,4.849760239085933,32.73251890083395,50.90970874339051,6.524526633485067,normal,rain,mixed,100.54443255865138
56.62708896149339,27.400273796135767,21.1296898281345,112.480747574964,4.937769144307827,33.598351536998535,274.13347343374,18.863662229447,normal,clear,city,219.6715650629123
36.88530162298957,31.39844818991013,-2.0933677140317712,19.852996802265327,3.2117991185838908,33.23177860568613,325.92230922813445,98.02178275063653,normal,clear,highway,111.89853457727152
94.66113206038065,28.081409223557372,33.03022451748548,77.90271415637918,4.434938789359946,33.651269122204006,76.49688798920134,97.00313565452808,sport,rain,highway,277.03346457247295
33.336708297919635,37.460165257529724,12.377111773313711,29.308736170581117,1.0017468192430141,33.653596712230105,236.09002240299648,17.262196999987452,eco,rain,highway,129.54474892577764
48.66911314650416,39.83774863635937,35.85108559402782,108.42995823619701,1.230393024761084,35.71844735879143,47.18133390796153,-93.20854759650676,normal,fog,mixed,199.34007298053788
88.54572254361416,38.13729222099534,13.393495681696582,11.939929710793882,4.764438064424298,30.771991116162557,301.0497427766552,-20.770492391031325,eco,clear,city,427.32731237879744
85.77402101126278,16.164388434354063,3.7520129470366683,78.73941677338526,0.6761768774740395,35.028723395006715,427.5470183764239,87.45865601017783,eco,clear,highway,374.3181075557457
26.749127606164958,20.82386311337917,-2.9085585656162563,94.9302865833636,0.9555321904673947,28.174456500120854,368.81948800976187,-42.33868152479816,eco,snow,city,101.70334715474623
82.23789788161393,31.09822527791323,-9.81274526443576,42.590140843764864,2.1027429956002583,30.305623706586267,189.14577621463562,99.8537370392632,normal,snow,highway,261.5081553301967
51.23681980641034,43.044661213314036,16.60787424924178,114.4965695260571,2.947921438766752,28.38924625599305,496.89689831856083,-83.1364946286895,sport,clear,highway,136.7108787289397
53.46719848768197,40.04870325156351,-4.642165153653829,102.08768215032447,3.0190860948413585,33.20963167964672,331.46748823306837,13.62283620103743,sport,rain,city,171.17089254277428
22.01319751743494,40.276035250554045,9.58638818155891,35.354195962188406,1.4598800433278218,28.806322965852956,407.6242172212395,3.0898720349388498,sport,rain,city,60.342463976536266
17.254136238141218,24.096245812790247,19.463588061854335,0.9049311259198412,4.603069489751741,34.76565490921637,334.8486936458663,-48.92941732645999,sport,snow,city,34.730935232326864
75.51453762763887,27.883436912361077,3.7842948451350154,35.5988611341673,4.575499538039313,33.17273347032208,494.7081455435633,89.72142612901999,normal,rain,city,285.1054614679572
54.68150371197698,29.12117841947812,-1.2387853816942371,33.7572564564891,1.9603402652618622,28.230523208428846,410.6798836088865,23.83424199946205,sport,fog,highway,157.73996638218213
49.31656323536616,19.721147500497313,28.736081130467085,106.79575290010908,2.1714588471514857,33.71821892347698,259.71160894772026,-53.95434331106477,sport,rain,city,166.52782980183224
75.65574057871571,15.93204390733369,37.33955861408103,116.05454139056971,3.512485584119559,34.89627957805569,183.43978141879492,-23.190360432332753,normal,rain,mixed,287.1737904827949
78.89616090919988,43.4070869838155,-4.977979106901699,8.452798316431242,3.314979481994504,33.2889680612972,341.0774145744212,44.24588537641253,normal,rain,highway,280.88746770595486
24.30173509024182,22.2213775699052,-2.220483780749607,56.555379423998005,1.9114850748048118,28.24419372748026,295.11090440350443,-40.46065746073728,eco,snow,mixed,73.24541575328695
64.92026345298771,22.19846711170894,38.00063286263593,65.7998398235755,2.071221257605017,34.863356387683254,314.67529551377265,75.92124041223622,eco,rain,highway,251.06100781554773
22.1818674049917,17.501371613062787,-8.110788909387686,11.149399359564395,1.7401947171076948,33.85971130347228,171.50588314187848,-66.86522040847518,sport,clear,highway,65.93950947465825
77.62375774261412,42.85523255831336,38.88161682752361,45.299725096502705,1.1769250347665394,31.027610499871873,214.36421028527724,-47.09898202703027,eco,snow,mixed,315.63799522667665
69.12596406404256,32.39211344819316,-9.767775845750561,38.049890087154076,2.2906918146206983,30.629042066524022,279.0482874453249,-71.02027732678,normal,rain,highway,240.12467554170627
96.09531589751121,35.011105713760614,33.68343278256657,64.32676251925048,3.4321706595127024,31.838561451259523,419.6417009609215,-79.16423224810035,eco,rain,mixed,431.73855153682644
16.206221472077907,42.347306617891576,5.366259049387477,79.34290796783256,3.709833526571465,34.93681400750297,381.45445888145156,-39.93691530721464,eco,fog,highway,33.39642211035411
15.134924903612887,25.368605067023687,36.92944290886483,84.41821325958799,3.894368241279813,30.01647481495646,59.32793525139518,99.83574926708809,normal,rain,city,22.43318135221466
35.39683672238802,33.645219334142524,5.847264431779273,16.410602833606504,1.8736600672656074,28.807710489929608,122.7771250096959,-81.13411734766638,sport,snow,highway,91.1134897350327
33.55351153623154,16.163983641866622,22.7153160767028,97.55372423335457,3.823179971424868,34.9170909836884,13.328862466513714,-57.39956163054234,eco,rain,mixed,135.0396216538607
32.22809191647998,20.60317584693388,-5.9983715117031675,81.42504357489108,0.03258157845937637,28.210318791045783,3.980283982795707,-45.67664018439959,eco,snow,city,149.46069280904692
91.5629122468933,39.937374152698276,2.116490572686949,106.68899000960634,2.3852496885844108,35.287976177952515,112.18773464012088,23.825936894440773,sport,clear,city,345.70894929829745
32.45915798645555,38.003050690150076,28.683967323962534,53.92032713225209,3.969522000663454,30.445961554411205,399.6604740046648,49.0691392815705,eco,rain,city,114.35045026462606
34.47547535157679,25.519280743714404,16.434292683940985,107.26677152666299,3.1502236032067668,32.06578161350614,452.37382908719354,50.38673497080913,sport,snow,city,86.86700174349195
78.34584361761674,26.304318833226375,36.39845308935224,103.89289468272905,2.3703156207725384,29.058364198017824,195.88418294929906,-98.27280361223376,normal,clear,highway,296.5342524147234
50.4765858205486,31.006633006607384,11.437570417067715,52.60911988311235,3.223210033031746,35.21803975501348,281.5992983033393,30.370091759893057,normal,snow,mixed,170.67891665605467
79.9039501259663,15.007230140554036,33.490618290696155,45.73719783515743,4.534730015743319,33.998689787075236,353.02630097769037,26.1473758734206,sport,rain,city,265.74652222858606
15.882954180794671,22.237330081140836,12.447771873911876,111.93744179643082,2.8319090030510368,35.39324469286427,476.46834962586325,3.5309363779754364,normal,snow,mixed,38.16366582908637
53.88140743060459,21.246954258246433,38.96241393509926,85.81976814461252,3.998930957300531,33.4658324089453,456.46611864871585,-24.15828771924818,normal,rain,mixed,185.34547230470335
13.025224016495436,22.514488402492905,37.99171906994384,111.38944157256908,4.903713626125988,29.47755021393861,28.596151690689965,59.48883949224597,normal,snow,city,10.060929281681291
15.638788310981907,39.17717527600324,6.456835277804018,95.63697346749757,3.5278410103778333,30.466136023889995,124.0829216046404,-31.223840913329553,normal,clear,mixed,39.763044834525566
91.57937080099698,23.390215696393295,34.29618352084016,73.11569271496973,2.8666288194453178,31.894788600827788,24.572271977588546,-53.99754557867975,normal,rain,mixed,366.0549609916929
22.532083400583566,20.745639661504445,32.38056871078246,13.90233324045174,0.1874297356267013,32.858065642881655,308.27121049452563,-37.98096508647741,normal,clear,mixed,95.50917691083394
57.91786140476954,30.127903823790945,0.5340198663781415,34.97768070949182,1.8723894912729377,35.41167549869019,355.2466582363195,-12.07041657536682,eco,rain,mixed,264.3782460309129
46.99860423406359,40.96935109118196,21.214520039163485,116.26108885180699,2.8272136675755917,31.07161172631311,154.14170617825573,-57.18852239945209,eco,snow,highway,157.4817923839344
41.26089936329584,22.240491115124996,-6.3658842205092565,38.33065184570454,3.9860328585301623,33.62457617525717,426.9259540666073,21.514249241097303,eco,clear,highway,143.35462816600358
90.98500111185452,17.35608728378396,31.835536029173085,11.190584374244494,2.1905239482378813,35.68807079128658,226.40637520574884,76.84184050237914,normal,rain,highway,318.14856316221955
11.964105709794055,25.69214207548994,-1.2727058248251737,84.90640271031837,4.800291378823867,29.218992507323623,499.19075754850627,19.092024832415007,eco,clear,mixed,0.0
69.74107175580302,37.429554736949335,-6.459264930711774,88.0805105452421,1.3589687631183744,34.90167671023639,0.19984629466246462,-10.666338504523736,sport,fog,highway,221.93501494903745
96.70549907921954,31.520716340843837,10.010954776940558,34.25492643445809,3.722835976051582,31.36564856314559,54.74485420927833,59.373753244980804,sport,clear,city,353.4500089015666
60.41513651156578,39.50380108723043,18.846106929982174,35.72063752155645,2.0951570854206376,33.8593742074347,150.8966214676702,49.607724574905745,sport,rain,mixed,195.7385042635996
94.31402158297827,43.787764428277015,32.74584792798855,56.267158261054064,2.4299424728295294,30.34830670989667,12.75379897685658,-26.58837569386077,eco,snow,highway,358.0461612500599
14.703209135742139,38.77987430254851,38.71212627608683,2.6146739714706646,4.012510169327202,30.671873746128014,391.1697288691254,20.83069413307237,normal,fog,highway,16.495595507868128
47.69139871667453,33.1140923653126,11.974625628493182,94.71876124333963,1.4810763082585277,28.217065798944528,26.38589393564361,45.96857206359823,sport,fog,mixed,172.8173882265209
33.414201186584606,29.800247641571417,-6.977653850736489,38.05065447289507,0.4840602829757157,35.77123322533568,374.4898166469136,-50.90734839611179,eco,fog,mixed,155.32378549448978
75.77388684826568,16.202072590448,27.45577895129353,102.45157224023731,2.6012779230671357,34.50762060184628,26.284229394774705,-26.745224183162037,eco,clear,mixed,369.1022338433482
98.31673814475221,44.529659364421235,18.25866281119687,96.31565059200405,2.6439730590187436,28.751343663409763,126.36363232652282,-78.8447858900059,normal,rain,city,412.1049717317839
33.0877056199823,26.504433677251278,12.394567242223157,79.36824397425397,3.9858388611268687,35.996070365310196,420.6384078292648,97.53605566136667,normal,clear,highway,89.20293844704943
68.8757141326667,19.566846417506003,5.463443939609483,38.984984051914644,4.841596031160509,32.84019677762353,475.54764711886213,-82.82446991537284,eco,fog,city,314.17452936524563
27.82878694837661,35.0012656618937,15.119926392176783,61.957987399340404,0.27650343164174196,34.82982910371506,207.2631713302561,-66.2787749752845,normal,fog,highway,114.32426132242995
60.879722911444894,23.52864867286378,6.933980222851545,53.37951091175508,2.9584473687155444,28.533286106222953,484.96948215627566,-4.033610067172049,normal,fog,mixed,233.75448496923124
51.75392380195026,32.573348127931425,27.850593387368015,40.665826349840906,3.4063926515739995,31.11560942793539,313.44046187927125,73.05436670890785,normal,clear,highway,176.01143675117436
97.48047966683833,32.60303723533774,17.194684824632056,101.77635471638138,4.929006753742609,33.35720897842888,207.9175612164657,-28.823595410408103,normal,fog,mixed,386.7694423000224
64.76745454268199,28.371894627086075,33.842388707705595,58.020848949319834,4.712951071384558,28.851469749597612,401.40067198395843,53.71922950626919,normal,snow,highway,181.81956620253513
41.455573487813695,40.08355846635128,17.177195732472104,99.92677173565758,3.562253823559888,31.911222709232007,147.6642600701006,35.20681466324723,eco,rain,city,169.22348185262746
20.268620639914005,22.94901184666329,1.9131206669965017,12.626216897018914,2.6089470562223296,31.541422996353134,132.8981306801092,27.732815431935776,sport,fog,highway,43.911562514265256
23.612214586144113,28.458977748532025,32.55459411160722,16.922974632040287,0.8076196114963063,29.728321795788638,328.27383845553715,69.00345019336802,eco,rain,mixed,93.40856512416038
30.27852369561116,31.130763857729143,17.860952246502197,117.2784366135572,1.920882776022087,30.402158686814417,195.24368098404747,-97.16594207427487,eco,clear,city,140.32461816303496
32.58699952062682,34.90874162301899,0.3420519071780621,70.53221551273076,2.9256116252857716,35.736946835959856,67.95901347248979,85.83060771207835,eco,fog,city,139.7878570051911
86.5554452057024,38.51915551516768,21.175390497811108,61.17236081988588,3.6260019829787686,30.30918788807949,33.4821176449544,65.84523606725864,eco,snow,highway,311.16744414925444
60.510050945427245,26.844218486347682,7.885838247121377,62.7787275772934,3.1769977873955613,29.70740907174729,393.92128812423863,87.57344393036544,eco,fog,highway,237.7748431433854
57.10518202369298,34.38140832289788,32.22028061460329,25.832252883943177,3.570614009138706,32.289673368546666,337.9553659011723,58.717576771337434,normal,snow,city,193.94086612765716
20.32919846822957,19.518328592055575,12.664986932327142,86.24447394023676,2.1457625227594885,33.36766427256238,205.89911230330165,75.71828149085448,sport,snow,highway,41.45550401321689
87.41257240144915,42.97944301627436,26.322067905370837,10.173674847570524,3.6381364528550453,33.80074488855652,448.1138175855283,-59.38439036010416,normal,rain,mixed,341.474217162866
75.05328728876353,26.491764192630107,-5.223189618188142,68.79884557236278,0.718706280098596,34.03397747597533,205.42837622129977,-36.15418662458989,sport,rain,mixed,263.7702430154346
16.090152571000143,36.885642659293154,9.80121731511731,68.49225559030816,0.8129315588155678,28.294659932118023,355.1477357326918,-36.95579730585381,eco,clear,highway,58.31874966756865
73.70515875067917,15.61023245646533,39.16207182361993,109.70261089602131,0.8141607291473141,31.150083203036505,454.5576376036464,-78.16665082438865,eco,snow,city,318.1299582338341
58.918439560838145,21.15561428714421,30.423014473857414,63.141937212583244,4.45432478517888,34.19166463826472,420.3577293542217,45.91585105691814,eco,snow,highway,191.9125553945209
17.355281117210044,29.61247632970734,-2.0029598816535676,16.447523516901544,0.38017031654317246,35.238816814401034,255.55238816978948,-72.76582146258544,eco,rain,city,81.35333725974445
51.247057737579084,41.347574031970396,3.888202473862755,68.7303911097795,4.007541863667379,32.81760098666226,340.31819622336633,-89.49816678418787,eco,clear,city,233.74556126012618
53.622665841704226,30.817654498520312,6.490790442818053,10.959317323839883,1.1678544902336858,28.418454828077486,206.83288836368453,55.08937401101278,eco,rain,mixed,242.96030797976792
24.91970861469482,42.89611446881637,22.518278024772286,24.4552602359906,2.342149702476253,31.17316644684105,323.598586147057,80.93263394638586,eco,rain,highway,70.85351695612547
95.11283323002542,29.513906897483892,27.849737974482778,3.733030102489936,4.57978297732839,28.59381692694764,128.77621917269795,52.82466959302664,sport,clear,city,343.3730722209411
86.49778343325957,29.7134729020785,27.476330440395486,61.595229895139795,2.9296861484375336,33.98830290147668,217.37105688477664,65.07044256639526,eco,snow,city,375.89849618743096
70.21201035961974,18.592403655015957,15.493702815320141,10.143913835228684,1.050588431161793,28.508043754253322,104.77286880091951,19.124335566154244,eco,snow,city,304.52748362773076
51.606600490054646,39.07968732456659,30.541026891907563,56.32732542375948,1.4204503015940357,29.485848533881416,19.092476339774013,77.54926758295062,eco,clear,city,252.97349265934028
47.05889874260576,22.408962374011875,11.853904137873752,111.95340423889729,4.602233119478928,31.335667391718193,294.26992528768614,-0.6593035284289783,sport,snow,mixed,132.35861786694286
68.58761204358588,41.988374681169454,-3.8059717352219042,86.37136956231984,2.135719625549892,31.701186936918976,432.2146726753988,97.664523697493,sport,clear,mixed,224.4157806298034
59.088868246621495,42.324726609911885,18.222092082690665,9.289400907035166,2.9349274150339473,31.2518536025201,12.789137311595756,-79.31699144611022,eco,clear,mixed,284.7005825315225
15.604579529369705,43.29930335622449,37.61506923005533,26.90517746506118,2.2996609831269437,31.707173172848,98.01487036464795,61.83614134027678,normal,rain,mixed,36.12867345220549
56.12523838932985,30.6069146730927,29.64968256962557,80.83949038721211,1.8921904402422478,33.7059132161616,230.09252963520998,28.277883202255055,sport,snow,mixed,167.40700320656222
82.57632555095556,35.312813543509336,18.935032384612118,107.36422332290205,1.1163956346620096,30.95415058364433,332.94840842112666,16.12921364423903,eco,snow,highway,307.24926435433053
51.33158898372623,38.355476401849906,22.340283017454844,3.9502304116744513,3.4309575024230106,32.382003673204956,85.61459683494321,45.16210617222427,sport,clear,highway,153.14224861051363
14.676091979884157,18.930438559513966,36.52810135177863,97.49413580647128,3.591210131360602,30.426954060229857,28.34741448531214,68.05830615976976,normal,rain,mixed,15.60846681808616
80.76503794456298,33.02871584992492,11.417139721748025,67.41766564059705,1.3744254580369974,30.829019960723862,259.5243588634446,72.57681336810197,eco,rain,city,391.9462315384984
28.122740392237695,16.02893703909935,6.56970694713187,65.53095903556711,3.945054215274152,32.910391672336644,409.3548565286544,-64.923807411203,sport,snow,city,64.15211666904956
33.275875139923485,29.926982501661776,38.86207825002245,114.93758193040296,4.2726760015083975,31.92395721309616,17.617454656385647,-60.59281404940615,normal,fog,highway,86.1187728835769
24.823571808906628,19.645280448606822,33.17215667551667,89.71735351161277,4.603375481198152,33.78429035887425,174.68472517951295,-96.76669809728058,sport,clear,highway,60.89611714745635
39.71935583843478,20.48768777886254,6.15217923093012,102.01426416673343,0.8060620695918497,32.484308704414,331.7573713966676,-73.63150844154545,sport,snow,highway,96.62525799568381
78.10763551197715,25.951427000778047,13.189029868046141,42.479468345360004,1.519618418066332,34.42859268307098,65.3710030512335,-47.22350143001508,eco,snow,mixed,343.7285775746288
56.744727355354364,27.97311500149509,10.753906450389952,66.52368489940918,4.301766737518478,31.547265703957734,117.9733884463784,44.20716451005657,eco,fog,city,257.2857779980355
28.43931467356413,33.69517273596561,-2.5452160664283046,73.8486812913325,0.9927010141394699,31.92826895893441,267.74632189313303,-4.8464981994979865,sport,fog,city,91.81507804361654
89.00470703368367,17.23285255315547,37.89096619066295,38.59007284349581,0.01734229621747685,33.35977079120752,476.615848182109,51.58070711680347,normal,rain,highway,334.0388419178614
89.16236694563763,30.11075283712334,10.215621560987941,68.42977499368794,4.354136551258173,29.76995155529639,143.67130912187804,-2.6928304360218647,eco,rain,highway,352.6662903014636
88.35205825414062,20.478753907593035,33.7664541318954,28.39864553756566,1.632247208756847,31.087436295450086,243.7637106103552,11.11949058199366,sport,rain,highway,270.3142540583305
31.491659024338535,32.21925525095226,-0.5321886159667457,17.20508052818875,2.07248762569475,32.99872995209366,199.96543153220912,-77.78668268128351,sport,rain,highway,80.77818539894255
50.61154097628893,34.122138367835504,17.39354053186099,44.876431113279914,2.2316701286031897,28.23101015412589,448.69833601504,55.311656935206486,eco,clear,mixed,219.48764154191795
98.64906905267875,31.701277696585617,-8.801930743786508,88.71475544957244,4.241373003336142,31.495771469071535,35.94493201555782,51.62530643991096,eco,fog,city,465.51480227039997
79.48112286789913,37.14886531434923,28.21102419211543,109.9424577688665,1.689460722967302,32.79079949044893,283.07379567038214,-38.48768166387608,sport,snow,mixed,246.05734822459817
12.445067910300384,25.06827732722704,19.04569491231392,54.9256861797879,4.461399429282409,35.739004255825584,423.059849594972,-34.28438443991962,eco,rain,city,22.75428140200519
15.868413213444285,37.95319774899393,21.279479173487633,77.1388425930518,3.08469569024024,35.01613249294137,494.0587885312959,-56.0637098853729,sport,snow,mixed,22.084197145869794
51.75382391310995,27.98301245124581,-7.413955872267327,12.364455717012056,2.6364336201684213,30.245935623541264,349.3627487609037,62.76793520723055,normal,clear,city,203.98574441508742
91.82981852754041,29.525534949677905,0.55191651043077,108.53565102627945,1.6280725356373122,32.0576808322314,189.96773783326228,49.40136039235608,eco,rain,mixed,414.914472480989
58.48316181574428,34.44306381783214,-6.283456382320992,68.23250562839213,1.2185584814059292,28.45131498128073,205.91217626697195,21.82954763685055,eco,clear,city,292.0894786564217
54.80312572308612,15.55075151997672,4.445715790190588,93.64058971501885,3.1202922138867435,29.926035318542457,175.84110987138197,-52.235579374060514,sport,rain,mixed,183.93378054099466
19.492632996096752,34.61982664260745,21.37195038410755,95.33294411056725,2.234470800282881,34.19884694454472,301.8065499034767,-65.62933347725115,eco,snow,city,57.377371926934714
69.11020942518647,33.55755447216346,18.309299215868762,30.77766316417271,4.5525800496600315,28.986512098202756,369.7028853591255,-89.94622976507738,normal,clear,highway,236.46226581500287
83.9892844540203,24.295413502598397,20.60749108066951,63.50093438182194,2.458193580570249,30.061524198671652,409.7337817944655,-90.8777036442961,sport,rain,city,301.96004931941314
44.23780067568061,17.573828546984686,17.462563568894716,115.25757018731728,2.5589745835059556,35.552340013886464,208.29655484158593,-62.5727720383346,normal,snow,city,157.3646987911863
79.80506658327947,17.728063497391233,3.651439783792968,10.756145378499333,2.083616405680004,34.590846403939665,358.35425112951964,-79.89349353535557,normal,snow,mixed,282.4610029210652
96.80289885107304,42.69671240955685,2.2253748672212623,81.9659877635476,3.946314984956425,34.2546217011913,458.1112960148882,11.221534584488609,normal,snow,highway,307.6349797249228
28.338981321492017,35.67837963677511,-3.1470158231709364,115.47168936422064,2.124195990546352,34.91645992241725,460.41239722535266,-28.381974441104603,normal,rain,mixed,86.73394668980845
57.09966680752672,18.813078413122213,32.453543745174606,36.06925296648266,1.3467099987487745,33.996845492658835,352.01450135732125,-11.010843566370738,sport,snow,city,189.594050775189
35.8424162276118,25.70169507926719,20.823967927062224,103.37375056852177,4.310154371467549,28.964689728945878,318.45109640626805,18.813436717437952,eco,snow,city,119.25950625031228
81.35689771304554,32.77448981704789,-0.6744493747970122,112.0389054489926,2.9841411068262014,32.13249061188185,265.76303776250336,31.82034907070272,normal,rain,city,334.6262152417238
61.98340292930418,40.06715115271946,-1.1395310089380235,89.65034512737901,2.9575510988450087,31.553951366418577,91.59883409106429,29.640343976515595,normal,clear,city,261.1614622812448
67.11241757952735,16.309827861390257,33.651780076306835,27.75939747683499,3.054111035819633,30.48921262616304,61.814826302709236,-47.82868263583351,sport,snow,mixed,201.04055778030593
81.81227436543047,22.098993944100265,27.136543188165966,40.08008625919126,3.594198741028334,34.672323277756846,242.85550339469015,61.92540405922054,normal,rain,highway,286.49296032079724
45.63734253962094,41.692469708861395,22.96995399526857,4.297115330127688,1.5653399465628342,31.71311361899387,79.72207810372967,83.54193398384598,normal,clear,city,197.26109125860717
92.3581061566339,15.274966505514495,10.343205376964988,99.77438810944263,0.16922185416501423,28.4823808108604,288.499962834668,-36.81233055536095,normal,snow,mixed,341.9647616264931
57.9725980521526,21.04197308381662,3.0987782139258773,101.95334238132959,4.052965804385048,30.199724669762148,322.85136515060907,-96.58691668678641,normal,rain,mixed,205.16586650070812
24.21593405518132,43.77072527918898,38.97253815564119,75.92523719594313,0.6445252694081871,29.82896846423556,262.8077987600204,79.83083732970101,eco,fog,mixed,95.25055933129605
72.63092063519221,33.40205539566513,29.861978751140008,42.30334215166216,3.6090986860527208,35.09983107849027,18.213356256306824,84.7097465906952,normal,rain,mixed,274.41902179776156
81.3935215394429,22.850140999125195,5.0889611568138235,9.217323316790464,0.41157649143664377,33.179504805111996,28.863979401166084,-89.81071191739329,sport,snow,mixed,261.19707303473143
38.5085509360774,17.00973283187543,32.378239813924736,90.36691318978913,1.8765392101424605,32.4830101270566,56.67059234074273,-99.00868162815755,eco,clear,city,197.07019734471658
87.14613312988777,15.845740213416665,27.946597430734073,87.18314323319075,0.3151303491576912,32.05319393342964,76.82290249416951,63.28095659854844,sport,clear,city,342.182972895737
91.55289292891898,22.342352389107816,4.854027493899919,109.51230260866812,2.611068398138623,33.20090422033172,494.9413068846666,-39.70732910337868,eco,clear,highway,394.69895036119016
34.921403864002805,41.44457458766732,11.327642712081985,87.66384252064346,3.2656788639078753,34.039004374217,172.24750843156122,82.91643345919769,eco,snow,highway,109.94717197474263
98.51693254436998,27.477409628925287,-0.7023277304486673,99.44339306928022,0.8571657058909415,32.435077646652076,145.9866868206431,-56.651285346090674,normal,snow,highway,333.55825259221496
22.664037524388256,36.61000107497979,-4.4473777810945325,89.51455414847995,1.8581380921920103,35.506283321220884,26.133317832114532,72.23092322531741,normal,clear,highway,78.73166938282992
28.181410156224096,42.54855106139873,26.13810164198484,75.68246259747797,4.651197455215268,35.81467336520308,317.66019534279826,-86.27114605499267,sport,clear,mixed,62.18857607365881
26.580235531422353,27.2412138480845,3.3755928676933316,51.23596730292111,2.2119455855372836,35.96273853287058,326.09539256564034,-47.872630537205275,eco,clear,mixed,108.6448428101082
90.45907390070833,20.73832113112191,31.002968287312683,108.25407703707333,4.012717844882784,33.35512888070916,87.72434478933233,94.6257758291282,eco,clear,mixed,412.4261181212924
68.88632970924657,30.513537925707585,39.780435575721306,78.11622862889638,4.635923725301046,35.46096373404703,459.62077046230655,-53.760669133743534,normal,rain,mixed,243.10423349381267
23.68938549000456,42.24251061179564,-6.169009303517567,47.80263863590909,4.871729124886432,31.235837562463637,400.24677329756366,-73.39740318499177,eco,snow,mixed,53.677415050978944
49.62910765315141,39.131232424131014,13.651756254185013,10.016315421834868,4.491610098456846,34.876739129979086,115.15965840375402,71.41093049459906,normal,fog,mixed,176.789078641151
65.37682225628218,16.974895300894612,30.103127965540153,34.884582708525855,1.5870266457948456,35.27339438991745,242.9248654582687,-76.43984164770418,normal,clear,mixed,288.8937597794611
17.511767649044497,35.77718400232746,29.447544827061677,65.24720817961978,4.8128644308059645,35.233123778658204,229.19542809942496,-80.50877828409931,sport,rain,mixed,36.42714707216845
89.41747315666049,32.15692567376861,27.99985791654842,33.07624440194334,4.0619762087302345,34.64677026326705,174.2602221711604,-35.31497316209284,normal,fog,highway,322.726724229415
82.32431818973816,42.22389529039276,7.449746765095547,26.548241750148254,4.185877918197439,31.252793293130004,408.8173564128066,27.065701319391906,normal,fog,city,335.9604417030516
55.46860962189744,18.674442505508917,12.692662784252615,63.287221690541664,0.07586492085917385,29.271259855845877,54.63224281057549,42.14927475573913,eco,clear,highway,241.86304076317714
97.04139537332534,31.021083396139698,19.748417867073513,20.378441507488148,4.771194316591468,30.67165085075557,207.65711991389634,76.24775676547915,sport,clear,mixed,330.1709251956101
47.59848813475897,41.38388080535677,38.69702917866286,96.04920759901242,3.8904511192437035,34.13830855438474,214.01556527460852,8.182305191821214,sport,rain,mixed,138.85144656644601
98.56992871328481,27.30071360225229,6.377363546924645,58.124178161118955,3.8398374825395,29.863084090639802,234.36280230708982,-21.31644264780492,sport,clear,mixed,342.0598078470413
70.11279989232644,29.459847531986014,36.157194385842885,68.86353287551802,0.40762365464293127,31.82617651860778,430.6749955493143,-28.23324763310697,normal,fog,city,309.68031068839207
67.12041459285473,17.11382033000875,3.4678459090247067,17.685992111681827,1.1628427053666561,32.52319614387738,109.08343510075063,69.38054569549479,sport,clear,mixed,237.78900447218868
24.935940576620652,23.344309213467326,39.45372327368523,38.949160275524086,4.811308325689495,32.830868499503005,51.46158675613638,44.76306189653309,normal,rain,mixed,57.79496093946224
89.37349824741796,24.73519947506842,23.513184341379585,49.21076199133835,2.5033853740273813,35.48580438703039,308.904231410554,81.08580274502785,normal,rain,highway,320.77552436180775
48.474071912855365,43.353673462346606,13.175574017927548,96.98553966198035,1.9892900911862803,33.29194416331454,86.91723748902358,92.80709114632282,normal,rain,highway,166.46370705967718
24.60100652042314,23.48002081623477,20.669521403180244,92.41914277033831,4.199704085734568,34.29039052861842,37.46604292730987,-39.98983278323851,normal,rain,mixed,75.54759260315754
11.134676797818313,28.826062058089562,3.6265584520103396,26.757296974521765,0.43670207056972166,32.65502678313307,213.32461028552675,5.9348237401679,sport,rain,city,33.58866915666564
60.37801152745443,35.13913270692839,3.7086928755733304,73.94148979284093,2.0847100813552966,34.668642550895704,109.82321542907047,26.364161472966586,sport,clear,city,221.60647426474708
57.46596599104087,19.86550117223632,-4.322272807825308,29.21476293263971,1.878503872110418,30.1093089045581,180.60830943399182,-67.23021064470848,eco,snow,highway,206.90839005776851
74.74182601322427,29.593271614256235,-4.297485114730062,118.58965868282944,1.7492569351519638,29.679021373350313,129.85554005122873,-89.33059321500305,sport,rain,highway,225.67506131868197
90.1232247716022,37.15617118427723,7.383587073445568,114.25486537570447,1.5384612182653656,35.41056039006376,46.31823136170787,73.5527828230627,eco,snow,city,388.08063314917314
17.146592617872656,41.00565639081198,28.142773894818582,67.59176646247445,1.05037478395039,33.54784701085903,280.1736014621008,7.104702151074633,sport,clear,highway,52.36026081107668
75.83468413063261,33.7877782398728,20.398558379908124,83.86830862729715,0.864554014952611,33.372204616465766,13.50920901974284,14.154843272007838,sport,rain,mixed,267.92079799651646
26.8670749687824,35.07160545950843,-4.870771983448959,96.1716458650374,3.2020305845983703,31.7383619090276,483.18767399719974,10.982869085590963,sport,snow,mixed,60.373427669991365
87.23593478414476,18.788504177537067,32.611826248795545,86.51981040538847,4.5969742060433925,31.013578074348082,170.6652608674831,50.992140966538074,normal,snow,mixed,286.3962349215326
83.71571624754905,43.37329491739041,20.06838134950332,83.9794429298905,2.5442582262494073,32.44552955582911,347.5787552449019,-70.89961106359135,sport,fog,mixed,286.9886875617279
58.671437948698994,18.97722232453447,38.042778839238984,115.02648095394336,1.4898727617332215,28.964530795373335,405.18143627372496,22.809688154306528,sport,snow,highway,154.94290601131536
73.92185187609803,38.24018811545395,23.50927337056038,71.574732756874,0.7958009886111317,31.637700488664862,139.55239776977757,-6.10409768447397,eco,fog,mixed,367.84866507890894
38.29151018653735,22.944489653349564,-1.2412568147909493,76.35632061828667,4.150716825262971,31.642941635723847,374.36935455503414,79.39163190154486,sport,fog,mixed,97.35915913973507
52.405110903953315,43.00779431103754,13.689168115391112,101.91225005258174,4.857460282366069,32.30669210355412,416.2104277123548,3.924187579265066,normal,snow,mixed,156.88628635401105
83.94732079394245,36.598786181084385,22.424879877360205,80.38690414300882,1.7457770073392593,33.07748491493762,120.65861690580675,88.58699481483313,sport,fog,mixed,296.77652764758193
51.33386774558925,37.61441138935107,-8.586764947501116,87.95191464210271,1.4547521277606446,35.658546927882895,496.2473384480364,-29.349401164018673,eco,snow,city,205.12371512486556
42.20184387928976,21.571775191796497,-9.254486792259605,28.100242343597092,3.0074647648747064,33.21735301673405,10.344341421044678,93.37894127799811,sport,fog,mixed,127.8815847118079
54.47912025252699,28.291199299054824,-3.529849970071605,44.55203089380851,3.8766449047671285,35.069801215627294,108.50024011777055,75.03158961835354,sport,rain,highway,140.84992755469193
84.54243271934965,33.53439583767859,2.5832217522735377,17.676161485427162,2.277014017748322,32.450430891753314,390.01037813849643,16.852657947070938,eco,rain,mixed,381.34757188424936
40.16872426337855,38.09920854619803,11.477456176033776,60.69185308017666,3.150365749304746,33.015423061019916,97.06551252787644,-29.25801333619509,sport,rain,city,133.6274949255312
25.63854338221694,18.11878127737169,14.372023687989419,54.68728808162956,3.5827453401164595,28.558695624876556,349.12993165310326,-24.815328509488026,eco,snow,mixed,76.2088116170139
74.08126182977027,43.87095949363585,-3.098619553105161,119.65953771353482,4.802961439280896,29.066109783075326,427.7652024914518,54.550417291658334,eco,snow,highway,237.47033421725013
84.33803914372736,41.706620116636685,23.669578955791543,73.3450383378651,0.825186652600417,32.637363481580316,479.6071363171301,16.12627023380891,normal,clear,highway,323.43430743412125
19.057373067118,23.11045771486753,19.806903084826743,94.37337878333079,4.986912469126848,31.165702959664234,237.12375770013477,-19.682482906135817,normal,snow,city,37.614930724905186
31.588670148035025,39.68280729096996,4.723204942058011,40.081760490918505,1.960783276206144,34.39048415892401,485.5545614910587,27.21099228243287,eco,clear,highway,121.29344445909797
22.77747907848945,30.5497176911947,-9.3170058282354,99.78543976113558,3.6160007136327685,32.345422998993406,205.8111483408393,46.646679580188874,normal,clear,highway,53.884075879061754
41.31472704239499,28.85419444686056,-6.117604232335463,73.810195978522,2.862071889864986,35.0583283116107,109.06401983719289,-95.41989748830682,normal,rain,highway,137.71570625990265
50.53158810148714,24.43302317434216,9.584738775541972,83.6390797918126,2.433343085044201,35.77865342769833,256.96092654236264,-82.02743977649797,eco,snow,city,210.0972356591852
77.39437032669758,32.42905759894778,-2.301282441715804,35.331693353934526,3.4903768436579323,29.18108148097188,324.91162215574633,-81.10291191858417,sport,snow,city,234.6918697039938
68.60328263935068,36.896673531107936,8.840980307398542,65.83660700346925,1.9787692511179755,31.15862201324501,228.9816580249719,-53.61323894733305,sport,clear,city,252.5801607695539
65.8835710730588,27.327987148882748,21.409130225517757,76.08443680963303,0.630549906684032,33.31984820190425,283.4862219833958,-14.601912154537217,sport,clear,city,254.0085362772397
41.71374519486889,33.876575790248765,17.361871393964176,70.69136109798973,2.4444669156061987,30.4439100432028,208.2045938635943,60.72997985851089,normal,snow,city,138.30043604066617
85.7302797776284,35.97938763465911,1.5587941568697126,109.82324537094799,2.609579353411593,30.13625870177196,262.3809770106249,-29.780193000088516,normal,clear,city,380.606942281794
52.41584506583481,36.33365451045857,7.19112456293762,107.79271973910642,1.009510766999696,34.50990848503069,476.29783597328077,-96.50444232387905,sport,snow,city,160.03202860793525
98.11944442136391,16.55898294393541,20.70155992243253,116.51808694522447,4.678096781643285,35.84302775246994,249.915576268166,-3.3276294096542074,eco,snow,city,409.5144483874583
67.07279244661632,40.792434170552006,33.042751402172435,80.09136072083872,1.1373782332314564,34.19042664997985,126.58981640463013,99.32571908492437,eco,fog,city,330.4458647938607
21.363826740805244,28.74759944295144,27.660671936943864,116.62969561508216,2.0461379704204887,32.189412982432906,379.3733107562853,-30.195800869016182,eco,clear,mixed,76.80742823922985
70.85598058678906,22.872482450886434,17.670001341670748,99.89736000382906,0.7746484342236165,31.540089855562517,168.79222889077465,92.25090375346298,normal,rain,city,299.9434790458935
39.25936138885291,22.25293522439045,8.114649915824309,32.49985684079511,2.678983230934721,32.31718176424292,408.10358541069536,-79.73097377271547,sport,snow,mixed,101.01044183976161
71.76944770174876,29.490423385318515,8.252563877090271,51.29228034615565,1.5381880405004482,31.702717617501886,28.420994491942576,-65.38006841893903,eco,clear,city,372.6210063598046
16.267703334616517,41.60494618406878,33.970865513219806,28.607093062681173,2.44636259988042,32.023104454285345,166.08898855434566,44.82441402914165,sport,clear,city,32.32152608109614
25.739329345836346,26.35042745047941,-8.03782119797268,0.5036592996678246,1.1230845822910096,29.62762440423382,47.17995413031972,0.2424897941412496,sport,clear,city,85.79831315594865
87.01635330152077,37.4917724035063,39.39913222101305,22.565850377629033,0.26887563974357875,35.22993559447462,42.65891212291572,53.024360693177215,normal,snow,mixed,319.6739789955489
30.44616013211634,17.90456192961656,23.218770542578113,0.48727035442508004,3.8961332554112764,34.03628001218615,329.1947795862186,72.71166900577799,eco,snow,mixed,97.89227675225317
85.3337012718646,29.281701064531852,24.056884953619523,86.3806153620588,3.205431419798292,33.44781938154576,192.6674006768037,-49.78302478779308,normal,snow,city,314.6036919297939
35.134847960896934,44.75058421178207,-8.100108134762893,51.064115726543946,1.7036967785550643,35.59939976779579,435.7394709925563,36.56583408794839,sport,clear,city,99.87674482728377
67.8593719052837,38.113134083770106,20.276463744563607,37.508967249342994,0.23747112341161114,30.275154655302703,258.2025689367646,21.520247326751218,sport,rain,mixed,236.36702274524373
72.47355161588479,21.31585465321839,14.23890300452235,91.40650693142256,4.327875313485604,28.649275287148914,147.67161058614136,72.30700583842622,sport,fog,city,248.4001854351712
56.13892778305476,30.04324421093732,-4.711054655296651,99.89841295435741,0.8489750246783967,34.60910928284265,360.4444439810974,-13.979219878023457,eco,rain,city,276.11379041879803
37.47796090270582,22.008742909457,3.8961005384679535,117.0359446379856,4.65371109140714,35.98733570919404,312.00839579284985,-89.625913857868,eco,snow,mixed,120.3636244159989
29.13799387339865,27.286827817875277,34.51572281068256,77.04163016102893,2.3929768929797923,32.62745950416159,399.7973104146017,14.837225454502388,eco,snow,mixed,96.43788567186212
12.987041910618359,38.40252071204894,17.499420793297645,55.3834750248062,1.7019335495424186,28.470475103301453,321.7941381709425,91.77566382369156,sport,snow,mixed,20.347588388691676
37.355176111665145,38.13674445871211,10.670828758695436,36.631716192892306,3.7087973844548197,34.24374432123953,83.50670854946013,-97.07376409895532,sport,rain,city,120.65131251211076
68.78465114781548,21.84301133707155,-6.365892207959453,26.678185105707154,4.384197030375929,28.58999239076673,335.155018833533,-51.94840231550908,eco,rain,mixed,281.1532044020094
94.44743366036344,42.66669954464581,25.706076370115284,25.551114057912145,1.8535678182285538,32.32011189007425,195.77459880790516,-36.786442007176,sport,snow,city,306.19767552172254
88.40840340367468,32.7770454829448,25.142541169801625,49.10272496637585,2.0367187608509365,30.220259793684217,231.57151512878406,53.167777578195114,sport,fog,highway,278.4678033420932
78.94582988817723,26.397728728860436,20.70218034862818,119.01436263455157,2.165791096735987,35.32021424473916,460.78228786867237,-35.34461550636763,sport,fog,highway,244.31825488255186
80.96026089279688,30.05806742342582,15.51313231103246,0.10244369248839202,4.611615307393345,31.61064970607588,179.9820231488735,-52.18322736073722,eco,clear,city,391.9556001454624
69.84864131283958,33.15213760313231,11.689220110368634,23.664707667720094,3.4628199575716634,35.187706787828425,305.97957149541935,29.711602893408212,normal,rain,city,274.33546580230933
33.42581718094027,31.796715955373564,19.663554649399615,22.60715788842886,1.2382305852282776,30.39264868203654,181.7408667061198,-90.71894220780008,normal,fog,mixed,137.7112530396092
91.64755276352469,29.592151066085346,1.6697725864203345,86.05433826387508,0.9249984875098971,31.09890067057081,47.36374267889587,-65.88062800825061,normal,snow,city,360.9580016527129
70.36590807152507,30.147984122682004,37.062953208882384,42.298167311767415,1.1518383171240805,35.57695350597665,226.76267102415025,-18.39395426611125,eco,rain,city,346.66904502677136
60.439656788239596,20.292357312836586,19.439726459011478,54.871296551018474,1.3178194459275872,29.61051560745308,298.53075222982596,-28.880007531993783,sport,clear,mixed,211.45376079058855
19.989052229213296,39.381987129140384,5.559622217718827,17.834895656388596,1.1509174566700076,32.62800921320916,203.75164601879936,-30.566836163327366,normal,clear,city,83.61495392346194
50.23499894257829,31.25280959823046,12.483992544257863,48.599644665233726,3.2925322359619806,31.10808262848089,195.3330923390922,-78.28899737606764,normal,rain,highway,164.30518371737446
51.43224440817337,18.93239585114109,30.28423944384462,12.383977428700327,0.5796675532875317,34.193335080549815,410.1892569471985,-27.831996110040677,eco,snow,city,233.7698420854947
87.8107248570403,37.98471304748334,-1.9191969634851276,63.965194546629974,1.9367924485398036,29.03437096937086,14.842586144735105,59.598554398280555,sport,fog,mixed,302.87650211178754
59.19833981690096,42.97331935132053,4.64178112301302,11.752603845942712,3.1252678648518324,31.497719752037348,147.79269837005998,-17.231159640520957,sport,rain,city,204.17100599113297
44.23604940733687,43.419206977108864,23.97540113682777,94.86100574077875,1.4542998697146543,33.5914610147621,405.8786326886058,17.234236963136993,eco,snow,city,169.01993313063537
97.91202956595934,26.070531972335182,5.774460324111194,67.99220610485874,0.32637192350829014,31.25612988004928,460.2650743055819,-67.2841181365365,normal,rain,city,418.06682493480776
19.96485339936841,19.065506206822622,29.625084093073298,86.87614485282202,0.40911961422984144,28.468253914203014,206.14979292041414,-86.05772730628479,sport,clear,highway,59.77491895095987
48.02935854807502,30.551988798991957,-3.4773256411319586,50.22196639832207,0.6298338815234317,33.640898090682754,444.39712159803815,75.99120838631214,sport,rain,mixed,145.48956654976715
13.782220765426477,18.37827688047662,28.13430852273043,45.778955189067275,4.179215124340776,32.02558662147987,99.46506106251634,-33.72548077080823,normal,snow,highway,24.158776315850808
76.59137086902373,43.01962255537852,-6.582414257471688,11.785066685863633,3.289317528024849,28.090469493440803,110.71353393008631,-29.932553386373456,eco,snow,highway,270.32943280815107
92.62688969792356,20.50738882065438,-9.37036936662526,62.86267284513872,0.3226120554882239,32.90124716182699,423.09568829240175,75.5375698957717,normal,clear,mixed,399.6946690671096
35.20335965954405,22.58297579853492,34.91117594160811,61.74025978285104,1.9553443957570993,35.35904818023029,451.6288706703091,41.554269781748786,sport,snow,mixed,93.18331782890259
87.25075091192087,27.199095806549114,19.066960846614933,56.172245333952645,1.3929258642353282,28.88820758569351,111.40288398133374,51.25254219752259,eco,snow,highway,329.8910681705193
36.2996407415708,26.494934056773772,7.591344854340573,88.86220376189391,2.890200558144001,32.72536988007335,29.662094984305554,36.40069683353252,normal,clear,highway,120.83837930742501
91.96931454795237,38.83988677193667,1.6297318481925203,99.90052800388254,2.614029748361567,33.82935105410104,45.162068527643875,-78.84155104169272,normal,snow,city,344.7668090741401
77.85657132371055,28.689504616528872,20.844289163040806,90.09476099382097,2.4056201168485747,28.566189361122444,130.69041768818164,91.59916421124555,eco,snow,mixed,308.7493004544536
82.44160991572947,20.123047800100107,15.45010917683691,17.26388913682126,1.5725618518630657,28.18092366531349,380.72453857339747,81.82725742558551,sport,rain,highway,242.7733180172084
11.620590004040904,23.016296864582223,39.57988877649926,74.64714111385297,0.6889988602199537,31.713566933159576,254.99591389814142,-52.755974633709116,eco,rain,city,47.00563023547326
96.65293213666233,30.27340155562566,39.16079933268729,9.638772682744005,3.7118819143631896,34.32949349787491,227.79442112138483,60.79883822876826,eco,rain,highway,385.1963605907051
75.40038928632909,19.42361752278405,21.75122830708048,83.35467449285719,4.399283844213272,29.285755280794625,292.06996558300045,-18.120713700536,sport,rain,highway,215.0972806925842
37.427598584752,33.349670269380425,12.143525305294524,45.820691587335205,4.720754546164087,34.693098177719385,445.1115567310931,36.753393572896584,normal,fog,mixed,131.87761102726228
84.64551983729622,31.97241919653438,14.557048456733106,15.899874751954393,0.2930948530679023,33.25261804338877,45.21518978282879,-66.87940003735321,eco,rain,highway,371.90338689269583
35.3369078573437,36.44106949146773,24.123953311843096,103.44610283713534,3.6995435579444145,30.657386302307884,347.36206381829066,7.710850131284161,eco,rain,mixed,129.64812376039842
88.54784556095152,43.13113846138103,-4.921272788230931,73.68100068467248,3.6325172970348123,32.126606387939596,463.3954228277026,-74.67674008801879,normal,rain,highway,304.1644738825424
20.132235137074332,42.367636833034666,6.417603690535909,42.5669961537033,4.735548070727946,35.724599837813905,106.6750208792,7.233433071623182,sport,clear,city,50.10104909903083
73.33173797147163,43.382268542064935,-6.236387949819807,3.6872615580599444,1.264572972488827,29.73149576505871,418.88615798091723,-51.28120878855744,normal,rain,mixed,290.37125346440337
58.66286289804193,22.341467910711028,-6.331962024154022,64.47723108043326,3.710895191475782,31.99628318195232,349.0123553797511,-9.506694246237075,normal,fog,mixed,216.72546870084594
18.688102317589674,18.94695919918064,-0.20803790528831279,110.78710541834792,0.2731314438324228,32.995892448860964,7.234268036572344,33.59387343488615,eco,fog,city,99.34542357855057
31.770444543295508,24.068301014893457,14.262662729661344,71.56557992428388,3.1562286038080956,29.10411684380533,115.8058401810641,75.41491633212377,eco,fog,mixed,117.32732653046195
11.11636326495833,41.852555182989434,29.238716058139467,116.59807255433918,1.7542391202608987,28.34817670898648,302.9223804479404,-66.94219938294438,sport,snow,city,16.151567700718726
52.189116891805526,44.16160423870465,14.274794558293628,16.374134192455024,3.8445471977373757,28.10767962345177,251.20016974560582,78.65382308353966,eco,clear,mixed,220.8786645563393
37.11387346840003,40.77974853211428,6.7738305280434865,68.19661255138043,4.316521432176968,30.59754285280013,263.96812626343296,-21.99247041454197,normal,rain,mixed,115.06357179286768
63.852173586798294,18.30053163382631,-5.882350483162093,95.77500576077153,1.824105211087581,28.591578355878923,115.96521230341133,68.7593137211762,normal,rain,mixed,246.35908361939673
36.751402693775546,43.4228399417938,17.51477615915648,63.06488773508595,2.6279304634965026,34.430159620328915,337.5017353543133,2.5095836835526057,sport,snow,mixed,95.93149311096248
36.99272003562862,27.700740820523578,3.5634293241588377,10.927962718496712,0.5870203118179995,35.97855621729397,133.20918546838845,72.44171435258798,eco,clear,highway,165.75254544467222
76.8873878858443,15.27930872287061,20.74670889585737,69.94632018566612,2.084534826117383,28.490430573875713,194.71748323922694,32.56481350403993,eco,snow,highway,285.2634076057318
14.33285523805181,28.27181222244581,38.85938695662092,73.4085487010966,1.8040019662958462,31.461810207467515,184.4579579400381,1.74322812335366,sport,fog,highway,31.355129365278447
91.26054956727886,16.382075090264028,-4.434283926122492,87.44510981704231,0.9156172989225886,28.2058569838606,336.0125110599493,-37.49227339993424,sport,snow,mixed,276.3260023640125
86.70374869520633,31.316337634833527,0.6062699360969965,91.34538181985687,4.472393123833879,29.071927126058107,45.12638084160869,93.78181752373106,eco,clear,highway,352.85801740957345
70.10242149037659,25.15662082311154,13.654726904968737,92.49272258527286,0.7404391902008012,30.583380487285392,102.77095052009261,60.17953153328355,sport,snow,mixed,216.7376081221375
63.389941309664586,29.203048007821465,38.430690767296475,79.61332723667593,3.178696787650936,31.1495857044612,100.24853534253391,-23.76256296554773,normal,clear,mixed,259.1769403781861
90.3072248325687,33.39511082229351,28.590488813499782,25.897342370238977,4.450713217399438,35.518263571429124,54.21233705785505,-66.65528138819079,sport,snow,city,284.91243039761434
26.6797161575843,41.064032874534604,34.9114596581415,48.50829070073752,4.559842899316128,31.166694470055166,103.79748941822953,55.907083718658754,normal,clear,city,79.16210507505065
17.107224597174575,34.85704729415786,6.685742423789645,93.13559671372784,3.966198499202842,31.970221272459217,303.53013396167717,97.988857562184,normal,rain,city,31.031232129670926
31.55591529185843,28.02146605434542,39.60192368892973,114.41123800809758,0.8807056693708831,29.96466694619093,366.0840854370941,-44.205009241505586,normal,fog,mixed,120.79260899193312
81.51204508301713,39.58283561011095,-4.85835919679213,9.473635780394641,4.087157046069349,28.001001110052606,330.15172348456133,83.17261446699916,eco,clear,city,377.6567415488746
13.120324005383498,42.167464127193966,-7.351354697694958,64.26440133566338,1.382824062078123,35.19467565386508,237.59406899044117,-74.92585888241597,normal,snow,city,35.66834126267784
62.45261515751407,18.592798992965918,32.7801313527014,37.50267255891677,4.611990137162545,28.653718056290437,26.21728554803182,90.44125085037084,sport,snow,mixed,168.40663959619232
99.5893764572179,30.957989326583743,36.363243510349314,27.04726731801957,3.5454334071192477,35.71399072828983,479.50350534338753,49.067782488612664,normal,fog,mixed,395.2834552357472
87.01264844537855,23.535358792273325,-5.470732122694912,60.697282022365805,3.9263378050444326,29.04675283280208,84.03823041874597,-30.680754147259307,eco,rain,highway,352.6695287105423
56.93011201392305,16.41183593630842,-4.328628662707925,72.73072086678441,0.4251622675096861,32.839027846003525,334.2106852028354,-39.07363554075323,eco,rain,mixed,269.8131526635594
15.72768183579781,35.05640085341956,-8.34129211221131,1.1726677703377497,2.9138255672177222,35.9952847028531,456.4453077410555,28.687070787870255,eco,rain,highway,36.851649010832844
84.82361629471389,40.88312332377677,-4.774621867863795,93.62478866414291,4.1057106344933985,29.107716768557406,348.8885479904943,18.701428051739995,eco,clear,mixed,377.1905426557996
63.90806573594895,19.88707963432182,0.47099084001404457,98.38585575113372,4.307951763862496,31.391544679518596,109.02482009447512,83.78734029873729,sport,fog,city,212.65020641989886
20.343969735361014,39.37240972871702,38.50383094550005,115.86129894815197,0.14315852366820758,34.24338935177181,157.89814938201152,53.24862684184285,eco,clear,mixed,90.57792029697058
18.44715563410206,40.60187200610825,23.393011111984023,21.677247986963394,4.695796162775596,28.257521198799747,15.10293350554759,8.072974514785372,sport,clear,highway,38.83827418068018
91.86641374929332,42.430213279994504,28.927651275927104,71.34630748331377,0.21669366651239863,33.518262009120356,306.37912042105677,85.51316836793092,eco,clear,mixed,449.2675973254231
70.22802366442706,22.958552672581572,28.80697018457611,51.19504481716734,3.0725933983742495,28.642986703126397,306.4964904407833,18.546126266643753,eco,clear,mixed,324.4617867552975
84.635811938508,42.11859195569668,16.753687488960733,40.17934218664208,3.46693763807656,29.892161138185813,362.75029068818964,69.93696713213546,sport,snow,city,254.77593160296482
89.10810102540405,24.619882642092968,29.874448885650857,67.87601417250056,0.536726455839549,29.28060929994688,5.498144637810675,68.18853041957126,normal,snow,mixed,339.2569197946164
61.459511684348996,31.570140403665086,19.79037661949848,93.88597118682603,0.24005932804596342,35.25869145317549,408.9206444122333,83.83897178990725,sport,snow,city,185.67097007247006
56.570171657953715,16.515224124968462,5.72730488016788,2.7663340134252135,3.9245607722536455,29.443653734253445,369.35547870015404,-86.47959374417908,normal,clear,highway,188.58381996880976
48.73846692888912,16.316432651062307,18.055505438420035,116.32801350794242,1.92335312398717,28.323472764121256,70.4433047620444,16.763933589355545,sport,rain,mixed,162.251227815827
38.52519290120074,36.61119638196609,16.675429306725672,97.1857902846853,0.5355625765756183,32.701005427582096,173.8133046344893,-6.321481765790168,normal,snow,highway,122.40876408453207
49.11363647728406,28.334399339333732,31.172652687966036,90.13844443746942,3.81333908193821,30.769447403277617,319.2624464521084,-1.8915233070654978,eco,fog,mixed,198.12326744116504
79.64916901571408,22.688771261076525,39.08636086908295,91.24648586166042,4.245815350718103,31.24564976513093,247.89843747016394,-8.01787927595943,normal,snow,city,287.83964785436376
64.17310879136184,20.712404880747307,10.552128271046527,46.68728515423831,2.936930953794037,28.952501958900378,57.54713195063121,67.49333788446819,normal,clear,mixed,250.05030975432888
90.32709609593614,35.09860472577654,28.169533922067984,90.19446610137764,0.806184042173228,33.98587593146556,43.672687568294954,-36.31342051661224,eco,clear,city,487.7148394547186
49.90420129412689,15.012046320760197,-5.011849798093323,46.41242503235492,0.07611235745745404,32.81242919714814,390.7281495540458,-7.449783674044312,eco,clear,highway,209.8299240951109
64.63806208468786,39.176735075905626,28.84156847241443,107.84481954897517,3.5040124065097196,30.913736357986238,77.98355900890492,-59.86349141978287,normal,snow,highway,189.47078533735888
66.81767977827899,17.377488183897864,8.570845599661606,21.26668599677636,2.750698374126584,29.372599550105086,86.0463369652218,-49.65667681505306,normal,rain,city,276.1289515826858
63.2527446075693,20.744688447243583,-8.030491855515667,35.08169090581818,3.2539857086003976,32.74761391336448,415.4615626783788,32.08401666877501,sport,clear,mixed,201.18554180673786
73.23703957769646,26.587091858972688,8.16230892810886,66.16050512388912,4.065923350997979,34.22877823605902,306.06981728160855,-76.61281234986761,eco,fog,city,349.65787182582613
31.369012153732566,29.545762191483107,20.53213754608224,38.3053243064727,2.1711388849648605,30.49917827093756,302.3578040769862,-62.43563780106454,eco,clear,city,152.54206159497156
56.11273997912116,25.649853474418254,-4.037491615926672,50.90846943543281,0.6225773441681021,28.206883068308777,239.67288568167,5.60691191426281,eco,rain,city,271.27497190503067
19.38023225275129,24.621364949528818,36.20172462151273,59.09072272783136,4.6999164269541325,29.714751878023872,284.4975072011455,-91.2453944073973,sport,rain,city,44.62792527783222
44.60601948803313,43.917480362195654,-6.1163793363580705,102.76240185762104,2.7263106362342864,33.45918255114263,300.88484518590553,-74.61460011592169,sport,rain,highway,121.45107083485551
53.8900361759138,34.24739043730183,36.50033599165831,62.783070433043136,3.0764705954427014,35.91277101965538,483.91311742179016,72.67058779334977,normal,clear,city,216.62498887991782
68.70018335909252,15.702988661021646,25.356875896784324,43.49518183374726,4.667057147758756,28.10700991527021,111.48665373378964,69.22935315899915,sport,fog,city,215.60022807127484
95.54779473275832,27.905277253329395,6.485608770710179,29.728339684213893,4.657918281551315,30.449228497056808,107.28120985022954,-30.444778990603567,sport,fog,highway,296.08486286238724
64.05859598935203,41.250260992319106,9.537517385454663,49.04111745506366,2.8604730336408677,28.49616696359071,28.60924385265784,-30.40173693776312,sport,clear,highway,202.91478705240397
76.92345245589038,24.04368559232004,27.04046823663721,61.88833252972439,1.4880571236071305,30.53079430210426,329.09939940466114,87.30308985280072,eco,snow,highway,279.6758782927102
55.56394535456825,17.83669034323165,20.073555044060367,89.53378286438836,4.985568170063696,31.24731474501937,274.52109041113096,-94.83177218559536,normal,snow,mixed,183.4043784569073
67.06936282386982,37.75154314769753,23.582146072747257,14.52585314068064,3.40408544976768,35.36689673557004,55.619601923319884,16.059102617054165,sport,fog,mixed,224.97653987773748
16.383899452039607,33.18041495808244,9.458230825674,26.593102588698105,2.042183384460283,28.64448639523983,182.2694675590936,19.478115808145475,sport,snow,highway,24.798901338166967
32.89524227576623,32.10937523479512,14.39067409037995,45.558481904240786,2.7991840142679485,34.21707242452616,89.33160266560192,57.57741343633225,sport,snow,city,95.21093302881394
42.56677838846248,16.60729678822224,39.49337420189467,43.24780861434175,2.079170251340148,31.164275168503707,165.74087020043078,90.35010316452014,eco,fog,city,180.3985152807386
52.524401950586224,19.21497029386552,0.6961435249858852,47.00977051262541,4.441525761483237,34.490102797335425,475.63208469730506,-28.83448259133121,normal,snow,highway,148.0528210281715
14.108387095214535,33.67648188639342,10.892809326106569,95.22255175683895,2.4124968743287307,32.10721748260497,341.65941944026446,-12.43330530879976,normal,snow,highway,33.85514113136966
22.60216877979859,21.234715243765073,4.591159378698364,38.898528355460776,4.117641879906236,28.314256310747282,3.784550397570974,34.25969610403547,sport,clear,mixed,56.985284612601696
34.91328770121752,30.12210239245273,28.25557552199249,60.227781648319755,4.2008814891150195,35.56964707771871,126.25403689206183,93.45432446883532,normal,snow,highway,86.95695587314263
97.43794218109456,31.346450580881804,28.200631283286036,74.86884394294758,4.121661688676242,28.661872507476176,5.180773538889516,78.15847074734151,eco,fog,mixed,446.1954135612075
39.82123063927457,23.505215708128183,4.6222730498697935,27.861426022032614,3.6109430623783725,32.78146802027005,357.4342493843404,33.4106006540089,sport,clear,highway,114.09776681941449
53.383695230087426,43.452754666244786,-5.930484168350855,86.24344645770466,4.27438858403791,35.02134210346813,234.71090102773917,71.34471433420441,normal,fog,city,188.30287644615348
27.648794146455366,40.273923205067256,-9.428366166389798,65.65335836859371,1.936147898114846,28.63815838200155,497.00934590719464,-82.95911382171275,sport,clear,highway,73.24026285800005
64.97020639681915,36.67120522898395,11.372526662124276,53.613739563765364,0.5733160307098017,32.4311471073281,366.7916305113291,-24.57461142962947,eco,fog,city,343.36516371816543
35.26148939643769,17.339815992282272,10.516879716788544,97.17408320859766,4.2122710218625725,34.59431900419562,258.95647135394097,-97.38150086023056,sport,rain,highway,90.00843785831304
28.62933205945841,18.183900579270585,39.419493931993145,29.21943110222184,2.4908420784367262,35.89059766916637,402.3527141040676,-64.50555234780992,eco,clear,mixed,113.88215280589377
56.491536560138115,29.783440375948672,13.490103784883981,105.98111647371879,0.6368801626392551,33.794619206512166,352.401825617038,26.098514240480398,sport,clear,highway,180.4902127228709
10.495521924437874,19.82140047572957,2.8209184787710324,67.32584824400445,0.5765626109100397,30.226675003706347,121.88808881799356,77.11232474673335,sport,clear,city,27.08151230443376
10.68976293843028,44.34796390588422,34.56147205157337,73.10098552555898,0.7962119700494635,33.596562638763274,265.12913741375826,26.556061998359098,normal,fog,city,28.105065471178634
29.7161928191672,19.755607020822282,14.553397482678925,105.00707570027313,3.754866298335529,33.646134154461116,277.99936241703546,32.827621401713344,normal,rain,city,92.80530918505886
13.304922625073903,29.62403506391922,19.95878176052889,98.10992254192031,3.5542833673314056,33.59972809683694,225.6158493039017,-79.23567894875963,eco,clear,highway,31.74194708099251
19.722317871762222,25.923631705245164,-5.216564478589366,72.18744825862804,1.0190934009244161,34.834083496744846,89.59631142768099,32.97209818267598,eco,rain,mixed,88.25623634424761
40.49745844048765,34.181592643622935,9.145820366488703,90.38252446178089,4.234617090548976,28.699040500155927,111.6845258289435,-9.1306565261618,eco,snow,mixed,130.18943221197736
82.23271116218315,18.871092266682748,37.21118372368934,51.99833882794762,1.4064739776412245,28.867358763323466,140.52370047798078,30.28804631636467,normal,clear,mixed,336.3514097705948
61.484377903237075,27.909492841271728,19.47526920877127,65.68533041996955,3.9649279165747373,33.12493699380447,5.127574689081871,-34.76537809403453,sport,snow,city,195.12350856075997
56.14009533607748,23.241150984214308,7.2250927571230825,7.448416405021336,2.4440295386747097,35.631048768785504,458.4719460847547,16.297188332634022,eco,clear,city,271.27344129500545
36.413994088730945,41.63254574015064,21.283359031579653,10.782950160005619,3.6577434126928305,31.72670911135397,343.0479957917394,-15.186140633802125,sport,rain,mixed,102.34845611117959
93.85783474895348,16.217571364040854,35.52055447890581,99.53104850235985,1.9069383153678294,35.6845016130054,344.80865789223543,11.727411087012158,sport,snow,mixed,287.23183747764
45.73135371134725,42.41182482019378,3.699530023629503,7.160598681899599,1.7357029854738797,35.50468207612923,286.1653069045607,-70.58209633404,normal,fog,highway,164.7303664091002
17.838349011619435,39.98982415659001,15.25583592353372,20.327895075912874,4.206797994796662,35.22327790587455,344.6554040805296,-20.835029276542997,normal,clear,highway,46.29412193180171
65.53598645060211,23.927121493224462,37.93453269558777,95.49991907405298,0.17651127257034827,35.27880779891268,490.9312749368182,-25.144268548629185,sport,clear,highway,217.09990167732795
20.245455412894128,38.67871964031314,-1.3801928350773665,0.13751407539075444,4.873684736287537,35.18655034662389,192.58016881724666,47.27890413056167,eco,rain,mixed,45.686325808688935
41.07008285215229,15.936406810162428,25.983196279835575,33.88851946150372,3.240897791326867,34.55911506831346,356.2627934382819,41.28190279361311,normal,fog,mixed,142.9630674588422
55.6670744846028,44.005966508801805,20.72405041014912,70.08463893919462,2.1624169409972103,33.55983166884264,179.7645021887641,81.7717369462666,sport,clear,mixed,187.25440188234882
88.68002722166582,30.79784827769368,23.98375655703174,71.45399177631559,3.140272655752126,28.195265428740868,427.14439937341297,26.4111184566395,normal,snow,city,318.64593931916374
54.41919223061068,24.09843078196336,7.560981533378484,93.25834898753683,0.6137047322949141,29.05802873724842,429.0143034450175,-37.09057404130534,sport,fog,mixed,199.24560400575723
73.20328894284978,25.877496377840313,5.6939686741882465,60.711150539060455,2.570262276467738,29.073856436251738,451.1332127117425,56.64493264706627,normal,fog,highway,259.78258959076226
99.35351550991633,16.99216060381492,24.210483529418525,61.12822434371644,4.925477616698989,28.188322274236718,2.731662120939171,-0.6004712932747225,eco,rain,highway,391.6170877902533
21.834020790818347,44.680485421261174,0.7771642552272677,87.03726906488406,1.1763471892335342,28.933614147389093,149.09572249804742,-61.30135787418429,eco,snow,city,86.40072053123342
34.72583729675676,16.178758354520774,10.982737242950257,59.83493559195402,3.6113904951817473,35.35797146853685,66.96217560079803,49.48229366542529,normal,snow,highway,100.40716148477229
45.511846803788174,34.64721369443577,-0.5912676973541,73.01893038763401,2.1748568791585035,33.310434295286285,226.9930989450784,-73.4937208561542,normal,clear,highway,172.03052926690114
47.96453606849482,28.28207783119375,-9.584757943833512,107.73288819060612,3.262290742439768,30.49658414636338,247.7248213396489,-64.36933375077416,normal,clear,city,179.04713113862036
46.99189677389912,43.46748654566145,38.50286800190347,48.174120913484636,1.0244361434588773,34.34688009789344,127.95202141482775,51.75118568702945,eco,fog,highway,188.9983551538962
91.68499023008994,22.379992209203856,11.585148932820953,46.21500851030667,2.3523249130880117,31.90695589563881,361.7232460225352,54.0289388142576,normal,fog,city,400.37982216375383
74.26293800201708,30.96260471814034,38.46748072099126,0.4258790237725574,4.900463569296376,29.13701629532701,134.88485859448468,58.15625376084307,eco,rain,highway,269.95219763558407
64.71146926816334,29.47068625748259,-2.9838240116086956,73.61115138254783,0.9764357550800479,35.07601664981194,426.9456876416793,-41.334975116576864,normal,fog,city,285.07882217683
37.84354460765039,36.08599332150304,19.3683389728743,3.5726288888558377,3.1822251392437857,30.70929556989178,88.82968407089342,73.31749147430378,normal,rain,city,133.04181740962042
84.14113457991652,17.040306958572614,0.048701639561979704,60.49781876739795,2.877988743833977,33.590873844239155,183.6176473826418,44.53362719241457,sport,rain,mixed,287.3292976512296
95.95544603364901,20.813673900700646,29.50370634816374,96.5080546838672,2.8252579314520165,30.32475328399686,311.11887921215254,66.7934819102681,eco,snow,city,399.44421567772633
83.90784542952039,21.436944602785495,29.18514943804876,65.99052846235958,3.0756164482580854,32.0005700053904,302.66753523162663,41.721096949377994,normal,snow,highway,258.8637141336447
10.140859467232561,37.14452264525069,-4.3696425480344105,32.35633982600112,2.5111898684411402,34.530021692243324,39.01455600257175,15.919291749268112,eco,fog,mixed,26.319886378052185
67.27612331650664,20.674160889802202,35.60322264381946,94.34021057392455,0.08465375128829,29.254218771394942,423.12930609547413,-78.12104568519614,sport,fog,mixed,245.69848468899986
14.602184329789065,32.204752916729305,-0.26851763983876964,32.36604048990466,4.500484057315589,35.81801116191423,299.0324667148876,42.187242390389855,eco,snow,mixed,28.34650207680201
33.18464983003497,21.45731461502861,20.64886707946802,87.96381371350785,4.134894137420154,28.56172738288581,434.9297743535842,38.09215509163681,eco,fog,city,122.58364115513814
15.357223031299451,40.848748502519356,39.281681004385206,73.23101462282776,0.8708384046056067,32.272071277924034,433.8177891139343,-37.50177334262792,eco,snow,city,52.30484142892881
64.34159076544489,43.26556363468916,34.11982673831819,20.399555609760146,2.0663658868943453,35.32820415481558,272.9593451875155,47.16395380928523,eco,clear,mixed,305.75257569387645
71.79309221433462,30.554789248267213,37.82819642805845,108.61606498130229,3.8527449034678396,35.5655510790602,455.39072865571893,10.090910686265502,eco,fog,city,320.56919583597954
20.30388742593146,25.56926652627535,7.129938560905973,24.077241954863485,4.900311576936422,29.85687170303821,424.203899406728,11.881247708682992,eco,rain,highway,36.56281597038319
44.54549947404816,22.021733250524974,-4.721217889026832,118.75044889688039,4.755685232208932,29.15187984971847,479.06147228088554,-26.47906424285749,eco,clear,highway,141.16613201816804
51.06128580599878,16.493430045691312,-0.5826563355274956,0.8772586385928927,4.496795998380871,33.79522400254313,425.2491992797032,-76.64299173197269,normal,clear,highway,154.21809223558014
43.214771958482494,23.05500228592486,15.024744753830692,31.618005257148365,0.7918694864956982,28.335788546209898,410.60192550057474,-56.6143084268022,normal,fog,city,189.2103799100354
20.892250043667374,34.62707339835954,29.661483913666103,23.983235672903863,4.572375530045024,31.881911752242516,234.68024033845575,53.76633066721163,eco,snow,highway,49.71263573905848
47.70530111687279,31.008507939276324,-2.492317790806239,1.6792092204555154,4.392224564755397,34.370841814345454,106.01553018896387,-45.711689900621224,eco,rain,highway,177.77749745416867
77.60602430275763,43.321238348427826,22.986576613037855,87.88414801767787,1.8847495558319478,32.48203779613467,455.354366537743,-99.54938913287769,normal,snow,city,291.5974209140096
16.39068980799299,26.888317874751017,6.178880201975591,83.21109625195155,1.9726129726813102,29.504106126192042,361.27459322303787,99.40348422631001,sport,fog,city,36.34652883571349
17.21620126737131,35.81590026985184,7.060103619607673,95.08211572259165,2.2995446097758037,31.896354395759705,140.87393209926014,-57.86355322992583,normal,snow,highway,42.6843101317397
41.92941626523858,29.67968242425364,23.095886507896317,30.80382557574783,3.280878154832085,35.37019773159114,170.49786137782124,31.076629774078754,sport,fog,mixed,140.2770083818406
94.75531404570326,30.37728647772635,13.349970976661012,53.32022004995639,1.3041780799150788,32.937703824354216,343.03925592861026,85.38440091499874,eco,fog,mixed,461.6370641335641
70.17153820506226,23.033229438123527,30.601664651299693,79.0936225945857,0.11474214719972342,33.77192502055216,238.90865417683543,19.9425469267874,eco,rain,city,351.6806709584809
71.08029610053083,28.648523305259992,-2.204074516858647,52.77222046657723,0.7061476229862113,30.69011103730012,40.74128092318413,59.80612301689149,normal,fog,city,320.6182879526001
42.572799175407845,29.123549910381218,29.497413488351924,83.6790924381499,2.2005795378838684,29.507870201340943,70.7239728728285,95.27434242976298,normal,rain,city,168.87789520611278
63.42947120876846,36.19927565246802,-6.788237597128957,76.07680901285306,1.4100128471310092,30.04513783919683,372.8243417561556,72.07268518595714,normal,clear,mixed,257.4143788072934
10.911806562496905,43.219199975583415,-0.29730598771975103,13.757736362661177,3.822582805180659,32.265420750082356,164.28476424091542,11.58081773567234,eco,snow,highway,12.265651251831823
67.24864417685879,24.879638324475128,22.807485725158273,93.72517452923617,0.5334503527463569,30.24176122888563,253.8247142010196,-27.259413903584772,normal,fog,mixed,287.09795953863863
92.1958252818613,16.26601405743895,32.746282825553564,86.48116309110219,4.587326127774019,32.33571829940881,383.3107391267629,-3.507110167208083,normal,snow,city,320.0051434961372
65.13161215103372,29.888853765019192,2.633981386967452,78.70012651408864,4.476635899719556,33.662335419009416,375.58779685302625,68.36523363810886,sport,snow,mixed,169.25254627877445
88.63287341197105,31.333839964475057,6.359580291445646,18.61123275252028,4.543784084666441,33.875167009362414,83.50751344363694,70.67092203012805,eco,rain,city,412.4207663371726
75.15757499194844,20.053216533957457,16.856037414336996,32.15957385544364,3.6980499930166335,29.317479517288746,49.196932199517654,69.17098447167274,eco,snow,highway,259.0968248217579
20.850257476332125,37.813938188282,0.5786403244651162,47.18124379051205,0.5349998574179965,34.00344679067091,295.57614648254497,19.444880550002196,eco,snow,city,77.45915153527108
91.22079765572576,44.547873253244745,30.55781307937528,33.59155459877321,2.190687856847834,33.38150511673887,370.8164369656198,-4.608816448477413,normal,snow,highway,282.84201257264317
15.97994599201974,43.37324151025383,28.68183225028804,27.337234881135775,0.6570268590273187,28.096041066949653,74.5199609977052,-37.732388780867645,eco,fog,highway,60.33681293248564
58.05707252929874,20.913181164709567,-2.735414401710919,96.64292041941309,4.938495963805413,28.470977400718006,185.9776436636374,-99.32782896361414,normal,snow,mixed,184.2475616992104
22.79234114141119,41.26089719702282,13.191486590831605,76.58786956322429,1.6651921169933663,33.16999601488304,435.13899798382033,52.89705417219116,sport,clear,city,69.22654717566257
11.053594965781366,36.13480909235054,28.74138833273107,67.85665578603005,2.9266527094503103,31.069631196509675,472.11157078016055,-44.600343997189064,eco,rain,mixed,23.282257921759324
47.98308341148751,28.615396914207345,6.866476555170738,27.114325302390462,3.896965271221109,29.168831996605327,227.03488047484217,-34.06442092293251,sport,clear,city,158.5263268811223
36.55366368887406,31.218329829741872,21.655341135886584,110.16918747223696,4.603080421128228,28.355172473357065,39.757967015416504,68.69624496940878,sport,rain,city,98.0659242032794
53.74004444178427,40.488005249473744,-7.4893439271213635,22.941964691677953,3.7777386292068,29.27518672537945,128.84822810118868,-89.54976857547587,eco,snow,city,212.29330138640825
61.947989806109575,29.404048189151197,20.434438026465898,95.39411193896126,3.372518893831188,35.660111714572935,116.4849601577665,85.52406629148771,eco,rain,mixed,266.8525060580978
13.936516507805262,26.196221073153808,-2.3673509999696494,116.00072000463517,2.3299089101907566,33.82052513256776,119.48186027052849,-99.72761551229871,normal,fog,mixed,34.60330213854415
21.070296561137106,29.797424790779573,31.529166255722565,87.25112750690833,3.02700066875262,32.22164336747435,246.94085268962502,87.83382296508123,sport,fog,city,51.393764478035024
60.27781568053828,32.37389412105148,7.7724731790239225,119.14305302215557,0.4708190442641491,35.53232400043673,291.61282584578555,-9.048301783316731,sport,clear,mixed,209.22373053138338
40.885061785539236,20.672329613350463,4.077693136409785,78.12613403735361,4.419612709806312,32.95288350145283,61.25479433996767,-79.57547496963608,normal,fog,city,154.62277185146212
75.62561387945031,42.027231908009725,32.04444883557425,26.095241232467398,2.718886544199427,33.80516150624534,444.67800326416716,34.83227344823746,eco,snow,mixed,294.90928490989495
68.70624837327458,35.22560846488841,-7.49279884640949,24.458339245981357,0.2006752521747135,30.261214548046976,309.9869116405574,79.17128514424437,sport,clear,mixed,252.48464979902434
86.10439266909161,33.998067520124664,9.83043996671724,38.94771411065716,4.5995106282994875,32.71185474871356,298.6258651340027,-12.385436630475994,normal,clear,highway,305.99966906405996
72.32435440023028,17.984886785419143,8.500177028751569,0.8556024265207274,2.4465098691843434,29.147817954382724,493.63949919214207,38.27158080613327,sport,clear,mixed,247.52484193081875
48.69379696511333,33.125218145177755,4.240018712477543,81.80381640994015,4.342945707805009,31.235865161582204,314.0719887465627,95.87254403785877,sport,fog,city,146.3492229328562
70.56699601549892,18.62881986715477,35.587716600073854,32.24013415533931,4.2844397710267845,28.265922599892882,464.4795746505925,-51.85983525739899,normal,rain,mixed,254.4256040593097
34.784305682987664,17.360930255861973,27.546419675836113,97.82198787513033,4.078757937285574,29.733024700661446,143.12848617989587,64.08989138453762,sport,fog,mixed,94.16909024898744
37.568214890039144,30.819326869271798,-6.8038417904030615,43.100718067116034,0.3070150964767804,28.5989490353814,120.06474517324878,-40.952578130564675,normal,clear,city,164.1077396156168
81.0086643928714,27.08356602139485,25.734372471747704,57.594779215597526,1.2353332271210444,31.10223055605785,258.25934341222654,-14.732480001968014,normal,rain,mixed,341.2699679460162
50.1777564761424,32.6643081046867,16.3649566564397,115.88266998724431,4.377739362327154,34.74428131710792,254.30447381833304,-43.646826300547836,sport,clear,highway,130.11518466168272
81.85423064665173,17.676665041717158,35.04339472007896,29.06065476567325,4.494955280260469,31.023472850760424,113.24182474194843,-10.797650313175524,sport,clear,highway,253.13964676237913
84.01801363014506,27.929491885417754,5.647280867417923,86.55049169156875,2.2903443118440303,34.65311700795715,349.8278284499738,-98.98219351434349,eco,rain,highway,349.6869674154322
87.18061038951554,20.24360145135474,18.708099980479147,90.61413471665006,2.2002073382710114,33.2519865006311,14.81690961834664,-39.3122305339457,eco,rain,highway,368.1013917557728
92.49717122570866,44.6130025777235,15.0377637370493,26.51977890283622,0.8757031694307488,32.076235573046624,345.3152362747263,-10.941187212460846,sport,clear,city,358.33906784956184
48.78866984619666,31.83450637305523,14.478045311380285,60.11962039346348,4.842053943455756,29.895133546090644,228.58894306165007,26.448036741219198,eco,clear,city,213.9738409897381
38.698013648902496,35.62310582822602,12.805269975860632,42.0242310375562,1.0656923767952158,35.37724874275322,344.50375542253954,27.47227823518176,eco,fog,highway,161.61454272956158
62.39788719347025,24.762548420478232,0.2814737766140638,92.6287492080107,0.9546839217538278,28.433606470736265,238.54031532075948,16.757123694098567,normal,fog,city,276.00834543116457
43.405518109386485,17.842167443380326,27.78549612461964,74.6979982834845,3.3036448507458713,33.51130414159052,488.6668914423475,-41.39363408154062,sport,fog,mixed,133.5460629193317
64.09667501202097,44.2761258835061,12.566801636964435,57.11796658326564,1.2142215150022384,32.96991914247495,167.3424755515589,89.48086318714908,eco,snow,mixed,254.76436362762257
73.50272763794422,23.587771061495495,37.92581375013029,93.52359180572618,4.693858055071949,31.528332178052214,491.2864685011941,-21.606035251780128,eco,clear,mixed,319.94331839248497
71.95645166429232,27.714245555207228,3.040421359638815,28.218668401010042,0.054534976588974104,29.922567642340844,32.48697123948768,-56.62121175218844,eco,fog,highway,333.76686764598173
43.70975983181092,34.49591765107725,24.137191981352053,90.4346256701231,0.028766311616506557,31.445567494762134,341.88038737877827,10.90258793359746,sport,clear,highway,140.9339402154432
25.017418152887753,15.740918930583339,37.03585398195542,103.84491745113893,2.5243840071779977,34.98218180442736,227.10960339245605,49.78573397618271,normal,snow,city,63.15562349195007
48.74764046159868,39.30777391551861,23.172916150804625,105.43459161690869,2.44031229956736,34.694128882039635,411.0688127648501,-97.55328543554675,sport,fog,city,169.9688154477253
22.833472967371787,31.097345700858607,33.56364538086973,94.04083116235246,0.8168201095045524,35.53104999981623,394.808034858499,-44.731198520890516,normal,fog,city,92.12782027516872
90.10873316654275,23.346515612064664,31.374047987850304,48.96170003979225,2.4725978148514223,30.462345653001982,400.10509143796867,64.99557052000597,eco,clear,highway,380.3255457490488
41.128971466407165,16.84823955877408,8.005885774450192,117.81696272613924,2.0583055258499323,31.096833266950984,47.36929965125986,1.404218677119644,sport,clear,city,141.50458163439018
23.90137725009914,19.874952464233242,20.006196996974825,45.55123725869279,4.451647626711844,28.149809221278908,411.18284993064736,-18.30233908401719,normal,rain,mixed,58.25841545841829
12.29029839151758,41.85101576560311,-2.18693300943222,76.63504789229108,0.04626960108481737,35.543599957760065,107.02007872188047,86.18025591646236,eco,rain,mixed,47.95804135407909
68.12401476578358,35.58072671807673,16.776294134779977,19.32890136833624,4.881349025164761,30.63512073453815,12.840131929517383,-82.09298057543226,eco,fog,mixed,306.2342205529766
67.3212085709269,22.497051649106695,1.5210985907168606,117.65386783636713,3.1219638214792123,31.233310572263946,108.8693598422057,23.11404015556981,sport,rain,highway,192.67887901777473
40.65437499231625,16.968022948350885,27.186840747622277,84.47831062375958,0.7592172282263782,35.262436891579156,239.64255234991637,-31.562256751244604,normal,fog,city,180.96125613240494
16.45406999628859,35.71845937159909,16.40292109460623,90.40530542956421,0.23380006905583117,32.212787441334505,371.055679955716,-85.83532034141486,eco,clear,city,76.61328524595056
46.86660054057088,32.172231779032956,10.561368131583023,7.893204409337353,2.6905282927961593,32.529396334043824,109.31624041642685,-57.251098277835965,eco,rain,highway,194.33429880730955
38.00957455570543,27.13558573374705,3.439854808348878,91.61013770648061,1.1744508298591005,29.409862705207335,56.50377404513568,25.586642603456866,eco,fog,highway,166.09585611857963
70.94085757615085,25.908343475701916,39.93492409206434,92.96681150647215,1.5058276850062962,31.989280166549236,322.9836275119711,-94.34461322908851,normal,clear,mixed,293.3515205565349
64.52013245074212,21.50442827787325,-6.414473955753365,80.61272716346758,1.225660824172568,35.345668807270194,491.9490181800088,18.449763077870188,normal,fog,highway,228.19315996783465
42.8134355377786,35.08833769612553,-7.821965971378999,35.02915365484124,3.250861567862554,32.46974470486341,300.435151042809,91.37008424346087,eco,snow,mixed,148.86315869504932
29.61032988294911,44.12004083381612,0.8628700246932279,58.762805059305784,2.7676448105806677,30.040930917118065,345.52868206171087,59.01921247405386,normal,rain,mixed,92.25920247891135
98.92323695400327,20.271457375104774,38.55362293139098,13.252124557045978,0.3898721176090575,28.249446913078103,280.58372187321004,-30.88058413323087,eco,snow,city,446.20736163547616
50.860145907650335,32.913498600465104,38.961908415999225,56.590447975098314,2.632632665875877,30.690414187632545,391.17422211425196,-72.35847072767834,eco,clear,mixed,224.33112897805466
71.94468122022133,27.725551672379286,22.746386738606795,29.25886231204858,3.9559488278164996,32.58072731251566,487.9022101047224,-6.987113217404286,normal,fog,city,290.3856546122235
22.64976708205247,28.40066165233995,34.005333360320236,41.891638379289844,0.4059729541016216,28.34090630696664,272.0646147020924,-21.409912764318918,normal,fog,mixed,86.91241240792085
53.703072969345804,22.624418403834433,0.6980865420397695,19.51204900844383,4.4486948811521,32.87834061832925,208.39525587136293,94.3465920047704,sport,clear,city,175.37804780395146
12.478304788251894,39.754046269842576,38.60210470883118,27.606524129627644,2.8915332472386455,32.1873106169449,430.17153058006323,97.9736109016844,sport,snow,highway,1.4478519305979907
55.490960611940494,29.557668124417233,-2.860757493021767,9.18823701841395,4.753122346351583,34.26748375333257,484.864171879995,-17.883068735241764,normal,fog,city,206.71170822570423
96.76156664059322,31.302175565947923,-4.943740590917086,110.38816397243056,0.7407060886118783,28.231105378175695,64.59082043478398,-70.24320329401263,normal,snow,highway,314.95930843634835
44.57860416872202,24.142827383919773,-4.389423037636355,63.6492825570484,4.967824996766576,34.2467787585499,289.08548273693896,82.12190992858103,normal,snow,city,127.83562636658823
13.509641131742043,20.454253970008494,18.656396163628234,47.60903655152876,3.221364329848384,32.16701636606486,396.22999627299873,58.70845513339867,normal,snow,highway,16.7140581988776
12.786021182740917,17.577311646084613,29.04872003590262,64.20350553225407,2.837470997405314,30.964234662237693,266.66970257819537,2.2548413311395166,eco,rain,highway,29.669282942503735
44.91880839521826,36.42357422774748,8.333358893731656,75.39518741778632,2.5763981205604267,35.72306381087059,204.59848409647435,-26.929071396971736,eco,snow,highway,161.01963992640768
24.402244281687466,20.88702845063567,38.89479938930633,110.6254552043219,0.11827186549156377,29.280956377888423,327.6149105677103,-10.366834480054507,sport,rain,mixed,78.99200642612446
12.101688669536731,35.70226062566393,11.721006905916475,21.4431542743576,4.69819595774789,32.33060095272885,135.06404725667414,80.37623506102207,normal,snow,highway,0.0
78.05922525551591,26.711293381408616,-2.477572461339186,35.46629983622611,3.2199723642709914,30.567851788739826,174.5668714691847,-63.071310447292305,sport,snow,city,249.99791650355803
51.26707079937016,27.473244029689546,13.298337409306836,117.09472036129377,0.45813242249645614,32.21989103036269,496.1383294406723,61.3567042246942,normal,rain,highway,173.54827339498732
36.032029477538906,29.07532488278315,23.951858271121992,44.54315839782293,0.10476085147262448,32.4182036206433,318.23266718724767,-96.36187343456892,normal,fog,highway,136.53351315609794
91.00748647148326,26.031255243826294,31.611289025218937,2.707398090879316,0.25391819618375666,28.715585987398768,436.4636491555373,84.114398628417,normal,fog,city,402.4038924910789
20.452506418047307,18.0185993166777,12.938414497829644,17.717219116459056,3.0469788171612033,33.289081175346794,403.88425651857176,0.05945592924115317,eco,clear,highway,59.61995435790659
96.03269460597873,24.288954300085372,19.680341302458373,3.160644209826242,3.070077074472926,33.075851967352094,326.136277197012,-54.650434731765564,sport,clear,city,361.70192028050764
38.25700456396176,34.91203082081815,3.3672356079426677,118.79077709048741,2.4983364589072057,34.15573819707571,420.3645412293866,-99.42869943656352,normal,fog,highway,127.98506550599326
89.95633050778132,34.97353204406613,22.2958263202757,33.46450187894676,1.5338291032647577,28.725267949273366,143.5792477167855,11.909293748954838,sport,clear,city,341.6451319656622
64.26485888315153,23.58672921719983,39.29859719751718,110.82513083234713,2.6587136580732067,30.378068375229503,318.5582244061492,-51.10242588803238,sport,fog,city,221.18114774950564
84.40366237673388,28.803078796730638,-7.547321370610307,119.50635309116589,2.5815091043812894,33.20088479782481,295.30174476199045,26.25286720216866,eco,clear,highway,350.9170083061612
98.56118468894178,20.803416840358125,34.32653353525839,71.98094653717371,0.09707779938282812,29.093846607324867,311.2098003966724,-43.76614370959055,eco,fog,highway,445.66071924830544
35.956489403687115,21.31116244589507,18.11412513837614,3.9835578078674105,1.4123461516374902,33.42078568630754,84.3159635733876,-82.39519416195462,normal,rain,highway,127.6353506015043
96.50219368668337,15.691412652198222,2.604932978114997,9.790995646431234,0.2659267073357474,28.472213686563386,138.6215199990342,1.010325968711868,sport,clear,highway,322.85769885283116
45.05337054121783,41.90239649723234,37.74448550046289,57.79068661294533,4.500773757238277,30.67945242367702,143.32915939626955,12.897147257628873,eco,rain,highway,149.26888120484318
44.69607142632301,21.321199952247184,14.167715152944947,48.74064154937832,3.626115813925677,34.773688978660154,300.9730812863816,-9.481994892089858,sport,rain,highway,117.38308397569278
40.63483938290551,21.826016308093898,6.58451258366928,72.74127669381213,4.980575850964561,34.19433032304928,486.2734402198931,-8.392889134043727,sport,rain,mixed,101.96526144128164
58.72668466128267,23.388042979353955,-0.925118586457943,52.661737165363675,1.5108563165264393,33.158085721816704,477.03377559107406,17.930025580003075,normal,rain,highway,202.5799522373391
23.873053886063836,18.82224215086287,2.2226105128331035,112.08922191257813,4.392429238784551,34.96366733300081,113.59477649484828,5.270701882030693,sport,rain,mixed,61.00065270070779
59.834033682221005,34.17788649544089,31.64245207957213,64.16876584962132,3.0152713396624087,33.674156353377604,152.42262153338626,-73.48649222746837,eco,snow,mixed,242.4212447842248
58.75343311690036,17.254288595327598,20.72050046585829,83.24712737549306,2.2656270345180247,32.15500084168642,18.03094613958356,-60.58287070299353,normal,rain,mixed,240.02961349359524
78.5711631344383,19.026072789790508,35.6622809744158,107.57823271709958,1.1128655564431755,35.837740003086296,199.40779492969708,-71.64179171418999,normal,clear,highway,299.3220462594754
85.0284965743827,34.34270179770279,1.598422607889292,17.624625099984886,3.691960826430714,33.55884863831456,417.3370608401818,38.65911644394916,normal,rain,city,331.8377666642589
49.639721528118166,25.189818614443283,-3.943071307554926,27.568158494223425,4.5207037445215,32.810937414504025,457.87586949307,5.719682433393203,eco,clear,city,212.71212168581602
37.20999244163444,36.23843480103567,-9.6956234512205,12.878239256881807,1.1765419903768537,31.270964487628518,118.24823978397181,-14.028975293814355,normal,rain,city,156.4949870719951
33.3401407585385,31.72274234010426,15.39310188079969,16.756607907589473,0.8769516748680628,35.2192999886324,132.89723674441962,59.66779905456988,sport,clear,highway,102.5261969057217
27.516145303438474,22.68063519184539,39.91534651909941,61.510076032107975,3.481109575024335,30.365672764839942,110.42490825437685,-34.841068047838974,normal,rain,city,90.31122267052693
15.18828239791224,34.52483851467984,24.74826344093195,38.54151107609568,4.884865813627596,28.07375675368722,175.05178378728937,13.621332618192213,eco,fog,city,19.031504568541678
40.8203180951242,18.48821040878642,5.4197295982573035,50.780740743210586,3.74977550552039,29.573924179458878,402.37969929527236,-85.11847970196031,eco,snow,highway,128.78709902812113
34.322292291770495,31.092311492400913,33.84292915130858,117.89877981528741,1.4229036952382446,28.876139935538873,323.42873494223005,48.88081676502239,normal,clear,highway,110.88877541480174
96.97756472797666,28.11444315135104,29.086113299397987,18.804521735513774,2.099777120738928,30.551950193384577,392.97045893185003,39.03848896311797,sport,clear,mixed,336.24494266229055
60.19379436250395,23.036207484523224,-9.229241696173037,64.89744849576907,1.9215881772918586,34.60702941966764,291.5155531676531,60.47592585937639,eco,rain,highway,229.56534261621712
41.25493351274568,33.120149932185,30.843024027051122,11.864538606438115,4.260475090235227,33.21223748292006,128.8665390295734,76.89519160331074,eco,clear,city,167.21366028868044
62.24208408943264,41.14000777020848,5.026337861924798,38.219557591665435,3.856853894361119,29.3518447138697,113.99709010627207,51.605653459083726,eco,rain,highway,227.74713438290354
22.527703121112594,44.9671409928923,-2.516326770819946,63.30311084095183,2.9448771738076007,34.310573768738706,4.500352931874896,68.89797802545877,normal,snow,highway,48.675628242843366
49.963937428198264,33.23288306230273,1.3165419868537285,113.59580951584053,1.374795551984516,32.03375892879522,390.49106843703623,-30.869080207655088,eco,fog,city,241.50140120308168
66.36108892789574,27.141176229875107,13.428990218756951,46.94738655401796,4.689942638610281,32.10171699294638,423.5606130823589,-31.33252759701206,eco,fog,city,296.9612091282913
54.000804861320624,21.75621300648605,11.243396353400552,7.788803545760379,3.266576123845733,30.896897447846985,384.14129981420814,88.86016397996326,eco,snow,highway,183.036548189707
46.160092058889184,22.71288268185335,4.444364968711337,46.57937375523803,4.852383232208912,34.916930918576185,37.201028864245366,82.91490726524097,normal,rain,highway,137.53632529017537
99.44635500097283,29.38364934449297,-1.389083889648365,17.488941104877327,2.900585165210154,30.54661843084634,381.110813584933,9.699468221044498,eco,rain,highway,408.76324000716824
89.22832859340343,26.018331038421277,28.111539482108462,27.598753594973434,4.10596379181807,28.75311808535751,22.883726575134656,-26.688242945470833,eco,snow,city,379.5768550865944
66.10653623434962,42.414435678748326,39.505489186745855,74.17087477979885,4.065526896972634,30.42183195177556,52.79653285319558,73.20030605176007,normal,clear,mixed,258.89703214128224
61.24396250640545,26.048864029671286,28.88957902098452,8.090863944441802,1.6866438841679603,33.722828370143084,220.23768646633363,-35.31777351452676,normal,clear,highway,230.07823675459363
65.85944318421257,26.203337734363064,4.796848383577061,55.76685075000449,4.820103614786141,33.26065509442663,238.07350446242003,-69.27298342111112,sport,clear,highway,197.8633875014598
28.118089704018992,26.50603537301931,2.240448070606668,73.13539032129172,0.10970733798781995,29.504137228428622,408.05931830934816,27.898535001096008,eco,snow,highway,95.56957813378011
45.56239689378867,40.09860631102974,0.8832938032969118,50.623007084099626,3.843554543837071,28.894274392839534,339.76344602045526,-91.47563805340661,normal,fog,mixed,172.41640553221526
13.551357960180939,34.52364962540706,-3.165246275548186,2.295162074847643,4.827785428820219,33.28692606721397,76.66008931560813,-24.179618766702404,sport,fog,highway,9.542366730323428
52.7991433738144,33.42506550956678,17.56652748461506,118.26232282834386,1.694541016418614,33.411014685239294,113.07339161440066,61.532763138924395,eco,fog,mixed,240.6416478914595
58.87221255618969,25.024290671515864,20.27001859766721,44.05389208086424,3.2405529389548597,30.929197097684565,142.8375941293434,-40.956760861433054,normal,rain,highway,210.29300735689046
30.497476249288862,39.53712530497319,25.275133033156862,93.42926243199203,2.811116249221053,34.74241106823264,61.83631872742917,86.26309581470665,normal,snow,city,87.37969028617422
96.76259624489623,16.150915840671033,24.010668546683398,39.07757906249439,3.8075365483826182,35.82564163039933,143.82244317961533,91.16493332332746,eco,clear,mixed,456.98401584290866
91.85091498435177,41.12391517014339,4.616665564169123,57.00201083921026,4.330889608225262,29.645161787595164,364.2990777698665,63.16326015302377,eco,fog,city,424.9807203402909
74.99289119103153,30.382496993817888,6.515550269842329,46.615637113319586,3.01522284649774,32.61654972564823,120.70073505364148,97.52866379841254,sport,fog,highway,239.1294367844544
58.004796588882634,26.947507045902384,24.075726772116894,41.10470754115292,4.0795229319072845,28.042770632031512,417.67982353019323,6.152822302287532,eco,fog,city,247.9939114339601
88.29722436829165,29.91501842153057,7.472382039181415,2.6221652649334493,1.561427879446276,33.704435168210296,234.7584975626039,13.839910427794308,eco,rain,mixed,407.4497692839015
21.758710944111662,35.02246591601494,0.6311594809656516,43.20251254254042,1.1429352935240844,31.314256908506543,161.46788062219443,67.23336305409569,eco,rain,highway,72.86860210128032
81.14588148473965,15.38296279553692,8.71680768483698,106.7387988479436,2.153338447664201,29.546153815225317,206.20905227443654,-1.4389488423819188,normal,clear,city,347.6710110041763
21.23387325701635,41.14655569374743,3.604207878898883,82.84720063124205,3.388682997903916,34.01777537411501,354.7483702967457,-18.65599863338609,sport,fog,mixed,53.12206724957616
81.47895962944649,28.402185759341783,-5.5843639390711095,17.45074309145278,0.9362347446936181,34.48519038044864,258.3963516229951,22.950718234907797,sport,fog,mixed,299.66255577980303
34.819081142622125,25.288995591002347,31.50694511383268,70.93860055472871,3.401760960759457,28.889332009407497,3.6393319875290264,31.5319021697764,sport,fog,mixed,109.66601148665077
88.93815229163701,19.14736696902171,32.65556945785182,107.06770319386459,1.9704682428603366,28.327966094704273,461.16192329253755,50.17916433923327,normal,rain,city,364.09557333234255
94.96378844428581,28.183961230753262,0.9875150083439728,84.00408491578266,3.97787636946316,30.672627533352937,32.99800150092585,33.64013945201708,eco,clear,mixed,449.58126639809853
23.391637246460405,29.889683138531367,-6.761390023739913,17.842127082803607,0.18417908551651652,33.007923726088286,469.3106744071929,49.14435905266569,normal,snow,highway,62.426195812474404
51.640804455885416,27.109400834804333,26.941371867558978,104.1398996081396,3.3399131891469724,34.347356217509066,14.076411810027334,34.91193417775048,sport,rain,highway,147.40894480414482
98.28886403464166,35.35980281480691,0.5764312931706854,36.18528159466385,3.2491116832498386,32.36849997304366,385.4896674787242,-3.9109522999642365,eco,fog,mixed,459.66325649467217
53.506669237583196,27.62689586277678,9.671774471843012,54.48913731748101,4.704677380626572,32.64599021045584,267.3373540916441,-73.01308313270593,eco,clear,mixed,231.30267252773498
87.71927702630906,43.8425273353972,-6.793237388130837,63.137131162697564,3.5668377678203522,34.39886577402313,252.863090302053,57.08864578705169,sport,clear,highway,263.8081538166748
62.985836991818786,32.97832553470776,1.313479237921758,102.06079252538343,3.981509482116406,32.230746993750074,36.38925127200226,-93.84416972246339,eco,snow,highway,214.3488645480095
43.77969171276417,39.22433806955727,29.64511391648179,111.79289941771933,4.5229550792658415,32.8892359218104,119.37250516895814,98.50001835226792,normal,fog,mixed,142.19393080553323
35.72051999732832,18.280677093284364,30.219822345760093,111.55834533486673,3.3752595914599395,32.12973871981247,388.773658532596,65.69169798793598,sport,rain,highway,83.66067337066063
28.290078197747853,26.91873878837717,0.35424124438551985,0.9545017534248768,1.4507681747998729,35.04366586694163,445.62991496124704,34.182121596261,normal,rain,mixed,97.31551351635044
78.56183722399275,25.105431043414583,6.795692255334476,110.62661827025487,4.34886899791761,29.884132948680712,264.5593405264898,93.32135437089067,eco,rain,city,340.6817733283448
44.78864561407251,32.08447164409775,-3.2880790453128217,6.52643592018868,3.7378905973798755,30.111948676324076,176.6716981812977,22.49405629124186,sport,fog,mixed,138.3530629337257
56.0147915980676,40.83340560184277,-6.291368485753881,31.892838818092244,2.1221880200044674,29.023691692814605,29.971604032105414,-88.71342385113039,eco,fog,mixed,260.2222282936968
54.309293200106374,17.3501465328602,39.60858572242047,61.79854256733995,3.5526458632498104,34.55573401195537,341.0892630331702,11.876434802904015,sport,fog,city,188.08096902164363
61.95511263098181,17.177243941341324,22.779697562241964,57.591082680527286,4.33844438590571,31.294218324498857,139.2233053431413,-44.55916286861144,sport,rain,mixed,201.4140311511869
87.9019431062097,40.50953124472797,17.104825459915936,72.56517526648705,4.878260656956358,30.783151527049952,27.5068574960734,-26.10449440311264,sport,fog,mixed,289.33293015497145
98.26654092250864,21.385502581150725,28.27492502026498,57.5335474484407,4.761757519795276,35.85078973669725,332.92586454931103,-8.082968829994215,sport,fog,city,348.5689037671186
46.68257877164353,35.06259763349441,32.00385798438621,112.12508155685049,1.6266391338207076,35.414426931518285,242.8598967668792,54.92014927775671,sport,fog,highway,131.0278513807548
84.47670298956727,31.286343970824156,30.335738402236373,28.86586178575044,2.108468568590909,35.77590145699809,5.981074850861967,0.5858428741912292,eco,snow,highway,311.79343609289623
78.80750151892458,39.986807846616884,-9.17302753550617,32.8829632846183,0.5476830248868564,29.138391974069542,55.46201955317353,-5.063941834984249,sport,snow,highway,231.43150923179593
61.617605631001595,18.752667295092106,-0.6596050904750754,110.48855228316674,1.23772143509023,35.13001450518533,349.60096462297207,-39.60557245163079,normal,fog,highway,234.44060910848228
96.04424292507397,18.893488971678337,22.745265105891555,9.208741649430747,4.412106042434751,30.629676795099613,31.83566653289427,7.9744483705406,sport,fog,highway,292.52453255513274
28.042706397556252,31.704550808349225,8.787967390198148,73.14729862857719,1.8042496313967948,28.1012541616949,432.9815324214951,-50.321829112936875,normal,rain,city,108.61906665578839
19.83377892786593,43.39135960075113,39.12413255305535,81.8083142478733,3.102763292974405,31.13038668786455,155.66313870996635,-47.801236918354405,eco,clear,city,74.43075341606033
86.85657702598799,27.449932751122628,23.270239631912702,60.66500681156874,3.329828091535166,32.073570825104476,44.33323521821231,51.4517550289041,sport,fog,mixed,289.65288932405906
49.52348349703735,24.808263007640846,37.82744543646032,83.30782545877646,3.90914637571656,28.865763388539243,379.8786890840327,-31.49054709818199,sport,rain,highway,134.87570356567196
86.22719687863544,33.20067969593657,0.07232408228969156,20.73055752143604,0.9140001512281548,32.30142093499405,262.2136172265119,-89.72006541217763,normal,rain,city,374.9043857615001
90.37811846758734,42.91345801635093,33.19785140575115,102.31586793258478,1.5240656730721773,34.555708673413854,153.3200161896488,-31.264542821003843,sport,clear,city,347.00759721695266
15.62118342571643,40.10783498533871,6.0676152907612675,16.80308273638627,2.241681707290903,31.021207606713553,203.04917083463397,27.714441573323796,eco,rain,highway,58.37325903062943
89.51182866874547,44.864508321996595,39.47824041189034,48.09749331788996,1.8242053061913677,30.821158452274418,10.706197802412943,62.79711733546446,eco,clear,city,461.50199774353445
50.348714983247994,15.677057496071313,-2.1155663963426354,9.030912156984696,4.914526164298449,30.71048336184542,331.3492687697145,92.38733627847228,sport,fog,mixed,139.91632152427067
55.9389240103809,18.385744341382868,15.81699094191633,65.42532945808802,4.174704016068562,35.38475556706953,182.88684448172228,49.24408429499519,normal,snow,mixed,186.98155292326192
66.39332599838892,33.28403290099866,29.642226691856095,80.3694968910767,2.3984337731024303,28.390064790321592,357.01878486406486,-14.229678116632627,eco,clear,highway,270.88336529850375
93.3744346057078,39.617293180015494,11.632124030201794,112.94659621143487,4.3963431304323395,31.560609135943643,314.0855729762736,-40.17614415900847,sport,fog,highway,282.4490299294567
11.720448498678763,23.557330269202996,13.404203009382336,88.7203435075201,1.738264737916484,30.116795633197736,325.62709295486894,-74.07400196582212,normal,fog,highway,31.122389316147675
52.91591214860354,22.176332641026562,39.31778977528705,64.93234997449814,3.9291416194513227,35.15045620309996,396.4463555022162,25.537286889222884,normal,snow,mixed,168.9084379233071
71.89498381875046,38.609273981436026,11.265407515057667,111.91404206044005,1.1183779905322684,28.76841810867043,315.57903918812553,1.9766628218012698,eco,rain,city,342.3120308686281
75.04362619284056,16.691455615596947,20.203605029953177,57.41242056490519,3.8616102261318295,31.291542133443286,209.36296462094623,35.540303288828255,sport,clear,mixed,255.00965252167248
72.32791883833971,26.081479427477554,-7.273016966242465,67.34467837186432,2.2822670159786416,31.254529216248685,194.9637808673178,-52.57336870898608,eco,clear,highway,313.4387882370567
22.099161646730966,30.174276677769893,32.110504010513,71.53182332041149,0.5374966049612118,35.10715534037618,59.791053382427904,-35.27116637801089,normal,rain,city,83.86384030729477
36.94560295345131,31.810460230509705,22.408402448977178,49.19756710638802,1.3663122727779116,29.723947560327755,389.72170657812086,-41.5809301002722,eco,snow,mixed,142.73690593941726
42.28439728753121,36.85845470378331,10.201005143140677,100.6179228678989,2.011373120117823,33.15916328241289,380.5542208773109,59.53036843488212,sport,clear,highway,116.92309265473313
82.39934869115545,25.645371702919746,-9.191523002274012,22.221112661407094,3.7464645583221854,29.07524901510231,123.14918354276172,-65.75403702733064,eco,clear,highway,346.43327280841305
35.088388517309774,33.38053034023822,19.583441029675196,66.58106284459296,0.3649135736547543,35.63180571264434,431.3409563490723,21.694423404899112,normal,rain,city,152.95508126913975
28.963446748048284,32.561262683728685,-9.36710857579189,86.66799074246329,3.297734975463198,32.744119674178286,294.5016288953141,-89.72899684817865,eco,fog,mixed,101.33885134245904
96.17032171342865,31.428483019612415,-9.939819304549104,108.47714062518926,3.580068204664218,33.01005384256536,239.34342119728365,9.905515180343926,normal,snow,city,339.8006944149878
10.7976956602122,34.21449879426636,20.80492810746773,106.0702075721134,3.269606849628757,31.47018721328378,8.748150812747934,-87.21720484938882,normal,fog,city,21.8849788480933
99.80387701137803,22.78347513204229,-0.5491466332722865,61.048834731617035,3.803348190837778,30.73826170133058,191.37059293215813,-64.82468184240253,normal,fog,mixed,401.6569920429052
70.9139168971656,17.53946260753887,-0.405622514095235,77.179374139601,0.8908430801141914,29.70141143595901,320.3353841178315,-77.39493958928756,eco,rain,mixed,332.2955149114293
84.56223695042054,18.578150161192305,22.663578291637187,47.30852833551612,2.935516775315187,32.83190203065807,44.87391884419173,-30.654929223314696,sport,clear,mixed,301.5977474009722
36.51574567115738,21.73747147961703,-7.315140603031286,56.18133154562403,4.705724736019399,35.636493962785906,229.78365444377414,-31.25371645845418,normal,rain,city,121.58618644256775
11.288374990035399,30.00593806568356,5.6702780737278164,108.75189510876594,3.0539213490226884,30.878327632739225,496.7179756807981,65.28385614565127,eco,fog,city,9.073243563434056
76.40825667053771,40.2132825163806,-2.5284048928990464,111.68447918309688,3.0566817347647652,35.06525510929643,358.26931860453374,-54.86250972389426,normal,rain,mixed,292.51154978142637
85.07301373006082,36.03880026265152,19.008818489826695,107.44968696804236,3.682198210566345,29.190210502777997,273.4354437508022,-82.7226516452046,eco,snow,mixed,344.9818373836169
76.64285187581672,38.67121812606142,23.08825773636979,16.604503417636586,1.6660211606292952,35.48900816705441,266.51644246953833,20.702358162825945,normal,fog,city,336.0013502085538
22.856525857075475,25.52926871778274,26.056792679952174,102.01008255967635,3.502379506607703,30.803890271184613,21.88254112909721,37.490139920001354,eco,fog,mixed,73.98207259088437
77.80851300312722,27.139612249456505,2.761560845928271,113.80364772257764,4.581169166566076,31.037817692746763,478.65721870396806,-41.035276795709244,normal,snow,highway,227.71439950429956
79.20305038968769,26.810456579718384,-5.537512418170801,43.34996334883256,0.05447736512671497,31.702738056274626,464.0888301425215,20.562823272275438,normal,rain,mixed,319.6273174863427
69.26864641030494,20.756195532135045,-6.065817152905108,62.23755473060031,4.350565205544327,33.7459541595812,341.20235533772325,55.21131360132881,normal,rain,highway,218.6464319584326
78.95043395160276,16.83649974430716,11.307577422536188,93.49143069755951,1.0930916562942956,33.75722746951228,49.505824840774984,-30.489412184777535,sport,rain,highway,242.85901772485394
86.1329295709959,32.7274827848168,37.292220453135755,67.44937650787784,2.279616368501876,31.836708677757322,103.9169483747191,5.070767986622357,eco,clear,city,445.05471406477875
65.22437028137125,44.676500502617586,0.8864517123512314,119.21802260474993,4.261739004763189,32.18522319451149,91.95476793779261,-70.673345265536,sport,fog,city,215.94895350017111
17.974424257271117,20.004891148507884,2.8370800670774656,54.6856038188194,4.119560637283145,28.240083902193128,259.7892425506094,-95.27063978596392,eco,snow,city,46.443250088298
53.88650287004898,16.400544596978214,-4.955559894707053,85.67312534488532,4.459637390630279,30.434373612466604,103.90193725099279,96.27359496216593,normal,fog,mixed,184.34226306893038
16.988440120444455,38.385950454717985,20.278513694696514,95.1109368235853,4.7020839631626306,30.768136593844876,347.9002807720991,-40.053829892726014,eco,clear,city,35.08457713539271
46.678872792918774,22.577580200541725,23.993643697358742,59.29204989101273,2.2357847838587928,32.46981814980607,272.6149429846945,-44.219589855635675,eco,fog,mixed,217.958139393896
46.63958402130649,39.88931416058785,22.146560408038,102.83805668536509,3.2818190540050347,32.46639813897043,8.829088521327744,94.64902663461754,normal,snow,city,153.69335515423404
15.940885972621743,36.118100011035466,33.056512152239065,65.53855094486357,1.9523922026305334,33.679198381822985,372.02861851782575,45.64670475262332,normal,snow,highway,29.279266447003543
41.39384805725314,43.37020611152414,14.321291751303587,49.39809561619577,1.7535835874608292,33.73621836974465,94.41436832697426,17.059577588096644,normal,fog,city,169.38016024058305
19.989828891218338,27.26781707270016,-3.2771479616467776,12.938840862233643,2.1579770529883473,29.881685793696665,412.44255984033845,39.86467901867138,eco,clear,highway,63.88624567642634
82.74116890082999,34.859095183519024,4.470256535220633,47.2096291620509,3.71538067391338,34.1614972088386,177.52271856148948,41.985313339080534,normal,fog,mixed,332.463902839096
95.29192233680237,28.94564342439812,23.12149867106759,88.0723745679941,2.507203735707764,28.156828544370256,169.30983999081823,52.66717605859651,normal,clear,city,422.53727482808074
16.508482773214475,33.917660919256306,20.656098687077993,110.55436940161287,4.0702983722417105,33.72929507685377,5.908667889105268,-86.56215371601601,eco,rain,city,45.24995988816738
95.96036865625312,28.48796718023212,16.550156487148126,30.201528463237235,3.7260923859807793,28.816488828155386,493.8644914615086,-17.433716043422407,sport,snow,highway,247.31102349984883
57.031893940307064,20.658967392722246,24.148220934434356,42.62826207966032,0.10239230562199664,33.83718566736975,306.0021695859319,-40.97393643339671,eco,fog,city,300.56248380127903
36.96091101584865,30.236922480101427,21.869542518664968,18.475319292531147,3.151190785530808,32.21694472454723,211.36508309299535,-85.88607229659891,eco,snow,mixed,137.6960433425754
16.917586774854716,30.857526043123272,34.066244473247586,82.88674730747626,2.1828556165429553,31.498036005464737,48.31070223066952,-17.48020063071425,eco,snow,highway,50.585382105478594
55.056184126337605,39.31811544780483,19.30081887391483,115.22261160119103,2.283144945755708,33.52533111809143,349.5740320755084,23.234697082629353,normal,fog,mixed,203.6161085367571
81.50639900416738,37.065621173807436,28.93006793502782,76.91426638178106,4.091865269349474,28.290966669977863,141.36523499596942,-64.30046400511624,eco,rain,mixed,358.0573998458178
73.63778295400283,34.913748718243326,2.435357798323393,74.04918360074716,2.738039930423384,29.787762605404627,494.1404091877645,-38.99465122242924,sport,snow,highway,190.1533711278297
14.520341031757638,18.401612866577175,23.9091292294534,66.41879166005208,4.428109117294736,32.931521139741236,475.27367957466157,27.834164383430803,eco,snow,mixed,19.44620718676926
16.561165183111317,36.618488719911454,35.10970591913379,10.614688882264382,3.564027961958452,34.777723253046545,367.6483394013943,15.864931511442677,eco,clear,city,45.94119670806148
46.25859543693734,30.00915469063544,9.286616394991661,87.54045917152604,2.764200043820264,31.048861095560937,485.5359651414845,73.75709263464478,normal,clear,mixed,168.6147146179452
36.57614446431489,41.82298608318477,28.95520936693233,72.2459452259221,3.772689880755519,30.070091781068456,52.816931226881415,58.246193930076686,normal,rain,city,130.20696244581868
30.914589075044304,42.59612802391628,26.239465059771767,79.37721226275444,0.1917452546270365,32.14989148631196,139.9576802682726,93.12221045720591,sport,fog,highway,101.26266889418301
35.29040490178423,16.654697718053562,-7.023690156408876,107.85733116329058,0.13541827414103869,32.97852201909473,126.62164439558954,19.43866202267543,eco,snow,city,148.1828157857379
82.31344689671961,39.619246810634365,19.075415481203613,94.07529444732215,0.4167466346042603,31.360824251245973,36.00632922965124,39.69347328232527,eco,rain,mixed,395.9608282381376
93.63052482686685,16.13092171268012,-3.490532539959881,93.70983025854312,2.1878266257357133,35.013685461278044,486.1132989857279,72.1012517628806,eco,fog,city,450.5955139030618
46.45924250748098,26.01508877085068,38.36595861152956,111.26205226552172,1.1772507281347155,32.187509670880104,29.987043323446926,67.99848896505361,eco,clear,mixed,209.88994097170206
91.54999019192473,31.268999268632374,30.570375135032812,118.79219417555996,4.921306472078923,28.28658870056468,428.3444519971648,43.744328405246875,eco,snow,city,366.9838352498392
38.93461311230938,19.443023958813825,-4.513809937643995,69.75392783532715,2.7114506950568344,29.784431637649522,384.0807122884196,0.051241874795010744,eco,snow,highway,119.52246626869322
52.87932877094124,37.3894143770723,-3.9124001176160794,13.06579392373989,3.3120787304057924,31.605176247342516,187.93354373572973,-45.35862235385424,normal,fog,highway,184.31144073401302
30.342609803439974,15.250641125164158,19.72369274563095,55.09558893305237,1.3941006812334833,33.58180415213547,9.403681314899492,75.44315078708118,sport,rain,city,108.29188512976059
67.64284379582597,20.057971453021104,7.244458708659167,94.51213757539732,1.6089845429380438,29.75801795034071,3.0479524909347577,55.331088447460985,eco,snow,highway,252.88385887162264
98.1083003657328,32.42390489560427,-8.254707046344535,3.327038971421903,1.6773095707057795,35.81005951773937,101.99692034696162,67.58139039169583,eco,snow,city,426.48901458351895
64.31437864390408,36.43162686111877,17.082075391652655,6.826492602737888,3.493678525751503,30.54846606550467,246.93829001689653,-71.84213637055916,normal,clear,mixed,250.824897644806
42.203267570219396,42.49929308081748,9.392254984292347,8.05893388593856,2.3685310384465423,32.25984165488471,228.95498909257566,-37.037424362145074,eco,rain,city,190.52645379956945
68.30357013914755,36.16489955803871,-4.946175381412868,87.7242909993973,2.588418262650372,28.15173107784833,292.64628828246373,-15.02299242006977,normal,clear,mixed,278.9127759203485
21.06286106188488,35.15337810764598,30.096019612799132,60.13999542758065,2.9600149107967266,35.079125771446435,385.97965483038104,67.67039446011213,sport,fog,city,51.08099004139096
89.97931722388587,26.83023439051993,35.7538382639403,44.26775322247123,3.844058281191085,34.31067722820147,188.67730743010287,78.57733454293111,eco,fog,mixed,414.15046481381927
55.27755557018527,15.038532765804042,27.8296967007065,12.674045431408318,0.4518487425623907,29.56366403436474,80.18184775465869,-43.021457148942744,sport,rain,highway,177.0607627793748
50.441476783567786,18.604777762068657,31.121115500813865,87.8688300247067,3.884369561094108,35.465893529918745,400.02445841421195,37.28583345315295,eco,clear,city,224.04109224061676
62.727830960816725,31.036636342681174,0.824528363305868,38.52237726610796,2.8161753443758992,30.526718110379235,166.34534066560542,-84.43715876948733,sport,fog,highway,192.00014675023039
66.23054765104622,35.25389657533259,3.1786475459300494,31.838888407760063,3.345477224276286,33.53749030704094,143.44094889667537,-18.08534560624777,sport,rain,highway,188.68062483411654
16.459822560386172,27.523448516893875,0.42637701495938707,78.27830418642611,1.63775882420381,34.5518105441328,382.1560192146177,-2.6661784496229757,eco,fog,mixed,59.498694429575295
71.43554991010622,36.92037034585171,28.253171568278198,67.08130711162102,2.0469341840822457,33.92731568989745,467.0697190415722,53.12656297982318,sport,snow,highway,187.63004200053436
31.773851228397664,30.655868859965363,37.395853946724856,43.489277017596194,1.1558290982696011,35.34066227223873,457.48064100537846,78.39444736742408,normal,snow,mixed,102.34974501655671
74.25573692559308,17.225285867829367,25.841860336695127,76.97849649667057,4.896499987087026,34.91419808272567,68.7212129285893,-32.54335283510876,normal,rain,highway,251.8499984271877
84.0281314945777,20.760487529038464,34.0733382439778,32.54658244609418,2.4850148625515835,35.95689211273288,251.5790767346498,5.547777988380261,sport,fog,highway,270.1500389098307
82.35626567972683,40.19994669731829,21.934954744158627,95.37963139251922,4.9803845789829895,29.460891300609163,46.4351418640867,29.489644473504825,sport,rain,city,274.7071988687661
59.72508706671002,36.74738239873318,9.382995027939952,27.51827403691847,2.4489298903063315,30.4380944098136,480.4879794531999,-34.26255421063706,normal,rain,city,236.16444207908995
56.81529030796761,41.842859610374845,11.28808074651526,19.060523445841877,1.0987563219203367,33.08980693945304,107.6139429384197,97.10764263480888,eco,rain,mixed,253.15464902443418
22.858836520547055,18.526717473628096,-6.2339283916297585,93.892729139865,2.5372619836842834,33.86437748713267,98.71478738288737,75.15487591400492,normal,snow,highway,48.77705225610736
79.7811535362822,44.706676038452215,-8.427140237698696,84.94704368375199,0.197977858995389,32.276840436445674,444.44283650323973,-40.719434226676675,sport,rain,highway,247.54037015667342
34.42684424020429,21.28220141849801,24.773780209453868,21.916677084215813,4.523849007109757,28.591426919092918,483.92527756098247,1.589246199809665,normal,snow,city,93.82995110686987
54.70258805361519,15.35339628859926,11.921444600559031,13.949490322792556,4.092751255972206,34.732761814403055,348.8161296476283,-53.831877350551125,eco,snow,mixed,197.05937218703485
35.5846683634765,44.92268817160662,17.610753402731476,100.60789061840305,3.6291026034714235,35.68699484817017,60.50251684961244,2.9007837806669556,normal,fog,city,134.10267628168071
22.044552669972383,23.432216563353393,17.883062381120816,93.19181786360257,3.0491335772123,31.24413475061116,242.9278052703369,36.666468964656985,eco,rain,highway,64.3373606982346
66.66019272025629,35.0405835753768,3.8687906666650704,39.270884843959706,2.8991711683518155,29.79849985359077,408.30254703080186,-82.89578144140243,sport,fog,mixed,226.2714317190061
14.889883134061344,20.300469425289158,13.794625541474534,78.983688985604,4.983641070397314,28.1545100396967,286.2385918541226,74.02344096145436,normal,snow,highway,6.26483556330259
77.378071071358,32.40685596597425,13.538011083385115,14.899222385737296,1.3899871700996895,29.89839228874868,66.29742736416733,18.749173689316706,normal,rain,city,327.1637356270746
38.5828115735005,42.121049593636776,9.421361061392851,60.84571908572138,3.8984218268278896,33.59935019870738,85.94387475161392,97.92057971540032,eco,snow,mixed,127.77514630517732
10.012122370403679,24.605435022853158,31.033769170053525,2.2476350472503848,2.907023851068287,35.292715101381845,432.0708379174025,-94.88169855009936,normal,rain,city,7.052076231953452
56.001622531350684,35.10761928133078,12.558200184379796,46.99222571058665,4.879402718794426,28.748104531454125,263.5145818437417,66.29967021964643,normal,rain,highway,175.53140819162306
14.216671767484282,20.637107663952495,20.18222622529939,8.981138576568611,4.139015916491262,32.42607349729544,352.9183868833562,58.39260965090952,eco,clear,highway,16.503154446389097
34.85526020388095,33.74386196156176,34.776006019041304,57.0176616188259,4.992625564947963,33.56424998809466,186.5312631165324,-73.42949759199354,normal,fog,city,116.22642274060449
73.62788387101446,25.093510554525302,33.31168114294612,50.60179762234732,2.9416249723122316,30.21104656885015,266.24279145942074,-32.93887298331866,eco,clear,highway,313.9145176788898
15.642065945967929,21.33624775763855,34.52111018895826,53.32620319656672,1.0227197877246752,32.559176313362414,488.55157019384586,76.95924060883453,sport,rain,city,36.82000402525368
85.54046431204021,24.395461521109056,3.500249823250698,5.4397562457592885,2.518435178473669,33.72198740804618,164.85151848406903,3.690859014450851,normal,clear,city,374.3140954401969
10.34379303927248,20.36523205523398,-8.250875584596859,43.393960953819885,3.555555670252873,34.70175394508301,337.3942637541372,-19.743702506552196,eco,snow,mixed,14.075039842292135
32.2141482281712,42.05748323513649,3.0533399947664606,90.77806189198998,3.8718019309079406,31.61999880655985,86.25277859761488,81.09928645016836,eco,rain,highway,92.48336220227337
76.68136505368643,26.915606589513864,3.9353672810354325,44.26972480243441,0.0025499450797178413,33.98285775135169,60.86994263016665,-81.33109510458772,normal,rain,highway,285.72432314195015
38.46431347563761,22.35837914923102,35.468016336248404,85.82063431314968,2.5251354425114703,30.414263773918798,391.8200556295149,-5.375443419548716,eco,rain,city,166.53061404468204
19.17031492594122,28.45223523047799,22.46213664189853,44.33744683604799,1.1761728998532328,29.70437397417727,422.0541049935828,30.47481959507047,sport,clear,mixed,47.80847434165525
42.42105269203851,24.616085004194865,-5.914802019888562,50.788732978822374,4.374559166273942,29.49850996872534,334.15584767470773,21.70828780300252,sport,fog,city,130.02330083652146
34.3353957746073,37.33257761439978,-3.231070199444943,67.66705353951193,0.7645272202511427,30.87098185460581,79.09791877223753,-47.144709118221705,normal,fog,highway,129.22434432972443
85.84407119444994,44.136597356564835,-2.216193722901229,114.08183241684989,3.332281247874167,28.28703745431079,120.2939828212693,12.66258090686729,sport,fog,mixed,288.58218408322267
38.20131258266288,28.141009700929406,21.521087408446157,13.06325359759862,1.3303109516246243,30.263934701321997,455.5878540475558,41.71235285719635,normal,clear,mixed,145.10149954529857
81.00392245984065,40.83100199916721,26.770701275350156,3.9496522393408418,1.7827107160713611,33.21778259554583,144.35202439987816,16.977081465339666,normal,snow,city,303.6697842551003
90.26849303296612,31.975892206788586,32.982195528269806,72.95486205720542,4.702796303784224,33.183352377281096,409.43025809855874,36.89244519546446,eco,clear,city,429.0086384798477
49.04356776188766,19.717069952827003,37.03182754031216,113.89165067141117,1.2022406270403974,28.58843045193193,142.9686444552008,-48.78425212224191,eco,fog,mixed,220.94466339863226
91.89488294689528,35.71868226244025,0.08522786932208959,118.76677590656578,0.4750138091146533,30.29932493664496,469.73128466171727,66.56979005435653,eco,clear,highway,407.7484346540632
43.95862485668736,30.403034913774604,5.488624236202453,58.09970968704022,0.34642450722112916,32.55646131742337,457.2264564185015,-10.062092603006036,eco,snow,highway,160.34025919046215
96.76705748410974,34.5181956975631,2.016144037241533,56.16979453021181,2.523075550497311,30.54841710002482,21.631586814393977,97.44476882091377,normal,rain,mixed,388.52922840629435
18.036057207301564,41.69062237714995,7.938078373306887,77.39565248942354,3.20855741142144,31.343904193510987,385.20699343370427,-95.34293586661249,eco,rain,city,60.44905233670954
71.83173398529185,28.21303711968138,35.73325537118747,66.67617086459637,1.636468217854436,33.70248605692611,84.73088011720353,-23.93692575047133,eco,fog,city,359.74931726004775
54.44326364112358,42.035328696520665,18.755628346968077,76.09056691369418,3.451298708965404,28.07413463565304,107.63581295319075,-63.90498953897783,sport,fog,highway,161.62543366940923
44.88839249100823,37.52007042844964,26.909594866224957,104.8799310645473,0.305168592866189,30.211148352707443,229.9226061657379,11.121905398810682,normal,snow,highway,139.87521979360048
66.94406908737409,29.658147776339543,14.505961806339098,89.55674033851312,4.286673224614384,29.138977950280132,288.15907487472504,-51.35898112527746,sport,clear,mixed,220.0205886941954
73.34713824708982,33.09666406973891,-8.557104333193774,59.62528700241547,4.082836048696189,29.020873462115933,162.899859485246,47.49558931349637,sport,snow,highway,181.0815796772443
10.392694268527817,24.76743397557034,-6.790225700109284,55.42373508002035,4.927481356960428,35.67232173157797,287.69168277710463,76.37317246750374,sport,snow,highway,0.0
25.025777987247885,44.507918992163226,16.896151563394287,76.75220982157393,4.682524904509227,31.012482652499344,85.3291856705683,-57.82312928357782,eco,rain,city,83.19584237453962
74.17414455708868,35.02053489151188,25.939451741001285,54.6847541304357,1.7809858195946404,32.21670867927712,11.168827190518538,-67.86447633964032,normal,clear,city,331.4524571706886
69.97468722203858,16.315405574898897,0.7665263764365751,54.93352215187678,1.9963769200778858,33.87057509655706,285.6121941808816,75.07143714569571,sport,rain,highway,212.70746600024117
96.94427546158094,24.798657172440265,26.0954786996152,1.956708214380578,3.7298242373912975,28.3795797988804,258.7076299811594,-27.74561698229887,sport,rain,city,333.961615621127
78.49340112257048,33.69943301277172,30.533288674175623,20.887696488877012,0.670413859774916,29.928181108461587,344.82698203796247,-13.083273008194013,normal,snow,city,297.2071342902071
95.56954369582043,16.689998333977194,10.59487391810556,58.62163679949036,1.5700735512241741,34.6571822987497,324.91103098391227,-55.80609951129287,eco,rain,city,471.75770311701393
73.22864513813263,15.716525739574283,27.320961642205248,98.7184150860443,0.5927046848782414,34.89592490542305,448.7431901169777,-14.937026389770566,sport,fog,highway,232.61289230584504
36.824698777549884,28.500727185834076,10.201497516422997,33.4472408072549,2.274432245364157,30.983607365126417,229.73431008077293,-53.73998538440061,normal,fog,city,149.97951471359897
19.482843002577084,24.980705390780102,23.917531472751,62.71721197573788,2.7600213994265883,30.998892797214147,4.184737346471012,33.18548812683619,eco,rain,highway,61.733275336127804
80.3641477010442,28.14895824099498,28.199852465977152,41.39545017110786,1.0558023498137619,34.055175016871054,315.32634079842705,-0.22471750398256063,eco,rain,highway,333.9555848503963
67.97342993283243,22.880799296400156,39.59633091540554,12.576478744750684,0.133158434570525,30.360561813998952,337.5662148016092,57.61208919258178,eco,clear,mixed,337.0489521030704
14.336741115396661,19.941532408289426,7.269833103179806,114.99581796855607,3.5967791587526152,28.936752649119985,260.74749469798485,-37.45437678654111,eco,fog,mixed,26.607478939644395
42.40454193108805,35.67430070941013,10.552039028730572,102.5608644300362,0.10002582213084255,30.060283601924667,344.65243512060783,1.1190030918075422,eco,clear,mixed,206.46088934273604
96.11198339358576,30.437133488034014,-1.7189970294914332,9.41909093602877,4.867013044641781,31.098757853086198,161.79190661807635,-48.09533540457311,normal,rain,highway,344.41719174379597
55.03610311391811,21.004626337481007,0.2036529200903452,86.37447149619416,1.1080362837119773,28.417637676760787,74.40415159553959,86.89478604932631,eco,fog,mixed,262.94998414482603
48.94562224177342,24.58768278779995,24.66975012991889,41.70958852290002,3.3195004605814553,31.8294420336014,332.2768319782033,4.387133558220626,sport,snow,city,142.62535491256307
51.192964464336455,32.75423722989978,35.8522795077238,119.38197684741512,2.173758631199946,33.92006010218223,122.59321460776434,-65.30750073641138,normal,snow,mixed,167.5524862985808
28.799445160464735,17.166880448174336,9.730247583062027,36.287822379477326,0.298369301685536,32.10996115584369,228.15795464210242,-45.44686815799419,sport,rain,highway,82.35364328628638
43.18364537783157,19.423590277985387,-1.0077776582229383,28.64861344351199,2.360918033172337,28.575162724116055,245.81136530582432,-83.41960717518796,sport,clear,city,157.73030007002794
43.283193038845894,17.197368123221704,4.254974969149703,68.14686579664863,2.583803171483998,31.521197050767668,238.59977523419423,-94.43680088045332,eco,snow,city,173.0128349951655
14.711951816872517,39.369519981423565,12.75258524040693,100.21513960118449,4.273416040464342,33.67123686434266,299.2245718399779,5.184365214134189,eco,snow,city,21.850774894265523
79.08108656661264,37.57227699636027,4.532516468268419,23.10226461837576,3.6617453482394895,28.46477323192152,14.726854462929428,-32.57541549487894,normal,fog,mixed,312.4927262026752
47.485398871349105,37.59938795637771,1.6789541560933134,85.12833236631975,0.3965123737669318,28.478777517815107,494.84124746504403,92.75469105206128,normal,clear,mixed,192.11457435386055
83.9961898134781,36.48976030428084,26.79922443785398,7.368789976934602,1.0458134171613254,30.96481122544786,358.1552369692856,-65.73372072770316,sport,clear,mixed,314.6486856452904
86.53132010079058,35.08156271009608,-9.607753937968841,110.27216917325967,1.5594384210747387,29.559711712989674,212.69389089938133,58.78253054738906,eco,snow,mixed,354.12909746423315
29.079464922879225,29.30975746134525,16.961526366824156,9.728989937675854,0.5820384323240974,35.478246330467364,95.66501514512215,-36.80571156141945,eco,rain,city,143.59471921606763
69.16181339531157,34.26834490521345,29.688340351487696,109.7077651612995,2.284495354572453,32.650748829917944,40.088661221678144,-55.29252278825896,sport,snow,highway,191.58777813427668
52.50536237466835,16.15084664363924,3.31141431587341,58.896869934324336,4.921545954312678,30.298603195247168,336.09521031306093,93.92736380026147,eco,clear,mixed,206.39851976583515
89.21410641293366,33.64393267970354,20.164575530600867,53.77093353551038,2.573063956188808,33.638213832919604,158.47780747927914,60.51531974915315,normal,fog,highway,333.99358473217876
29.41666112588087,38.33633116610632,23.445005280930893,116.79684954004519,3.7094108416158464,30.999432410874633,114.739229124934,26.12417828906632,sport,clear,city,81.46029007644799
71.00318802790397,30.010750811531707,22.751234820254496,118.84610132378629,3.4146889884967306,29.05692515503208,189.97719355616672,39.42420744475041,eco,fog,highway,277.7988827350812
64.69769100274503,25.72539985281711,12.292481709935885,78.02137511532143,4.24955717546069,29.897857838748642,296.46154390385504,98.27629497011796,sport,fog,highway,188.2536576552718
36.57713298146495,23.322802044029373,7.328899393788959,15.254315022845821,1.0786174523280474,33.14197827567501,335.85260834200056,18.641481764977357,eco,fog,mixed,167.66148170708476
22.294081328605536,34.28406150486248,31.79620365139067,60.740410278624296,3.769131308465141,28.415008847975933,322.58503467726507,-79.61990983860798,eco,clear,mixed,71.37837157373778
68.64757844295488,35.78403595889726,27.922297849993214,63.499572114679495,4.406776201528747,30.18151232038451,431.63279174598676,-87.02677465972373,eco,clear,city,322.67990595580255
76.47377123190977,41.12902799587628,6.062758670695626,61.733571376237165,0.8575491149012138,29.6664918211374,109.37871553505762,33.32135549477468,normal,rain,mixed,309.25898924220684
38.4064609387015,25.27002247382972,-4.849040277889696,68.33902062240116,1.7340110989400186,29.609080885412254,318.37308159856775,31.520228785029644,sport,snow,highway,96.35809785306213
68.03493436200824,38.093169221567564,-6.409622727726541,2.24696565532688,4.850508821657807,33.46209929580777,50.557188093047046,49.63475859561771,normal,clear,highway,230.36045056098217
45.56178168503529,31.840674725680138,-5.286201105053197,85.34727377646028,3.9039392298989624,34.606535334034916,273.9673449495889,-78.24425395347725,normal,fog,highway,143.26419502540082
74.18861949543559,41.485094720342374,19.14346805960214,85.48731623435856,1.4129541626876618,33.72693286451407,291.9792012448356,88.98045495103435,sport,clear,highway,247.26120722458688
27.92937474046478,30.834363248868623,-7.416891208550515,13.85637302134655,2.819708848222435,33.1658225264041,108.11864946708683,10.231682782128956,sport,clear,mixed,75.53759365743812
90.11935023725569,30.528894851939015,6.846343748201921,68.42873309349609,2.021630614247394,35.33161417454291,195.84656499561842,29.911104204243088,eco,snow,city,396.6334274524674
35.866863681902174,32.33631244322727,27.65998509571147,68.20334189229295,2.4498258816356495,28.467139043394376,413.5964447919012,-93.02952332437395,eco,clear,mixed,155.02200941158117
43.10073889805376,37.47946065427303,4.717408325768904,81.89405042284801,1.7758309569535424,29.339864687809925,74.20452687648171,92.19484290311476,sport,fog,highway,121.21819442249628
15.22827568723148,43.94071436485383,28.16540385900649,10.247723056209729,1.396655092651703,31.315254845364258,217.2530988079201,12.518369748789723,eco,snow,city,48.588151455166425
20.036099108914875,17.20690062647297,27.273351910352766,75.18039687193156,3.3738152069570937,30.979613148030943,466.3665356057259,12.672622598925727,eco,rain,city,51.70348239751999
56.42757124410953,16.603038071730516,2.2913566316608165,33.690234089560946,3.8927090754305875,31.34441282370418,252.05446384980047,88.71106324607595,sport,fog,highway,166.7334724845291
34.08334090551743,43.126510122220154,26.441109004637276,60.84035885954063,4.369785613736724,29.651639240341648,362.5668559166435,85.87003563673349,normal,fog,highway,87.46321391304214
85.1932203167975,30.896268765546182,27.38883191360504,92.7988263244892,0.7766498365909402,29.196026524641827,413.4330197777755,-55.94028163655167,sport,clear,mixed,311.24335915618957
11.322404978945846,33.447090437008086,9.872696283351342,84.6775123635616,4.114277618226203,32.07354597966342,101.88718742274622,86.21976438118585,sport,rain,city,16.879046882505442
44.11846438047426,29.472708047841866,0.5210241870759109,14.268362121359207,1.2740041223853176,35.42442019255035,109.10861776646618,47.3242578760123,normal,snow,city,160.17611553365398
40.36109920921834,17.809723578224236,16.063540344593456,70.94217445392879,2.136681949550253,31.135755698799336,379.2957280491918,-96.21985453371651,eco,rain,mixed,179.4201609905958
11.739486782584093,38.042681352559995,36.06987940000982,116.29398371288863,4.507218429246233,28.346825712956225,376.65336908820046,-52.03137025233233,normal,clear,highway,3.130370747128194
21.19315591004592,37.41673935265761,21.9808366216031,18.812332480200272,2.2725180049130103,33.649338743116196,30.09166031980953,-17.403970905710736,normal,rain,city,67.1210424494413
47.227840742677174,24.35109964478436,-1.3538751186369407,102.34885052704979,0.985317670221581,30.3288392442174,161.24912034748218,16.56449110115095,sport,fog,mixed,160.4309327118722
54.357812600270194,24.18717735685201,24.137846236675998,84.30576966645323,0.799343276185589,29.960760058439135,199.266245954219,40.26594609773778,eco,fog,city,273.57645296088833
46.38607725293822,40.13524142716555,11.360151364091728,92.88039754917116,2.364918833260669,30.594064005583697,414.52020173557685,-57.957921208620135,eco,rain,mixed,195.83448222955462
57.78439105708844,17.170717732239797,19.57643986776865,33.83499925711745,3.8133621198827705,33.79052419126301,210.93112771486872,67.34010285473778,normal,rain,city,219.04045916334778
63.561850741511336,41.433154450696975,26.703201751155397,34.5466715255811,4.986025719871506,34.550555094962434,462.9644452016219,69.14306477783094,sport,fog,highway,169.91600765144042
10.893143901505207,22.699850696877434,15.74736757572224,108.72233469317858,3.9370431421545096,32.70444853871171,498.30388857032005,26.999763852115464,normal,rain,highway,0.0
51.768564350815346,32.78954243266482,30.69919872866543,43.17984385110704,4.385059794714268,30.579830029756412,390.3630828471748,84.21878210313966,eco,fog,city,214.2341855873474
96.71493167988295,43.07982537005333,26.107778965831386,7.561846883137258,3.73916180467444,30.483825864938225,333.19334478362873,62.59648537943758,eco,rain,city,457.7018217644156
56.71290521165938,35.34367504609939,20.75366700092553,72.071604429534,4.47717550378053,28.994466799243703,195.9485829935614,-55.675268141291824,sport,snow,city,158.97268591304754
70.97880407130579,27.4328943740111,-2.4603592083824255,14.97812028502112,0.38146771656956624,35.46640838588156,33.51972302601669,59.7353732620721,sport,snow,mixed,222.04701276973455
38.06774721251949,35.686026267162454,31.797455545578416,95.59154896894898,4.649657994908227,33.105115191750556,286.5693781980653,90.640415750621,normal,clear,highway,106.71684388929002
79.65922403374863,25.319389089491104,36.7952792659908,77.00957310012689,1.9820307686282805,28.215796958846912,180.85245277199547,-72.47871059631382,sport,fog,mixed,273.03651344510837
79.56293336885035,23.317752490475584,-3.151743809535259,104.96718062654499,4.608071116402223,33.298936761493444,175.4490379161718,95.73957695820582,normal,snow,highway,235.01310373856103
56.916644288872504,44.90049833804039,14.412056471671526,94.18046997391623,0.37866418729737783,31.577227393548064,343.8546263547178,-95.00144064598194,sport,fog,highway,176.3067965408065
97.84124409512923,37.52370693539363,2.944437098525224,13.453637800583538,3.5762147856056794,35.78046370437536,231.81967929831788,4.4334489547544536,normal,snow,mixed,341.20902979232056
21.2995193286388,34.341599321454524,27.726165371278228,45.72848117213067,3.6784437433510226,34.552550598451255,376.046922385725,54.77862779569685,eco,clear,highway,52.0698294132341
11.525289840062289,25.658689296579563,26.081481800234997,92.94722998975047,4.984554446488864,29.370526030662386,199.08661134268957,58.08762050925088,eco,fog,highway,0.0
79.31423905813864,16.474824874651446,-2.9557439714800644,50.08097679195909,3.844276353449069,33.76088895099893,75.43169274328132,46.934513829253575,eco,snow,city,332.36938314517994
82.64399836283943,15.931706281054668,33.85136356308186,116.6838581735974,1.9128685290780334,31.884528030682105,230.67376309512326,5.870274550632388,eco,fog,mixed,388.4667554005125
20.818650620851862,31.625437663463963,-0.951346801099886,88.28885398721391,2.786242758092727,29.496361309359425,475.5062571626816,30.192864414079082,eco,clear,mixed,69.25597369024906
33.90245496627455,37.86098163117153,29.862951282405376,1.859990002838523,1.8327546908329513,33.58991925863959,400.7623145582792,39.98643713062276,eco,clear,highway,135.20958185131812
11.579712702996602,31.12137571331565,12.849017981400245,105.59828298730037,0.9800932265242907,32.37910062955396,102.87462753668336,-1.0921551572208728,sport,snow,mixed,27.04292138425436
36.39777497025082,40.22355215817343,6.41361467790756,12.096574184226911,1.2425116375113676,28.242991030172565,195.65025082247135,19.136995026927522,sport,rain,highway,105.20233697437342
79.58276865268044,16.00279599279665,-2.0880368662893245,16.862846901610304,1.1100526713716046,33.172703604230605,463.89604761026885,69.27361069151462,sport,clear,highway,258.5433171389119
56.6164474941321,26.0025622927782,-1.61928719266853,88.1390880733261,2.7440766508160648,33.079896718899526,61.84952936328325,-37.42419577083456,normal,rain,mixed,227.38639718459265
41.328603385145925,22.11211173522534,23.094527735045013,103.79622713165763,4.530803172659467,29.1526812884117,126.97512093246799,4.641265393726471,sport,clear,highway,102.20826726967694
43.456536541569726,28.41818904471366,17.521519397356027,64.36195534794672,4.563633130441988,30.791901815973542,131.11132293594818,-98.30405579489843,sport,snow,city,133.0453400802129
10.121826314392134,17.171291795823674,-3.8957289174383645,34.6859679534935,0.27381888762912754,32.68719176600832,285.46643783099177,37.487279955358645,normal,rain,mixed,22.360658074838597
36.98204748087123,43.623949247132174,-4.36510697808374,42.157865430381065,0.3994970047594676,29.11026411285384,205.3666598556614,-60.92290707703165,normal,fog,mixed,148.04128902966488
68.18128674741374,21.697662032080828,-6.384471261360427,41.14671955152672,1.2255952858617176,34.82178702267805,39.93533699814994,-3.7997492572462193,eco,clear,highway,303.24200883642317
97.67749994347214,42.66923326450754,27.188367368677206,39.20137245714147,1.2752972623473746,28.219888370301632,314.59072728854284,-57.95895674390814,sport,snow,mixed,304.7148298284594
86.23547442855096,27.776794651100452,25.59410426146446,29.149160618597975,0.47444587619625556,28.82269931975484,49.53893226007511,-95.29325708430154,sport,fog,mixed,330.1438431599126
12.123546818097621,44.56572399765654,-7.078450457271242,73.06405135550797,1.9423167058672024,28.928855358839073,303.20746598953906,-3.3558896603966843,normal,rain,city,27.9879750899932
90.87045442073554,31.621751503806323,18.013503779848648,108.04863822780807,2.938626963456436,32.22485700780044,253.5041901130129,-15.03327867785859,eco,snow,city,388.6935572357935
80.48785719687633,42.92498592527423,-5.766192237865505,36.84988957000094,2.890811002997318,32.960912097349,246.8343303626563,-14.970097295123864,sport,fog,mixed,278.4608529080727
80.23385112138824,15.160469660826685,35.187288530447084,22.40331569536945,2.7171484062929636,31.229926372011892,33.748122649614906,-58.23876801422594,normal,snow,highway,258.3920952302253
51.21961831032144,37.447164185427,35.35587095900662,100.62931996457098,1.693359624437486,30.30933462134533,319.6102234417679,89.44091794963583,normal,rain,city,192.7091794024355
45.82047636590525,42.09151959307546,24.9116494906565,89.0139997067644,3.532278426582903,34.47453900500446,215.66012929466538,-99.2985696378611,sport,fog,city,154.9298786080103
37.26241559498733,19.19161700936862,36.3094460719725,111.70044378718926,4.132419704905357,28.546287869811362,205.55306114284326,78.30908999946772,normal,clear,city,120.9153894311087
15.91253730589292,17.883775551964543,30.57265152068453,19.862368272589155,1.731371332387042,30.242334889062334,298.2256982092684,47.38038462789643,normal,clear,highway,37.03676839669451
30.54118271443292,27.737178215578666,31.42692879635247,17.310157693990984,0.42767679649730994,28.312924630431766,303.1240299732737,-65.58559329334571,sport,snow,mixed,98.43608671792079
32.19432714802221,43.01036718398805,18.48539252849666,64.9715273165996,1.4816512554592824,28.111121079730143,7.516647880994265,-5.5616027392891,eco,clear,mixed,147.72148406079987
53.566936273918145,31.271596805713163,5.302959910808795,73.73203858021144,0.6868432728745139,30.82703909545761,62.61295060160332,97.77001630165452,sport,rain,city,185.92917471661892
77.26999659370246,30.823693911651965,0.8899557558210791,57.620813023150745,2.336793636135904,29.558589299559458,118.25911042236031,28.739647396861443,eco,rain,mixed,348.2123413856881
52.64288455581519,19.233783548979655,6.360001101946459,71.87599635886505,0.7796757565803913,30.14692683870597,338.98866667298955,-74.5246552362665,normal,fog,city,233.99613112586852
15.206000450244455,15.023685332796564,21.4247715044531,21.64557226500856,2.3142237882898864,34.56757725963975,288.37056351480373,-8.471552228713634,sport,fog,city,43.0281740211229
96.20108208893835,39.30420272236384,-1.3671732083800539,57.55365049969,1.105014461623239,29.30384076999377,378.81456619237684,-6.359380685437529,sport,fog,highway,311.9940011754929
94.8451887184701,17.627236889587145,2.932011831866081,78.97110731276014,3.6936555273120146,34.24186693721441,370.3039027719285,60.45266657662168,eco,snow,highway,341.08772218124966
80.66705888335676,34.015494562059715,13.40304313977322,51.92477390984445,0.13784120417922818,33.40040498517091,426.59143460307536,83.23258656523106,normal,snow,city,306.0107388044716
99.21951114077986,42.43849363545574,1.6525049262307778,81.53368029799175,2.773731519159628,30.61156420112666,188.40743063620695,-83.5516913422531,sport,rain,highway,305.6125994340303
59.00340995202367,21.25955739475293,19.432183485803083,54.142953666460755,0.8474413746002835,32.3724491614103,172.53193309165138,-37.192542609433545,sport,rain,highway,184.8241785985511
96.64915152278854,34.958185087107324,36.158801422816495,40.03194970107327,0.004959322348135342,31.55548487819631,415.50770152673164,-40.31237462297701,normal,snow,highway,324.22280306118176
16.80445365550757,17.360957301225284,27.40446828515632,36.43260565045108,4.346000440324035,29.027162523981325,118.80076693359226,99.20962498380365,eco,fog,mixed,30.696481906615183
42.91126734352342,33.11265431512839,23.321330707445654,49.30824707863056,3.357638939070338,35.2574825738734,230.58618683680348,11.845423338279943,sport,snow,mixed,113.96855587776402
30.284314120608926,19.917951628596082,19.13607379918894,2.7707547218640993,0.494714110252617,32.55694374068608,97.16282601112486,75.96629922399688,normal,fog,highway,113.60136732961593
27.6249775720843,37.078606815455345,14.397395462853243,80.22301661353364,3.320361838419278,35.04192036636364,456.9203710696068,-14.79343011103522,sport,rain,mixed,67.56387190383447
22.672265400340848,24.036938843817246,-0.671807018267014,101.41267691763143,3.0582366636879925,34.59061209450632,203.90150654831268,44.54463008178729,sport,fog,city,52.51394989082751
66.0172277409397,28.90173026413939,34.73552277134328,42.555251333174226,2.366783435216017,28.638207402475388,106.24344911541417,-42.68287153917078,sport,snow,city,203.72768078746736
80.31896701725745,32.98291626082865,2.4268001006418167,5.523976337006227,2.09629049212807,29.658165328147618,346.006695284456,82.3572046978467,eco,clear,highway,345.95186455412346
62.04685594783246,20.138202319987187,-5.434556121091962,118.41307168626692,4.435348814578674,29.162088914998648,122.32233910523932,-8.970751802693243,normal,rain,highway,198.36475314650173
23.22664386293887,37.249134558528624,27.500758961434762,31.643790654128033,1.2257400994872563,34.646236262295346,471.7518015851117,60.74509946321746,sport,rain,mixed,56.54596659745792
83.00113929401238,24.079210219104436,-1.2192232834416803,15.194534602892759,1.9915502850669164,34.89957301164162,183.80850740470572,-48.83662333148704,sport,snow,highway,234.36876708448423
67.23592364473556,34.871155797382606,8.594799977058802,44.37030095676335,1.6455770644741363,32.22377207846693,332.3203560509185,38.72086838437582,sport,snow,highway,181.67455288116076
44.934913551429595,19.74849152098121,-8.585753585451014,88.6268448760268,3.856005145183168,28.833424580064055,172.6224655787067,-18.96831911999284,eco,rain,city,179.8516984662423
70.67172659824567,35.643529776190505,-3.1466028729775966,35.269991626867885,4.582326531162697,29.08493294834413,403.62279149673685,-93.71211540509059,sport,snow,city,205.08693364004813
33.39144813185496,18.845642184313853,-1.3398184620043967,68.96438447033854,4.248908493701152,34.50839049950614,448.4613705113879,-17.3983492481873,normal,fog,mixed,98.61142591280351
41.06729876447895,27.760694888099508,-7.279493612491103,49.86719933245706,3.9885196514988426,35.43352109223464,393.9591797073931,10.004328351084098,eco,fog,mixed,158.76828404554172
92.57372588187911,22.416182212166305,22.83284783114226,14.131679073194219,4.933949727850415,29.595805480885254,424.24950936376,-69.64767721736496,normal,fog,mixed,355.7845037553797
36.145405510427835,37.45125748284548,31.85038979015586,39.634441499053224,3.4857227520519256,28.089100611777383,50.940413968817985,-63.21737896147699,sport,clear,highway,99.39465370341637
52.298944134214295,22.861050135206238,8.66577031829705,86.98446068568799,3.7552689560676686,30.647623241206222,462.0323385165332,-7.027440335368624,sport,snow,highway,124.76220580142066
90.11270236564131,41.45151919186189,33.728823835910035,73.44046767977348,4.914012698525095,28.24399511718305,312.1503644376402,-31.454057513318674,eco,fog,highway,364.5251796916463
73.69492152407747,41.754606342198386,0.6673287280063249,14.373405586027319,0.03495392699587041,34.6237993286243,434.60876608309985,-11.851892399327468,sport,rain,highway,234.42764059598457
15.598290354823249,20.893239456683574,6.269521178061975,19.598689165717026,3.1702418821818252,31.932098057810013,342.2183820927077,-7.834602135455441,normal,fog,city,42.82447183329862
23.257273985107332,33.41537835023173,-2.46315034844158,76.88800311689346,3.694857659766448,33.13488623010416,100.9238342718552,-71.98479125944888,normal,fog,mixed,66.38141132722805
10.705743169472514,17.63152925159893,21.02795977094993,97.60984971850426,4.5891352687859746,31.291879009092337,304.77755082283824,-63.76108494597705,normal,snow,mixed,2.0962290263543375
66.7829611206247,26.746112988048875,10.993479543515342,41.93693951498031,4.419221520921714,30.764060376099856,45.47311986157049,69.63307869589886,sport,rain,city,221.46393355657935
50.29060828693765,36.39965188503817,20.664167342094935,71.43729022121403,4.209803406168971,29.77760330460868,347.86151510907933,-67.4562621379032,sport,clear,city,172.3634669678745
22.084736581204798,34.78269740549749,28.083745269709176,20.477230650252633,4.728956359708519,34.164260376305165,204.50057054028636,33.182866601652165,eco,rain,highway,49.255115928860235
96.21407089510934,33.74102008219824,17.285150801647422,37.36516042863886,2.6868959395685375,33.56438067532424,75.86658655010447,-16.294390646441585,eco,fog,mixed,459.2422590725406
57.66937515510579,23.476225909873307,21.381517745089393,2.432424680766312,0.03460047792413379,30.88583187596869,489.61490793420705,93.64733719392817,normal,clear,mixed,243.92065007688495
31.770396470160026,26.34074848303206,36.762515719716646,92.1931137359427,0.05527199348504763,30.568929074393463,450.5422121053406,-86.77912762235249,normal,clear,city,145.4689768739315
55.05432140392368,18.088384341008584,4.9532154804421555,48.12117837275601,2.7231952780892903,28.009943029189433,446.7718567016269,66.07777320615239,eco,clear,mixed,241.5337461867759
71.1658299461597,36.57068461300803,7.958196931697657,97.93506883847446,2.1763611943197065,28.50841704036378,394.4101531761264,-1.7101537794757036,eco,clear,city,344.73530780893253
16.861529617620803,30.116663903738207,25.885168085466844,85.00475952272716,2.2562252668272427,32.98604419914108,345.9905625717588,-98.92952582716228,normal,clear,mixed,48.165242986867206
34.72334335431028,36.26296897036964,20.565275852769336,99.44931188741722,2.002023686050185,32.116858481883696,327.5397401461226,-47.26795621208926,eco,snow,city,136.02049222120576
82.62689417955943,22.468305743906182,-1.073354773014259,34.27904034994593,4.5886290454561784,31.47842563588018,53.046918851927636,-18.460629490146104,sport,fog,highway,251.8018882357985
51.36983833623951,24.733146859051985,8.807365500524508,22.21304765134143,1.7958517558489495,34.62001792641327,450.28311765922706,-37.16104931021498,sport,clear,mixed,177.57777308582126
59.191942782906544,25.02646011780344,13.391900656235748,116.62868191820047,4.281134708815416,32.03118563522277,440.5641981523052,-27.510107197213344,eco,fog,highway,216.3813158083506
48.953440198852235,15.772272292416487,10.969491898419466,86.07933444490435,4.514323968958204,31.07594865125856,373.9263132624267,83.33438182743598,eco,snow,city,176.44246575470154
13.95099483787046,25.231436184918707,-1.0862595838979612,100.08507215120045,2.497508849994774,29.29005078019988,463.65747953756124,-27.81319352153446,sport,snow,mixed,19.298425246705435
24.917480183814035,39.099137205541005,36.22150458921311,1.5760048451920472,2.2346901868254414,34.56550406571695,276.541725698996,-16.23412411945344,sport,snow,mixed,65.32740623871035
50.09874748677018,41.91895487249215,28.11593808469879,42.53539443550639,3.805103021077234,32.6099860009695,223.82116735877767,52.22631071562256,normal,rain,highway,148.9486220779626
28.826691886713505,30.546549469077824,14.067791605392614,89.1380028692798,3.5398575381994117,28.739679727382057,483.97370108313936,58.76671314967504,eco,rain,highway,88.61802558305254
14.498112579371085,28.665050856576606,24.00305141534183,9.357939958798,1.6426755829810298,33.19118718397661,232.065593898828,-83.18206964266108,sport,clear,city,41.6916865543703
85.92846976466413,15.924738560981108,34.86413360677609,68.08079154827227,0.5127406296232329,31.40056596390728,320.6622205335788,40.814006913400846,eco,snow,highway,331.0123122003397
98.30732762477042,41.37613012756148,-3.1912928819214397,51.48873209460039,1.3242620009124018,34.49108978870397,186.53107342921948,-3.48560926464485,sport,rain,mixed,346.2047536756241
81.38285865970656,15.390306402776181,2.5186525353488847,2.1139808569328755,0.6551425290614948,35.35131677596797,318.16311300986393,-73.22922135246893,sport,snow,mixed,250.2007933499051
86.84064295342003,43.34250240630635,17.13506236283225,28.317069254334164,1.473661378883457,32.80372650540997,360.04949781284387,-47.057887210623136,eco,rain,mixed,406.65816536253885
31.777941728534085,29.67648746064272,29.950518567617934,34.175038688005706,1.3091078279039952,33.85290255450693,312.3277626442752,-90.99290053869626,normal,snow,mixed,118.72958819414376
96.45642779618798,25.2580348072418,-8.18725522792363,13.423193561558694,3.188557119433568,28.452726780817326,257.28147060809886,-27.95256223763296,sport,rain,highway,284.74162118038896
27.723313400808554,42.7265530452798,39.20090750981802,75.78442916911925,4.772480142273898,32.48204364000926,150.05539881261643,-48.91871193319517,eco,fog,highway,88.70960744361625
95.6286829325649,15.731729793302902,12.745330144119858,29.08774515022668,3.428718661652418,34.04271982684379,321.9228380681117,-23.579320523996472,sport,clear,city,355.40817609268754
99.5337364569356,32.44274684607261,7.961557031086151,33.314339954326606,4.633247040322848,31.97409719582483,454.21444763068143,16.06810950615136,eco,clear,highway,421.17079758982254
74.05505251714439,31.46797573498013,4.636221891988594,107.78863178401768,3.920661293042217,32.748400716034695,3.4562955848336796,46.467910407323984,eco,fog,city,349.0594553651214
98.30293586126398,21.579612036341462,-1.2821646174564183,56.054771123176735,3.639388110355866,35.19158548464836,66.96451371484518,21.070397311905936,sport,clear,highway,313.6369531755433
61.25858016103933,27.866622940506318,29.578695446501392,47.055377636312684,2.070309701066707,29.584796576249595,59.88657924992785,35.67546045198915,normal,snow,highway,203.37476284853994
33.35876048584813,34.5679201783131,37.770708237304824,86.86452459776606,1.623972514316843,28.785972060415297,461.60265144642705,73.12782412375867,sport,clear,mixed,102.45808863091304
49.32962970990588,36.81393590645783,10.682237742269908,109.15365562594945,4.231386862364596,33.525148905116005,331.37384448130734,74.76488869230218,sport,clear,highway,129.9206106880976
63.42048418409074,15.021505761197393,37.621034737672815,3.00436034849326,4.526966164645026,34.58279124417955,475.89405323507526,72.1438696718348,normal,rain,city,231.1861260882012
16.577340582431347,43.10560290273046,31.18988077175171,53.78866158664758,2.25941246825466,34.80392150866051,291.40663660621414,-69.36621690409467,normal,rain,mixed,45.88219126140784
66.01089381555215,19.93576117178437,14.052556373815914,73.29376272935367,0.04531549093322207,33.13315597672976,230.86644857962685,-49.786173281270926,eco,fog,highway,298.8422227259288
98.3060053086065,22.007413026670775,23.701308956306633,38.227571775118754,3.962655294532352,34.66570734536643,396.1714559071812,0.46506098551442676,eco,rain,mixed,447.4005504159758
27.109688480535485,22.904203370815445,11.749208958523148,92.688926654789,1.4253442023614582,33.605313645786325,80.47113373761228,-28.252141196794597,normal,fog,mixed,105.7444696512539
81.33356046595449,16.13460409656106,17.93617041062762,116.57724843243287,0.04943932508460369,28.699015327254326,190.6690581586607,-73.66620634400735,normal,clear,mixed,350.55972940264996
91.71089144016574,18.691563707709747,-7.097683149074809,113.21128395003399,4.0249427948806105,34.0963480630799,233.13712026711187,-42.44995307886972,sport,rain,city,306.20373320141306
94.93314335381987,44.59049768832486,24.813173765026654,31.917904725593026,2.587070944084491,29.434877516402636,149.2291972560591,95.08575233312783,normal,rain,city,391.1401347534702
96.41220439649025,24.456502121318582,-7.358767775793165,27.16059341249832,3.4260537316923454,29.892874740727784,185.64280620423924,-30.61464890069277,sport,clear,highway,299.44652920608536
56.93136748493247,18.45903271017148,30.854247345982472,114.89886372254652,4.573449105722387,31.15720501598932,39.05259346220913,-16.217186340807714,sport,rain,mixed,164.46284127959717
97.95771171923533,18.2097378352387,31.247346473027875,55.03541849177591,2.705869150690527,30.516536530610693,98.99179472477898,-98.7197156285406,sport,snow,highway,265.8172184419292
78.1579186420995,36.58379903009916,1.85386437781073,24.99572677016301,2.5159703628948287,30.573213906423298,167.7483601654642,43.88297595803974,normal,rain,city,328.5954096375925
24.55042926132657,40.637059920979226,6.183139051790015,84.83963563565018,1.4533106067413177,29.354076193632366,397.94521661656717,-17.28998689092404,normal,snow,mixed,73.80782232803162
52.9210095821173,22.708568985254097,14.065518927914663,34.13043886845499,1.5259691721997632,30.350968376876356,91.24867742143195,-79.37198742096778,sport,fog,city,197.669737676261
74.64980578348036,15.627285370057049,19.833145346624075,32.06963700852628,3.982710330148229,28.157300719807054,173.32018699211233,93.7113476609344,normal,rain,mixed,269.7088076144811
32.2606284237175,21.692700553360673,4.367683087099836,105.50988516933417,2.245146227929685,31.78328757350661,32.460144098467595,55.48664251701737,eco,rain,mixed,126.21366792292815
67.65536651939986,16.69547072390272,19.62432023159625,19.497498405228413,0.817631043040602,34.14872767015845,278.55217241330297,45.23001788654537,eco,snow,mixed,278.5888150988258
69.99404311419573,18.101848098901247,4.889353661464943,7.727153575948367,0.47264382000247795,34.89797895379872,305.62544407046386,91.5744669683339,sport,clear,highway,226.7800747317995
24.64297694277093,27.94524359542927,-7.2254639464469665,32.30237282060247,2.3646005843088966,34.56342847167551,432.75823173108347,-18.50398309657244,normal,fog,city,73.38785413080512
60.85767812074806,21.897551125848977,-9.873622508404553,72.83344954058445,2.3247751180886524,31.331661751960905,409.557999250982,43.70670805848968,eco,fog,city,283.9386582672245
79.44642198807469,30.478376355762702,-4.94244710407857,14.770542408392465,3.2672913910269803,33.84341184931085,142.68897734194024,-58.75842052290978,sport,snow,city,248.1758489934814
54.900609808234776,22.60481259771571,29.612535008200908,56.59136067321525,2.3553373887257036,30.3031261927617,68.47684459492986,39.424109490424,eco,clear,mixed,257.27429426818424
11.089280509849669,43.21611903308843,38.071565619166854,75.28045325103838,0.7173785206710737,28.444499781740944,78.04159110520187,-97.18418156247944,sport,rain,highway,32.22177917085201
10.813462217136296,42.17831903778794,11.348309964060963,101.84843911118087,2.5390144239925676,33.407772203130136,484.48197152022226,-74.73892391187718,sport,clear,highway,16.561912543833728
42.1326409573011,32.00418315031398,15.634197672497137,27.584350944270525,4.5339470194301255,33.190369317891246,336.6129070036787,-14.948216279430298,sport,clear,highway,110.06665645948435
93.35746615886038,25.632719759621587,-2.6575915463286934,98.08155880593473,0.7972070581010621,34.41303516370301,21.285393901619653,-97.58146103879837,eco,snow,highway,366.00796810171545
30.580910164324788,26.434406461042066,17.55156763400785,28.18875133574863,3.4487732048887447,32.92884965362304,68.38962752254729,-7.606828909916146,sport,clear,mixed,95.91732934694008
67.09273199845185,27.35556849433491,-2.7672548996511583,81.21198494875686,2.9692963248276327,29.255132999791332,242.90003255047787,4.558349813000788,sport,clear,mixed,230.37629131487668
29.986828362398853,36.82737966404832,20.560716559941504,51.680828577894616,3.7429286335590133,34.82529913640158,103.9144021465599,24.321319517416413,eco,snow,highway,94.89735570430264
38.950299069359374,28.549169865565137,36.66293337904269,13.761749085440421,0.7530013671379637,33.0180223041496,401.82949250000945,-79.92266460127672,sport,clear,highway,127.51246681942162
86.32378806413355,40.701898395176926,-0.21507303484801987,85.71161553862184,4.7080266845299725,34.460877592280035,286.60855878468243,-63.79761737455753,eco,clear,city,420.7866309185249
75.59752980429522,43.32284357791094,28.228185902855103,26.131514225882135,3.104832138835793,34.192856963008325,306.3161038946492,22.65667414343902,sport,fog,mixed,261.73352397229945
18.585934958188957,25.078384601368015,-8.824878859083798,21.194811122950977,4.235355688455684,30.382915897800707,231.4127740246059,31.63754249252787,normal,snow,highway,26.70880799317033
48.58318188877902,31.820834441270403,8.774862066081049,42.99875143072598,1.233033818401178,28.596423798816417,128.03138771315776,-94.81995435794475,normal,snow,mixed,176.52974061574136
12.625278728073802,17.851696104976934,-4.462574608474547,78.39482937113802,3.697064446989808,29.41203527271668,294.7018066012733,8.073472423007644,eco,snow,city,19.244420441951114
53.28011319427081,21.014071432990768,7.62377207978497,28.079577454875334,3.905153521669595,28.742898674506005,358.4850230803659,56.99634639976651,sport,clear,highway,148.40614248356246
69.61906105309612,27.403973001304806,-1.323154018055824,22.03938465382629,1.9871763619353784,29.94729945664109,185.47403881508345,-86.17982444292119,eco,fog,mixed,333.9482270229647
20.66523612383364,21.186081477053364,8.66524950614437,1.19443508560372,1.9197672644171104,31.676258184207946,252.47181530891766,-17.365426950696047,sport,fog,mixed,57.96271513521749
35.99964450182491,41.29681472366153,10.876140305376516,56.59717165220683,3.2889813251287463,35.254484839850264,419.8419852360166,-34.69774539397963,eco,rain,mixed,128.51772452001333
45.805296295194125,19.748587681772943,5.029556139045919,51.437468317821924,0.46703840880107983,34.976150047365074,74.34088091123014,82.73312507040333,normal,snow,mixed,169.287133104953
92.75779221904448,28.669824646592758,22.831097473656456,28.064129236485154,3.678120751087545,33.748798520765824,272.61220963705017,-62.839521358708936,eco,fog,mixed,426.4811778391668
99.39295138806676,33.17097721379627,35.94260256294548,6.43825968116289,0.21443379919705463,28.192898876382607,174.20633091461409,-36.327917371103965,normal,fog,mixed,426.6047909281941
14.042016909605426,35.75591724482533,10.029768705263617,51.51070495150043,0.9529515056041299,30.731113610564428,351.3973791086152,79.6889489982606,normal,fog,city,46.598975151404304
78.49071311458529,26.4920810917952,-0.38284217624892847,94.58461332859575,3.320718786206836,33.45878741187616,9.405121581197328,-33.86933878800545,normal,snow,mixed,281.00879774967194
43.45516597621089,41.07297206174185,3.5361379097991676,85.83385575926124,0.49161833545981914,29.032231174712546,335.2366499015944,6.269488117118868,eco,clear,city,223.50185511186743
45.3212367606532,32.049574532337765,32.70004117481845,103.29538678322044,4.85921045738395,34.40870280012727,51.4488670080937,-93.39293255382412,eco,rain,city,177.42732760481337
77.88384760123205,28.185233413426552,18.581986163507395,1.149922525578675,4.3419810473095035,35.31658943990075,32.383876496829004,96.98048723500722,normal,rain,mixed,295.0240289287455
92.65837889308678,17.017219021561097,12.750551615347863,115.97031801655181,3.1315116620336827,30.832835573102603,362.3116504793065,64.9893415742379,eco,clear,highway,383.72609969657935
95.58357350522935,28.94068405335495,-2.518163924553665,40.969470315293805,4.095287278346749,33.64674449491066,320.17107645203674,26.880188949335263,sport,snow,mixed,284.9956534418969
61.94103274344887,39.62207522447191,12.486365416189098,118.84773553103577,4.43790024294784,29.185633061349705,447.4679654463294,-87.84894538200393,normal,fog,city,242.29898875050793
42.14090433704526,33.436230546639464,3.9246001678693325,30.314335272212958,1.2973782478590923,33.52653159290421,259.82747790032255,-85.02600772544386,sport,clear,mixed,144.2220841889226
80.87941772729013,39.96487361187355,37.15815639266746,56.584366509389376,4.247057939746598,28.171643298296345,265.01221276358353,8.99472615813795,normal,rain,mixed,301.88889457559344
32.59012449360702,29.820350117979167,34.20350547078657,42.47132118903644,0.973968918188009,29.206172054488807,353.50891778827526,-42.98711275931315,sport,snow,mixed,98.0917210407902
60.7666625950166,18.553851152834454,-5.8048729085901,42.69128579931631,2.066711320744077,33.67905157286936,161.69878817662558,24.557889500634673,normal,fog,city,252.66876237769785
42.272061537238585,15.409195375076433,15.832674463062144,101.0738518497859,2.7912981562429966,33.69480178301045,18.456227710966278,19.638496369554474,normal,rain,city,169.66972028297607
69.09679663370885,24.096586401557737,1.2529172757336031,89.57027276848065,3.569454815370162,33.12930164676142,115.02291285952893,67.73027965585956,normal,rain,city,271.0983524375542
31.635902160415622,35.939714144933774,10.538854476214532,119.05817222760578,0.1507065886126402,31.818912195073626,119.0067059481833,-43.72458785747153,eco,rain,highway,130.11322439665435
27.24336511613432,38.70779711825081,33.84239991257282,73.6217619261015,1.452547063890945,33.39926472937556,167.82942513909694,15.57270489819851,sport,fog,highway,72.91915707403803
92.64151780078933,23.872585038609884,16.375725994427242,55.59079252734032,3.0425954910519515,34.19040638631031,471.73136652023146,55.47266376775218,normal,rain,highway,325.4719520040138
19.162331465458323,29.869617626497416,6.7107646685379905,10.808863553626935,1.7868433957455938,35.73185327229395,402.4213993315739,-1.8454027355347478,eco,snow,highway,42.80412872185588
55.53621169614385,27.63356713302245,0.39441770524985387,119.58737034166282,3.875125278147467,35.10912825238884,467.97812260259604,66.12873298778891,normal,snow,mixed,168.65794397004404
29.876750466670803,27.315683530542834,30.016242970324463,66.18367835187395,3.258260805753581,34.356273620528995,499.3047950565002,-73.74475968524541,sport,fog,highway,82.64719715064135
13.50369669931007,21.940461396004515,21.225900768217357,84.05729636281701,1.1720072686186789,33.55806013371498,216.88950204352224,46.779553029428655,normal,snow,highway,26.279024873906636
13.241693646228375,19.09113315088375,13.40327302131156,48.80908646295737,0.7296448979616654,32.593244363458936,113.53665834015231,88.59641830419568,eco,clear,highway,37.69088806788613
25.76995948952446,20.90065674693639,0.8742176931489016,65.7258849815083,3.1452349679352523,28.96487058681533,280.00208062762454,-33.623335801286785,normal,snow,mixed,77.57104369506986
88.00933190554002,16.659971614900382,6.712318707856568,113.10932782714646,2.2523366385237886,29.324454736787143,440.5672069740594,-26.732711517607015,normal,rain,highway,315.80250196114355
35.4230869579324,20.94392225470731,37.99217133692593,19.97033255179233,0.844785205506593,34.562236485367194,232.8659305072891,-83.29006456182906,normal,rain,highway,120.24997490118986
95.54132535177662,15.276026928761384,16.00449688029172,35.08471011963055,1.6318710265918868,34.42650329765777,252.69965128612677,28.29855591494234,normal,snow,highway,321.1007334910056
62.34600636902742,33.81775201907935,10.034964062162647,18.24716733336388,1.515233741592933,32.9156714077869,67.21955296391336,10.490145126974042,eco,snow,city,275.9061107942992
49.29527707918895,24.491262221630485,16.071102117416196,95.06590845657297,0.5406598616968755,31.510721061729228,210.22774628388052,-91.93084825352645,normal,fog,highway,193.59685916038023
62.207995120250914,44.19434134280726,28.949425294980436,7.4454312506195475,2.73454509632614,28.208261198588843,193.49740490428908,50.44240539426235,sport,fog,highway,180.0920795133704
56.5028546703641,20.811511523288935,7.005446825143437,9.795797982160597,3.8182431695627708,30.61741554022835,175.8442514327248,65.85689914900499,sport,clear,highway,171.33902608051238
78.28986283815927,25.374857109287817,-1.0646939533695576,35.819293534484245,2.8773344442649353,31.365117260522542,443.6493349620999,81.42392082815081,normal,snow,mixed,264.48008748881944
35.424645937556704,25.735234759245998,19.24680591695239,61.70258171052135,4.131456824686762,31.886530289387366,29.650716606166473,9.14681723412842,eco,clear,highway,127.79180445702792
41.77453524402721,15.253544881873816,23.26020517405336,48.752976067150385,0.6378427360771566,35.43459678848967,486.0735914486735,-9.483993019648523,sport,snow,highway,114.76844762200479
90.46848722799257,40.17623859118377,25.63590014792748,5.377957280496872,2.1780592891111192,28.869675198401143,4.1234126365680135,75.22743090641549,normal,clear,city,397.5281469506483
95.1810861835365,15.959833804329742,34.09937953830648,114.89898694451418,3.047075518290496,32.150935358238165,472.7970069749045,-20.260636186372196,normal,snow,city,337.14328930141767
90.33024047378271,43.20539504187724,8.558706034455653,114.34434244297005,3.3800078047095368,30.94337837566624,274.0237514192718,31.08862504691234,eco,snow,mixed,355.820631767978
47.75031945615822,41.762230532808616,-6.23225518855541,33.52275878889118,3.478931532117135,35.920784953728415,351.2226222000579,23.072451280185263,normal,snow,mixed,145.56134235427925
80.23289527061935,31.065657482578906,37.917429181547114,87.78307383222977,3.6448271354894053,34.89491213026324,93.56642484756162,-25.56778003629762,eco,clear,highway,335.53501834801904
52.87021599709889,31.307867247338763,11.750596371873758,69.42904936598686,3.2571490609800833,31.510286833911366,327.1057695083035,-82.62201248679037,sport,rain,city,182.17948874587853
54.778586693149194,34.613337688684695,21.162875483656567,28.497203400674888,0.47114044470433825,35.99756487483808,440.9788342638663,-95.71689226586287,normal,fog,mixed,245.97115790414986
28.421209815155557,26.61150035804661,23.315266156414616,31.460586208993853,3.476528388011482,32.112505971771974,69.7400699168258,-14.35245189292256,eco,fog,mixed,107.17487202303552
63.20172729326648,34.41666850193566,17.325685435060176,58.93838091725406,3.623913283871938,29.336942372731205,63.54080613664498,-3.759685035328644,normal,clear,city,266.56046319542173
26.752230797801314,16.343051660654606,0.2628764868135054,50.30843297968322,4.967399671668136,32.446997534613715,151.98895457473637,64.53565363797838,normal,snow,highway,52.199051365095
39.84082291604744,16.621428820491797,27.75715250580707,34.94751938775171,3.46681218350563,29.809646126429172,80.86294623769908,-17.117670017705763,sport,rain,city,136.64007938250538
86.95271814579417,28.716912588586332,30.187598715204082,96.90139155661787,3.4341519787577446,33.09050272061002,55.32292404667355,-43.76802505330615,normal,clear,highway,328.21871504059476
28.63682282897697,31.488669033181047,17.64877930087199,57.77555011648619,2.57406645090986,35.499521399071405,339.1595179926459,-7.580706384969346,eco,clear,highway,111.72329190945152
16.404245665608954,41.634529210074575,14.428058029242077,78.58176748669534,4.3396145429255695,34.28958861468023,106.9133069562454,-52.40190391519577,eco,fog,city,50.510116174165816
16.21068333515347,18.13981901723689,-4.303090843600734,22.712820020145056,4.9841738098057915,30.18530952335244,333.5074497009931,-81.7278777770087,eco,fog,highway,24.564376166173833
94.6706068452797,39.679437815816684,-5.802416925010808,64.02091950197841,3.8952243509871605,30.374868999728058,430.96461355790814,-77.39139326277855,normal,rain,mixed,361.6831356773131
55.622839416565114,21.30142011876209,6.978242278176438,38.15712593359458,3.062501889289042,28.554305624722495,326.0123957065003,-36.16910802061448,normal,snow,city,202.73509237943924
46.84708646353165,26.822509455300956,5.542307775869663,63.169633247385384,0.39477413465784095,30.286942685170217,59.68353495770046,-97.46471648830186,sport,rain,mixed,172.27534818444272
82.97907229071266,24.498073044822387,37.682822548163564,93.69910000931138,3.6336956586481377,28.740998397422537,286.78878702372253,-55.95934266375237,normal,fog,highway,289.93670338389137
85.22433351194644,27.00465818596197,29.181137122171492,92.2695852109514,3.542807842909752,31.99558975460514,196.8143421057754,57.50462818647077,eco,snow,highway,299.7059557380803
39.89719298040441,19.514864942177567,22.996214762952995,42.506481364113114,3.8778407390471585,33.66677663598606,171.68546836124736,-53.076561513937826,eco,rain,city,166.9820083681187
72.42562517264157,30.107102232106648,15.882404450880252,83.31325404955669,0.6227769419974466,34.00944929199327,159.26573431491607,-77.85409779209682,sport,clear,city,291.923687491372
79.40105342666979,39.04927769494102,-1.6316234636674327,112.95479404731324,3.2686625006307173,28.476233857985434,464.71611190982276,89.81611199890781,eco,clear,highway,323.50865491574854
68.91856181793591,28.24602031136691,38.922833609214194,75.08031959098876,1.4786195247583733,30.719647185905615,371.2537283388639,24.49402327032388,eco,clear,city,354.5467703324387
23.643556732008943,29.718407276945975,8.752034912010501,17.809214805916458,3.8013562170141686,30.30537413237947,66.9243947901475,-87.99481011286683,eco,snow,highway,63.703868884826534
88.82947751653514,40.46302755843943,-4.6537198776377595,81.56503551349142,1.201869770157331,28.834402583898676,238.00273986623188,-87.55120670101944,sport,snow,mixed,275.83245283642646
58.51850974624078,36.181743439140924,14.689944785787304,12.588526361917358,3.4198933841020533,30.899770487456045,159.11153762695977,22.424425139833943,sport,fog,city,199.25011712480648
35.422518373300335,29.71363225559354,33.69990058065416,104.65324905516326,1.4749647349198987,30.39456087311389,488.9691562729791,8.025760412982336,eco,rain,mixed,142.4237293972115
48.27053668939245,22.73086944567539,34.36455008886647,61.99925949623284,0.04497146408715569,33.07599383471421,489.01448647658475,-86.32504552140303,eco,snow,city,218.60678973969837
13.381398135901664,41.547802405349,-9.451704197177637,46.21688835738954,3.166789559865477,35.0664213098697,159.76723716651748,-55.13690500533293,normal,snow,mixed,21.31661244518464
21.50801211001758,32.31061205071675,34.31478723756999,6.840791357963085,0.5663454157946118,31.638733766985727,176.05655807272734,85.80858289711765,normal,rain,highway,74.94758954405255
78.89920754642748,21.634428303320803,3.574210874992925,45.69404815105316,3.2964573639410704,33.97332138213455,299.70710356827277,14.402162096203469,eco,fog,highway,324.54559468918126
10.001047127982952,23.07359257914031,-8.051381801578847,108.38480014989473,4.628047241784687,29.168082936885394,239.65350716375005,-11.934920370433957,normal,snow,highway,0.0
47.490924563406296,39.09399266808738,32.389513518143715,2.5179595543563815,4.846229671055451,35.15973102915092,106.55043607922072,-49.96891761592679,eco,rain,highway,168.57993185135697
57.02591629770296,16.324366862623663,33.193337799410415,56.95777893381659,1.179615436638063,29.22075790572074,330.2060834943057,-73.2603915396258,eco,snow,city,235.36683046346758
14.917097800087507,44.762765610864605,19.811553992117503,111.73897093327467,4.046266138253275,29.536809444795114,167.0643219376192,-19.473663177863784,normal,snow,mixed,14.5093519375495
97.57703466750996,18.910550391443753,18.72168786481792,47.38091997180253,1.7677663843622016,28.851710428701413,326.8582491660838,84.4733118662601,sport,fog,city,358.82535666339425
30.351279812470473,38.88205576190812,30.65601363107097,51.381082495458045,4.502285363739912,30.47743601216429,191.84076116389986,-90.25772086449166,sport,clear,city,96.39873056949526
37.37788476726528,26.843259503150485,29.315477635513993,69.42720662389439,3.937447843146869,32.41928357372421,350.1049469281358,98.19576318857332,sport,snow,highway,77.0668827909199
37.35482610295246,29.766485498624007,34.5052736721352,55.552480029262014,0.3696085832288182,35.90395289125061,333.89973544482524,-58.43745595959844,eco,fog,city,188.92179688345485
30.73749959056149,41.419517323937335,17.637372379835174,20.23220294850629,2.0356849693863865,34.34694427726035,254.40637796050035,-18.246527920198147,eco,rain,mixed,129.98696662631565
10.132643987768027,27.387335687676398,38.382354636640436,2.2266646883832486,1.6865891300483704,31.043486423135857,352.3699953554154,-90.98973836685649,sport,rain,city,17.313975164380164
75.64103146791967,31.124812610197033,39.80734154666692,73.1773989574442,3.925905103616385,32.60676846322856,230.48283811600763,16.956440621606262,sport,clear,mixed,252.06412956330445
97.01609498193568,16.478989872275097,-4.17276950006837,110.49679044093746,2.0514285532657954,32.98646424751366,58.06914982506145,-3.2889469198016883,sport,rain,highway,298.26868041525233
30.186413495654055,15.070424216023595,32.4771879777061,12.763695963259876,3.4229419882654186,34.58181776997878,91.05312666867732,33.34140694695597,eco,clear,highway,103.18244069968262
69.67424726230801,22.343996190051776,14.991112887429452,25.314326310330408,3.012176277952202,33.89161428335841,122.99656708280644,8.535625458294518,eco,snow,city,285.9007115412837
76.77066942628436,35.41749278756302,9.378316914991604,44.42753829899682,4.8781935954881686,32.55432901576912,31.614464112848296,-20.364443070586205,normal,clear,mixed,303.32217413658014
86.35828411814722,18.637946800774102,20.65361549413575,97.04906748253437,4.6889247840080746,33.353464216317256,355.69061031533505,47.551339562334135,normal,snow,highway,261.35489773275947
48.03662773122482,18.412858764136484,-7.201722136899649,32.31123797651731,2.1384975736935936,33.967340887703195,183.69511341580917,-94.99577444260845,normal,rain,highway,167.9556298470343
37.26378150763863,27.328818241077098,15.323055938353995,105.84652851345221,3.6178910582057466,29.065152473067236,46.76164816349865,8.205804174919024,sport,clear,city,124.31961927482132
39.2765620620728,34.4351111582468,33.54452850133333,6.594944958007969,4.147300469906109,29.60364369044304,409.97906036279016,-77.22475923419813,eco,fog,mixed,158.49852438134454
74.13591997886616,36.362159767437916,0.6730758069484395,112.91479455107219,4.494428769310726,33.50867431126014,341.82714223178743,-12.798333382833334,normal,rain,highway,240.5523962205936
83.51015198550725,20.353520222951243,11.319494738471256,67.28964934485178,0.3406713188824184,34.803404495901056,226.11211856385043,58.225063371603284,normal,rain,highway,308.5973795574671
26.34525709809424,17.387644421161273,36.974044385743774,79.05332141852455,1.510393996367484,31.27409826159814,123.71266754636711,-71.50785074791997,normal,rain,mixed,93.09219822681155
43.38469073419887,43.21191101836632,11.428191890284864,44.12274270436237,1.6011502048426092,35.83912257976965,75.87294689642337,87.16206975449705,normal,rain,city,172.19369335332104
91.17461770742351,22.819991476863052,7.918381616619918,93.83931426132723,2.172229756099393,29.728573861386984,229.187095877531,77.7009384782809,sport,rain,city,318.14053159263386
82.60241677252652,40.600394928261714,12.02683240616891,19.987950010128728,0.8463237535770951,31.33359425634751,442.6228715052812,-17.0189858266603,eco,fog,highway,358.78300766650693
98.63725624862282,40.90474351388455,15.972638325877817,5.869419033418444,2.4810293997500406,31.028184347706024,94.19766163598497,-98.80503185481268,eco,fog,highway,424.5279444794188
77.88234337138726,38.17567775287633,21.599567206573443,47.46203317290686,3.31607163649228,35.442367525811434,284.32961449574395,57.948965334897196,eco,fog,city,375.9529995025507
45.38756809251301,20.0650081995771,30.034640045836554,102.44348567772474,2.486819601083589,30.283028140580317,480.842997611128,76.17916068245657,normal,clear,city,167.87909595937674
63.1574050595174,39.654043777626015,12.605110288215712,90.59122039652335,3.328965475988079,31.766326224337725,318.55828738230645,-65.05238152891349,sport,rain,highway,176.73980903586755
69.49128288225883,38.0775167772476,30.874046754507013,62.05871645867496,0.3322081590895015,29.497870716922634,219.98236507793416,83.23844176331141,sport,clear,mixed,254.60102527251854
17.061023468541155,32.90168970318651,16.686033067604033,68.65652965984242,4.379936658537051,32.17012990849955,358.1864864694542,82.81945545893922,sport,clear,mixed,27.437757312161942
59.00472631934786,25.116061055068585,6.9240255183988815,15.58713915585065,4.6953459605053425,34.85923335570873,412.2889595093532,-5.741829793161912,eco,clear,highway,227.93499198491926
73.83887456253487,22.875258127996325,22.897541405970706,100.88178103410986,3.089537120593243,30.432315695124515,295.2581489434211,59.60696215956838,eco,rain,highway,292.40652252783786
25.058917360095435,18.65667636241077,25.88611273717457,94.43516195570363,4.406954993184485,34.48633657730262,435.9161794964963,-11.010404345602325,sport,rain,highway,53.059700469174935
80.25685456830014,30.292712007026143,17.902448781474376,78.77644726643312,0.6572300832410621,35.29049265740501,257.2958796878688,12.80925318372357,normal,clear,highway,325.7310279851201
62.539550246270046,32.5578262652954,-7.169251343263829,55.94292435947261,3.987244600381551,28.583663117716508,415.01450110312834,-36.03219803804733,eco,rain,city,273.08658225144666
95.69996071278352,25.78016971547362,-1.505856241958755,115.7351121935415,0.5957409673629699,34.05139629055401,476.0096202028476,-68.10613093583511,eco,clear,mixed,483.3337937365241
13.818006838620253,29.260772030426057,4.26488604451141,105.48383662517654,2.0400511574876834,30.042747489203926,250.62173351175855,49.30731676280638,normal,rain,mixed,30.80692562289753
33.87935237999203,25.905433721078,4.131280297574655,77.33165922175422,1.6190926727913753,29.402621300293035,302.5008577926626,-99.72143109617286,normal,rain,mixed,135.38804759761405
64.13984913698417,34.23018171962104,23.671040012343525,44.61611972607455,2.9279591261022713,32.808979136200286,304.7337714749175,15.910537929756302,eco,clear,city,318.9317946058164
36.69039209853376,42.0377762338969,-9.08256691631837,74.1626734417815,1.5075726761976678,33.6448209298296,390.7174317991453,72.93720527569275,normal,fog,highway,114.68947125800076
74.2981747664118,19.917607861408346,27.784088852475996,69.05291118367984,3.186568148335663,31.15808788588171,411.4829200887114,-55.744542644709895,normal,rain,mixed,283.2955767563197
78.3104754269738,26.4422642970937,3.2671237403466584,47.30903854018997,1.8369364457597892,28.313389656657524,13.614658103030363,-33.42010864039952,normal,clear,mixed,334.0252736398571
19.2264367659827,19.22605811852584,5.50109231080512,36.80087660256913,4.3039519051523225,35.26963619357434,366.6797820451939,17.497170572892557,normal,clear,city,48.90754029924925
56.24690177860909,33.74831311223496,16.395491397196214,48.841295068478686,3.1694192010980577,33.84597533477996,391.90762231511883,-50.62595069377198,normal,rain,highway,184.36868196637084
55.80015000319503,36.86611528465787,0.7962800469478761,68.86936872400774,1.0764914866072306,30.17333445346412,350.2147197291184,69.49737146615661,sport,rain,highway,163.7584672290682
43.2352693193987,42.957381977923674,34.223565678776374,51.376181365331334,1.6806471101404352,31.97491084595792,356.847829661548,-26.67936657748899,eco,clear,highway,182.6479977954046
93.96323763127049,23.366157787828946,-5.731561033671736,31.62893858416606,4.237104438133279,28.222342319736626,20.701429592134723,16.32274396397723,sport,clear,mixed,326.966406677905
84.47556878858991,43.5063361759629,12.219118115053245,91.31559813129705,1.9323987499372923,30.714262254447533,221.01933097445303,-54.77577048015825,sport,clear,city,306.8696995384721
72.7488443718673,16.897880154620243,32.4711134727445,63.77609951488955,2.678995327828226,32.180281884680944,409.0898248608703,-91.72273260180286,sport,snow,mixed,208.6839284497335
74.28939721614978,33.09041590093764,20.79219472106179,8.121019587071995,3.2447096797616637,32.13778892093,467.00357064755184,-65.25994679726787,eco,rain,city,356.1148833169292
51.55445294318072,16.7139815802999,4.616475792131672,44.19798067513506,1.739048247929584,29.66547902406833,114.73396028596738,-90.76021247823935,eco,snow,city,227.2874477155204
92.88950689869183,41.81322563285835,11.038010388823036,106.18961486543922,1.4698931537903415,34.213978929471125,289.5974701763975,-6.2792200773561575,eco,clear,mixed,452.22620286767017
72.51358845279569,30.894271712101624,25.334719017125735,90.62838374399423,2.3762745130401433,30.39089726821315,402.1651197752918,17.327478183609884,sport,snow,city,216.71077245785378
75.60829554902348,35.08045052288388,38.66303716819497,38.78961407328085,1.0744048604639456,32.643280185423784,376.20382142959284,-91.06495846290946,eco,fog,city,376.7818593438495
87.55218134086107,39.947217777313575,34.656935918971676,112.58197824534109,1.4210529345953171,30.1721778043038,309.44505849003957,-81.90355569241343,sport,clear,city,332.53558730567545
34.66644304079719,19.509318674519065,7.12164041911884,9.192349002985218,0.3103924201601804,31.40134298389416,9.345594131000112,-2.8949946379298126,normal,fog,highway,144.71697236606738
82.63638134800327,16.157746858144016,39.90989396439288,115.34816446706267,1.5198513798550273,29.66011700200184,361.94292005578296,59.83598644019523,eco,snow,highway,304.56574437067684
27.571654266084284,41.366434377385566,-9.824766823447087,29.48461109816108,1.6035204668178467,33.06406234025631,386.6212516394075,25.601835783143855,normal,fog,highway,73.4649009741706
41.0807757020399,24.447996823767973,-8.618512209579245,1.0913016362903116,4.809165831456598,31.404674881130806,361.4247533128175,-79.05795597922611,sport,snow,highway,85.87633679002457
40.20494088428585,18.86936723781496,31.192025758559694,52.05696438219921,2.9486441273294006,28.128938435902114,382.9045807449784,77.50845476829895,eco,rain,mixed,149.20735755240534
98.06729215502266,29.053837112612598,-0.026865658347398735,43.07645156244104,3.936912127079028,28.22531995213413,215.45744633943013,83.49004695794935,eco,rain,mixed,434.3092897331217
87.08835013731341,32.94918227088056,-6.961536580187957,64.69068062481526,0.22688626390161226,31.76907454777138,496.8760729626955,-35.00863443010782,normal,snow,mixed,312.52864736536685
73.10528754312338,15.929118102675304,1.8574036618251117,95.61274326838145,0.5326834680418596,29.465806935242835,385.39345793632947,23.20355837627244,sport,clear,highway,234.04125651479848
75.4351085453851,23.24686974771263,11.30500769904301,101.09169625805364,4.072684804312962,32.680336385157936,289.34000263999275,-1.5345699630576348,sport,rain,mixed,236.55076427238615
60.586551496231394,15.98399622830688,26.528313521670242,48.14759995340302,3.1177477470881785,31.26553425417617,467.09563487331195,88.40475372596444,eco,snow,highway,203.99981129839028
95.23816003976671,27.61006167586497,21.216776327560275,51.581489244762025,0.9549101527010145,33.23535868431778,454.09916972900913,1.7497065897471629,eco,clear,highway,424.1853495641472
54.66328775941254,41.853000871987334,1.881060878021021,17.78132763953684,2.023977029308691,35.619161392511614,407.2835326671325,91.99316274241284,eco,rain,city,243.6765078733381
44.246593888290505,44.479572344807075,15.16352240502922,5.705713065739619,2.693362499908114,32.22988907836203,281.84745949188317,-60.13148989395878,eco,snow,city,178.06558036079565
24.67318032384319,34.111426605108825,36.310705269928434,76.94579882820297,4.218049145687209,34.29902882872079,263.55050957335675,-30.89264846086401,eco,clear,highway,82.2833312462856
80.75850870349522,19.849130813537755,30.750388849187885,7.7325150663230735,0.3020599584724709,34.024327970527494,164.35396598726038,56.26904801922748,sport,clear,city,326.3853438422602
76.09995388680323,42.17548169997917,6.159489241589668,88.05961433057472,2.983611446836812,35.37432883459092,125.43898955197419,56.72214711867355,eco,snow,city,320.3125460676145
44.59195346717214,30.487434696001813,39.11322806778482,64.6908174026697,3.5851796079334197,29.712142937904048,256.17975848754327,46.43665479134103,normal,fog,city,162.50402005494084
12.267407256330642,19.612479363087544,25.431020021756545,23.82995738713001,4.889459289552297,34.618615766279525,288.8908808559869,71.92229293306082,eco,fog,city,13.292730133187225
85.50975949462097,42.651800083549844,-6.877532216660911,64.74275322151796,4.035800391460922,35.24416302803749,122.26321572942278,40.50923458876244,eco,fog,mixed,389.7438954210618
11.027618510866628,37.72407152169309,-8.241964335568067,21.95972599225186,1.381136567826367,31.14210384758062,461.30062182673936,27.21702889444677,sport,fog,city,21.31785406743992
73.33298016661459,36.951158181694545,-1.5796025494985013,52.64846490124944,3.5478959693913255,30.510529556791745,278.63699836715926,-8.214997384497579,sport,clear,highway,216.78011684226277
97.32313987534513,36.27542111383214,26.392793402507337,95.94723794906747,3.8163894246348855,35.6162872774263,263.2526626910733,-6.582451334134618,sport,fog,city,357.1156486106034
49.38951953333831,21.01019463289327,-0.8130537078786055,55.43031520927649,3.648677499591976,33.021062577110946,217.8191941830701,-18.767701359151673,normal,snow,city,170.58966868707245
31.14760644963575,21.33020075122578,15.574338460441677,17.84391819570579,4.10072033975935,31.04541188193175,29.03564785843027,24.042359940764072,sport,clear,mixed,84.25199836872179
73.43839090390435,35.64878995281765,-5.336993990958413,86.85944181875341,4.518649881068188,34.334621767453044,441.20066722992465,-18.66721415340129,eco,fog,mixed,314.15452838643296
83.54153278140267,21.591682503311908,36.04430789150975,22.41220995240106,0.49214934494670126,30.43579121292572,158.4971132215149,-70.50113718268061,sport,snow,mixed,268.6059001435143
59.17872844700626,28.160150904091466,7.198030679178377,88.62598492441313,0.5238192884055942,29.411260688558897,321.2301672341472,-78.69407675827065,normal,rain,city,242.2648278608595
97.03317477305316,38.46005476781824,35.40660282803154,57.522274705899996,3.98199994385323,32.351757086381646,303.7167794850177,84.89445504875556,eco,clear,highway,401.88684165115507
14.650184949216499,38.518575542935224,37.243782095527216,54.449011091316194,1.2618623826073545,32.52969635928483,292.2434126922634,-95.05221849242338,eco,snow,mixed,44.768220024906235
55.43160384740753,28.59785317577579,-9.693567634315961,102.17220454289698,0.2927071097503897,34.6059718581387,262.856101005792,-78.90654763886951,normal,fog,city,237.44678657031778
74.6608552590295,38.76569814825736,13.206759359936601,85.03242292088025,2.006145904903029,31.65621884016344,90.71991671566404,-10.939025070882664,sport,snow,city,237.7293218256717
87.63764240342611,40.1586538859417,-8.767197214655356,3.949295634592711,4.099384559130391,34.516692316042736,140.30287052398276,-47.41474661912404,sport,clear,city,307.5552628521685
26.133005071701103,34.64327253852781,35.43463831514529,35.540917752192286,0.6328251190699019,30.49058143478671,262.09403563515,-18.83021991957081,sport,rain,mixed,89.9936846097288
82.00031335873133,21.852775569252607,15.920377236728793,104.51047930198783,3.3592098590223376,32.602945617422336,394.67122579846296,-76.51052368122333,sport,fog,city,280.75412962494477
59.743636814669074,23.220353411566425,-6.252799365075159,2.199140225423837,0.018079308857838483,29.667782231205727,215.99448532520933,-73.81861263052521,normal,snow,mixed,222.21028147644145
45.68983137909669,24.44523466226206,-4.4861635861716564,65.43041355143644,0.5486872360622497,31.08356760733277,101.96127652306541,60.131581745023055,normal,rain,city,185.60426017806472
21.854352572118422,18.50412323201856,9.175451224636952,87.33908030087326,1.7542517288424342,34.86031758266281,43.972212402712984,51.821748820060776,sport,clear,highway,70.25095481854545
87.87661830180211,23.194788611098353,37.01170964364447,74.6227302581491,0.41801140512207013,29.72790554748604,331.5055017470121,-79.14942685507714,normal,fog,highway,338.7170537256636
24.154588736174382,21.28557672937596,24.64545757840404,91.26386425253237,4.229508337185565,34.48191570319414,211.6699853105823,33.558082979804,eco,rain,city,66.8061454761567
37.880907328818935,28.659862494258064,33.38094330945662,87.0830218697695,4.320352515727344,30.262973262779248,62.685446311320945,21.862264671096668,sport,clear,mixed,112.90704984652288
36.10409787661932,42.253126436167946,8.322832316998984,83.0436834183736,3.777853515497621,28.27591775743563,337.23343999349186,42.67254453604593,eco,fog,city,133.6903295868282
88.42726307717689,18.13440950261874,-7.8393150225000845,98.58478331107825,1.2123981569780873,28.87947656045477,103.78936542718658,-5.110219087505172,eco,snow,highway,334.60969451532577
70.54326947880082,36.60803771842187,38.715881860220705,77.48288021394461,2.6162353761998993,33.967036362566304,254.50802415183855,-46.00263449331183,eco,rain,city,335.54780992470194
81.7013257472235,35.61849013239383,-9.141350466881523,48.29021931083785,0.920942627616857,30.096567412017187,153.09398753843024,32.73583387130557,sport,clear,mixed,301.5967119597308
32.54211089132491,17.87262595990073,37.38258265405445,56.629093189750506,1.406392250365554,33.23316473793018,465.8450322170002,-25.728514695435607,sport,snow,mixed,89.97835492330111
66.23866896462991,42.677172147174005,8.433871192457236,86.00697392177406,2.5800264608689556,33.59359122205787,114.1440331355828,-56.209419797567904,sport,fog,mixed,232.69576608450257
61.45713848293738,32.05416606470459,-9.495479748905924,105.15672356001528,3.675069042303989,30.760947715477478,209.95926077101424,-18.274197256143367,normal,rain,mixed,220.154154190791
84.9547339109444,25.911765634070527,24.457861586225413,32.66625610077308,0.4732719019681958,31.79935189768912,479.7467984140029,52.6539671201908,sport,clear,highway,275.9726817944049
91.54783544331345,37.6961575048592,39.02701520156771,41.04921551652849,1.4834834881404309,31.230136723646485,159.3625899691577,-4.841360692759622,eco,rain,mixed,433.86276889673906
11.094109432964812,22.720963752049023,38.281286141879626,111.68872756348952,4.633106742859611,35.57879197083627,322.29658150550006,-40.02714731331558,sport,snow,mixed,0.0
70.66179271529134,35.80529511138961,-1.9531494398790787,69.42141508913345,2.1456165889094407,30.5595908988127,158.3635218531626,66.37372296476565,normal,snow,highway,221.52437889863123
14.665221920775611,16.191336227167415,-0.9376096966922507,21.475418056200123,4.694348369546572,29.466584337799688,55.3374895586245,76.32875103618696,sport,clear,mixed,11.866026326557826
59.39727985696203,40.18224112827816,18.276945730983005,79.64341666948593,4.957002707760678,30.924742743004625,313.7736163421464,-13.349915245465056,normal,rain,highway,192.0235852231946
35.88694561393104,28.445125410639555,21.86524132141622,118.89145866472556,2.63329913055708,33.3561256608161,458.0157676426702,-25.062395854621073,eco,rain,mixed,133.86198010312972
37.60989395699271,34.10078743073825,26.97089568329328,98.81442773644801,1.4402200489242527,33.57890152289172,226.2823336170459,22.539789403792994,eco,snow,mixed,143.95642879647585
41.76626531071209,21.63713459420051,-0.9474819763926252,89.48893638616833,3.953884042862895,35.392458522880055,313.08827134623357,-88.4051107884174,eco,rain,mixed,166.52255335702696
65.9163204144649,35.312211379753435,37.95035433822172,24.965598511952308,0.7965536776250748,35.05403587900648,304.4492066283115,38.26463211351944,eco,rain,mixed,312.6329373170856
40.06449691018923,38.1672082767983,21.936962814461893,105.13677416208087,1.2602342983603525,30.306564163338205,207.54485131393795,56.457521075449364,eco,rain,city,176.25848118969736
75.94291455312523,29.19639560653196,32.352345943527745,63.09466122426557,3.924399547496411,31.641305991740772,307.4483193823653,-20.511614548565674,eco,clear,city,364.7060636753095
46.40746470164827,33.53180772185383,17.00328576420859,106.71480264863467,2.1682296236601495,33.97815190546747,129.6590422094861,-65.07682999852071,normal,snow,mixed,152.9134152489241
16.151788027896274,28.689777714671955,10.713842379494128,39.57933953098552,1.0076896849383337,35.3322982448162,189.01895230152604,-94.2363249718273,eco,fog,mixed,68.7168819886591
80.53838582356966,41.822741077735365,38.8591453297498,7.446126316251931,3.255628724761622,30.697320102855134,221.15942818118756,27.449119897419976,sport,clear,mixed,277.05415893352284
35.71824921334354,29.936075415429574,19.106068540991803,57.11711623916953,3.6638093069084143,31.555531473415968,432.00434178124027,-46.201318673018044,normal,snow,city,110.7815812244452
48.949019163933635,40.25426127086457,33.343679139958944,32.38051257814532,0.6253561972528454,35.19582616362887,174.16644741662745,-7.222082575743144,normal,clear,mixed,210.9257489741905
71.68994948997113,39.04056174810746,37.6646198183145,85.82751477315578,1.3849012998746706,30.86787098526738,317.5685240579132,-22.728895668493834,sport,fog,highway,233.71942119231264
39.92105414338408,27.315144640450697,23.76773135043296,114.85278634272389,1.1063837768611662,31.844103889533887,106.70191870944934,-65.02304081050747,sport,clear,city,139.17284122853445
15.092709053204405,21.90253475572425,17.44693392593375,82.91689813818766,1.8992731438122608,35.236033129744634,126.28486452696336,1.6737336921408144,sport,clear,city,57.32428133403455
43.652894231153226,27.18246397679313,-9.824457454467469,106.43207156510442,3.8172244778803224,34.417945743918786,324.2144377299888,-8.081295451852412,sport,fog,city,136.25181104895614
95.0003724424873,39.786521273256604,-7.999017963049701,54.36288163214476,3.568540511371621,29.947447400078424,381.15496368330184,24.829524573966452,sport,rain,mixed,305.6106082092981
67.75609575687024,21.82897607458177,0.04256080255581729,92.5968884634362,3.3126195519185195,30.59836052329547,231.05858826314073,-49.62300109404265,eco,snow,highway,241.8451972545459
70.43312338004861,30.73309037573248,-0.6995784072002369,101.16521240060442,0.03142772934295601,30.823669819674713,167.54984838888325,-57.07218402931884,normal,fog,city,316.33331640665426
66.90539382738758,39.182902438822424,2.7379397599922672,85.30507531002509,0.7107165669019472,35.30190778744848,455.13577796613623,62.869011951294425,sport,clear,highway,216.45148420141737
27.90929250634931,25.604324253851363,5.246731884883042,60.93327432834776,1.116487745510334,35.991469896836314,67.90390752452136,40.438448992808304,sport,rain,highway,93.64413537436933
47.65004776920521,34.26628911008092,8.003274677536414,75.10393315384417,1.359779230194248,34.19203441724352,360.35711882467353,54.441290338312655,normal,clear,highway,170.5410564111793
77.58458185269865,22.368947221464435,11.026884503443828,84.06083948146564,0.7321327082445,31.874610419948052,345.0853748735515,-75.34203764899439,normal,rain,mixed,319.90224707030205
19.123560779784324,18.278383361044796,-5.056683077199267,30.370128386571228,2.051577757369448,28.081390544539833,345.12258136389704,-55.19207133459647,eco,clear,mixed,62.37710921895733
35.00674984807411,38.83152675278569,-7.881903402360898,97.14951130979817,0.37590292507012957,33.57990445278366,467.7102222117622,15.106303240727968,normal,snow,mixed,111.53397088719714
34.868719761926826,17.969058702261204,23.69722245365117,114.0389446760728,3.7501109519389035,31.11488931598228,364.09515049039607,71.44026937458162,sport,snow,city,79.42292011104576
48.88170348350554,23.141441852387537,16.866741242153886,55.82871782159232,3.9386039364805248,33.06389176182884,150.78259470479205,78.42292863369403,normal,clear,city,183.21193063068665
98.23318668479665,40.65328265992321,12.207210111005981,84.12806197318528,2.8713334480044903,32.85355170769943,176.70461211615464,66.38199245098545,sport,fog,highway,304.8186379494269
16.075229201543976,25.394078612360016,21.721997058417617,88.44310869484248,0.44852438520983917,31.8466564525951,195.55548659994716,-91.32041078311453,normal,clear,city,69.81864786002349
56.68308949425355,44.19136048542484,31.383970360177024,79.46970570257764,4.45041584773379,35.55509918181058,15.40433704905303,64.17583693114526,normal,clear,mixed,210.47922602147898
26.14282138109894,44.3920300432158,11.38464545581023,65.65381299943627,4.828179143540573,28.185170762842734,456.7551577041285,79.81823550421635,eco,fog,mixed,54.74020372954343
97.36088908687697,23.0482806136067,22.055973252598967,105.79775454897727,1.011817801608947,33.69705987578071,36.77630193240194,-88.65018196946959,sport,fog,mixed,356.52902123997467
20.19731542547178,16.229346667496714,37.67861119175794,53.87120511226733,3.523199097203599,31.278718946396367,349.8971410487358,-16.743821244602387,eco,clear,mixed,58.28632169091861
46.32409021254321,36.151898526161375,31.981224793078034,7.332354778392429,4.209693153212429,33.71032360393289,365.08050242165586,7.322064659340327,eco,rain,highway,173.30756896490834
76.40964863511455,28.52959507945031,11.300040525120473,101.34676508545923,2.6992176127135115,33.401757180317055,421.8575253152698,-53.44992542330007,sport,snow,city,237.51915129890307
73.40989852247007,18.02258531878729,22.23584189073715,80.87775267798608,1.6166154976337443,28.081904020607965,276.6811277977613,3.337131207422118,normal,rain,mixed,297.78295804388455
48.0455773204539,36.22568456934128,-1.1464539042030122,101.9110351799576,2.3927935754017633,30.28270796139737,362.6322119282684,77.1911575922129,eco,fog,highway,178.6244705512906
41.18717511574464,15.935247273357637,18.026109244754494,16.625693093363317,2.56134375392226,29.512732164030243,151.36146223297553,73.3885012691529,normal,snow,city,142.75528908133268
45.78511406975835,41.10590071476726,39.06641455692214,3.6903528611659597,2.0031852209401397,29.335890823539938,372.79200545639503,87.96745625149617,normal,clear,highway,147.12879814387355
33.78486368427754,19.159575873399113,15.915755760126114,112.12494484590016,4.649212468168531,33.82781347296906,171.70786863094295,-3.1780403210915864,eco,snow,mixed,107.28784734142005
28.479964483611983,18.81935636240175,36.38191495950736,17.727396702068916,3.7194155547125103,29.916410792744998,451.419239213348,-17.886610941215977,eco,clear,mixed,102.78885081314607
53.473572780300096,20.270168939057534,10.366746025163035,97.15827984845421,1.2065082112748198,31.797900919898407,81.6909038831914,33.15756380647068,eco,clear,mixed,261.088497317405
34.16803804608466,43.807990754761995,39.94224135923156,98.7851930616763,2.9277859365993426,29.975911962285437,157.87865533697675,-16.647884479793177,normal,fog,city,131.44695172633942
35.87154984075251,35.79508080761538,18.96100176137789,85.04462406588036,3.443445754655837,32.64187058748264,249.3847257775653,-91.61108079982844,sport,rain,mixed,102.82899331209812
69.10804571271014,39.041146063909096,-7.8865502882032725,15.751465331144514,0.7007821085106514,33.76459014447974,387.9252785740489,43.98429043409101,sport,fog,city,258.49878903101813
97.16835985299029,26.92904957198259,19.337739834569405,80.08783494729691,1.792128711900744,30.648597909585412,374.39955255151597,-43.80321174343524,eco,fog,highway,427.7856710776473
64.32734805034376,25.089381825148667,3.7286347839798317,106.69038999922388,4.52774140801958,32.82416678629698,105.35843716225173,-90.1829375465619,normal,snow,city,223.60257851070543
16.928152035846963,22.0345202034951,-8.375933898205265,51.06379737610599,2.8358655009260074,34.59883819530991,72.11784830589818,-95.87578469461917,eco,rain,highway,57.88915456748485
16.80252524686603,29.41944084937227,31.042665234733164,49.622022525431866,1.0849887303015842,28.753794281315933,151.98480214704912,86.27225371546362,normal,rain,city,54.079643184044066
95.62808987610094,31.554862006025054,3.7864818490377967,53.14299714953029,0.6139239905957539,33.68536479233017,241.87707583795125,-49.58479827116622,sport,rain,mixed,341.60954838906883
36.756171127660025,33.95324530958266,29.827427702324925,9.872626881144772,2.5911344673743884,30.58515955548304,269.5025224128753,-10.42016149538729,sport,rain,mixed,112.12531083143386
18.28602874742279,22.713555119960837,4.410879147793349,107.04306828359681,2.7384286151457204,28.981199652199553,214.56879547763958,90.11529057977108,eco,snow,highway,31.73889519973359
63.91401284353434,43.45962242708972,-0.2836823063112863,104.30194367766124,1.6720722567730617,32.36523366091479,331.5450583240035,-6.496604243854961,eco,snow,city,272.27952664763734
66.12839004612394,20.092754946214075,38.69677870522137,119.74911861483434,3.1520801420955924,29.810098554141852,213.77947179861883,-84.27813529473774,sport,fog,city,230.50407232495175
68.36543381068194,43.96959524299237,8.082266387750977,70.22197697980961,0.3434234310969436,34.57089434135326,473.16450496939734,10.387209449331849,normal,fog,highway,258.0766806025732
34.066182507178716,15.445683675225114,20.06881057215802,90.14299637416629,0.7256984663307031,28.343167276248607,130.484423990768,-82.36026930918696,sport,rain,city,128.97888408297013
11.359961579302754,29.433770754505368,20.499074640723578,24.320628756876562,2.731369105056296,28.78922317016718,313.6860603350474,-80.98242432529273,normal,fog,city,22.323894971439582
96.85138325090247,25.001035143496885,18.02367410867509,80.10345818690034,0.3090784692222698,32.16796900788653,305.6889693300659,70.29541476049195,eco,snow,highway,362.33248258812415
32.58037411219922,28.473702417907525,35.734787176060735,77.96794185088689,4.404543824955503,32.71153427261565,140.78736094114203,-42.115691327082104,sport,fog,highway,90.3923459034943
70.84236592472928,32.11993736942367,23.722053568343426,108.1450483009935,0.710731852282584,33.83909331618197,205.84381225701364,35.73404002248725,eco,clear,highway,318.4814727083546
73.59668828908386,28.06767474038127,10.186650205246508,99.69512674068889,3.3695993704226823,30.07408582601755,182.73680971998542,1.7848670657323567,sport,fog,city,262.4757854142952
64.90066753715371,27.44540550904785,33.1190192262137,112.61597551413158,1.9560172085721261,34.73408326570633,86.24953001024465,-55.534661759117164,eco,snow,highway,237.2190786696061
38.16166547922834,36.9817024623992,-0.9468550442017794,104.2600167241929,1.9989387377112422,35.625138718190264,238.64760631577198,3.5640597306415316,sport,rain,highway,108.90570504190347
34.398662838765915,35.57628825259394,17.21183788052087,104.24326738786223,3.824447643055719,31.99231442875891,193.3311265109207,-86.20129282004945,sport,clear,highway,84.81312639560026
63.79014544324328,39.998138461075435,37.527518597187814,7.646799202646193,2.49731067086457,34.08425091975841,89.15868003357969,-30.557530082058122,eco,clear,highway,270.8126669174616
87.94860702505224,22.49876943718487,21.269881494020634,101.51543432351471,3.6282773182193315,32.198786836350344,224.94002270888075,4.567245004098325,sport,clear,mixed,300.41936187386557
95.2060356031056,33.2858552926219,30.848422523743807,72.89740734037417,2.525956143763846,28.555736235297687,210.92198412936958,-54.3211323828696,sport,fog,mixed,337.4825536345135
19.531522396338186,32.555843561785615,22.678036277259643,45.65333421191534,2.964526707026317,30.608892102740967,65.68283882972986,32.03762603627209,sport,fog,mixed,54.266988086410045
23.934575133794787,26.092134326180663,31.96854317689452,6.781754926567478,3.8035731393483205,28.699893517016122,65.59377095900543,-89.63761566073865,sport,clear,highway,53.06771499627208
95.02626329047717,29.581726257080426,37.22439399226218,81.3208529721656,3.0365437146063767,35.91103295404011,323.7536899228487,-3.0380204258746204,eco,clear,city,481.564574306821
76.28817055013133,24.413464299171864,3.6460863766368394,39.38421006451409,3.078075546943943,29.83220729658702,353.29040235855194,42.99915625787668,eco,rain,mixed,336.4864011760192
89.46944423467957,19.255331928509555,-1.5169459371640563,56.13315179832417,3.9460979571379724,33.08720335532575,470.5902099544524,-14.010788208645437,sport,rain,highway,265.78323997344535
28.236937072180883,21.414036319881987,14.199537516626997,81.80741244661611,4.745434079096866,30.2747608155595,43.50234523054991,74.91728306378761,sport,clear,mixed,67.7286218788394
62.882728399846165,18.165409392036032,25.09312134121079,109.41294564289714,1.8835807696766838,33.22596972284741,58.93074618912675,26.43855624813311,eco,rain,mixed,287.45392233605935
73.10256349757262,35.49208725570372,1.3595626591108054,99.05242987259982,2.8855857861297562,29.68321352696386,25.909064233955505,91.69858321174755,sport,snow,highway,187.60271535045925
71.21006969022754,34.821821793274545,-9.794927478491646,54.07165549243198,0.431365788667728,34.282160527280595,266.114215378465,-43.175637445004256,normal,fog,highway,261.7210936842854
46.73365217800283,43.51819114739618,7.146755791835268,46.53397889356547,1.7940194028443346,28.886492822693086,311.3733071476132,87.75786617094943,eco,rain,mixed,187.83879320389082
11.385540252217762,36.89035240941724,38.44296677338942,28.773568661285694,2.06024612944693,35.16120320072224,201.76172596607884,21.364517977139343,sport,snow,highway,14.811998564533486
62.46334511238368,16.561375162683944,24.748373030292335,44.69121014111619,4.176186584120255,34.72337354032636,398.95111048056634,49.035779842679716,normal,fog,mixed,222.64511164663466
32.779138526164786,41.527355217868624,10.066272197061195,13.325566475027797,2.566962010628384,33.43045874910708,343.34971800190004,80.4322234086894,sport,rain,mixed,98.53575919655299
50.52288215286013,40.88025488837177,-0.37119513265798254,116.53266100377054,3.655331866492289,28.539317017142782,492.92021047342996,10.23943759836419,sport,fog,mixed,147.99435896211358
96.18229135754356,28.29960962318096,7.804483687737349,68.87009327514947,0.09503700012835681,29.668552226631427,68.94749164983932,72.43615838993307,sport,snow,mixed,310.73438710172934
45.913178587819125,32.57589151583765,-1.5080283349376025,15.336701135425548,2.3224633481415777,34.87489276552861,29.157832171250675,8.339387917611063,normal,snow,city,170.84204603904135
85.5821445997984,44.28234997417557,-4.68470893435243,42.336721111908695,4.506588325817921,28.97579547442076,137.40185278469392,19.839785523447546,normal,fog,city,346.4831628452216
26.9686545174326,30.969130915444985,35.33711862862769,65.64469723447871,1.1215695465289255,29.24745677046416,9.525097658422021,-10.98028542052289,eco,clear,highway,130.5123309512909
70.52144482225259,42.159654851282696,39.882516918773675,63.94627639690435,0.15761092653556463,32.35202659004417,466.3057139332563,-70.87228963197943,sport,rain,city,271.5110964791905
97.93062589950492,17.491162734305593,-1.7942780202104842,4.260404246235883,2.1670436685673824,30.19341951739475,151.9758293440877,10.700646669773334,sport,clear,city,378.11698246637684
19.17037907856431,20.731556061260484,-7.273872056086014,114.10092410749337,3.5221591032379767,29.776605599551438,276.21508348572945,95.48964605323621,normal,snow,highway,20.62727702356152
10.748794800447282,28.222648303239534,6.486555357310618,33.04508177699336,2.272317534207348,32.606507454785444,159.03481643937096,57.43719914645686,sport,fog,mixed,26.08944293644335
49.02245133693529,32.542704250119144,13.082959038070765,1.9421602718269426,2.299891567556329,30.980613411664233,122.90431099441173,49.49969695068728,sport,rain,city,156.82540196321247
18.336293474623048,39.48683555588401,0.24106235379272434,9.173281074033897,3.3490252061915977,29.12447917415735,76.18236198743999,28.661760545925915,sport,rain,city,48.631962410138755
77.35459147086083,44.6478634542956,5.071245589927923,69.62338838975724,1.271944041415245,32.278830140363716,160.1829601645678,-30.41826530255109,normal,clear,city,336.73714787400326
92.3093797463703,26.665544894223494,0.043536784582885346,16.534262481011623,3.7594489582098873,31.096099226228983,307.7094652039873,-66.07696110432431,sport,rain,city,321.1851135332311
49.061887543788295,16.422469084202547,28.713028421622568,5.006975142420393,0.7655676545286672,33.87613419419016,485.8105998437639,-55.08967967146204,sport,rain,mixed,172.1804553645126
33.284047793989686,39.03514509885974,25.62889716236304,45.555175969525365,1.9787530264299384,28.822043538564714,279.04602018357474,-98.73558209146998,eco,rain,highway,128.30294163044857
49.09629871059488,33.13142157248424,21.747575788049087,74.73134308082263,3.2800405423545897,32.96490595156779,266.35453304950255,34.69608417967095,sport,snow,city,134.5251485651034
75.1103036065001,20.95628576604605,9.360892853960237,13.420776580993486,4.141845036150988,31.49194661554598,17.631509052573435,62.37551171128675,normal,clear,city,315.07964695102964
10.814874542233389,29.844853698642606,35.452047065711795,37.59933985815786,3.9576553558252763,31.248495000419233,420.04950783384635,-46.217729760388046,normal,snow,city,8.563556297167892
63.050859053622744,37.26930736601173,38.476627076751,50.13128059494507,3.608427996538489,29.85830150406673,22.420687498786616,-81.62992007114562,sport,fog,city,221.1905045283551
65.19625163986412,38.11235361205931,-1.3180343687293998,19.13521173441206,1.7954819176819554,28.24340822562169,453.1161370517396,-32.854586435616426,eco,fog,highway,268.8589512670352
67.39194222063419,29.98855235996286,1.1506320705939022,60.72886781600522,0.6115215814686192,34.78151355491716,269.335862678359,-41.58975411660442,sport,clear,mixed,255.5552118123105
31.781987198278948,24.156435903865773,16.281551400018483,10.22569042821251,1.0841710884649531,30.611280688275407,84.23330261701773,-9.824727844453633,sport,fog,highway,104.88084690843628
74.2647451040314,44.212277461154805,-5.4374715358877355,5.582219561408239,4.324169072882425,33.44872831783878,225.85369600322935,-47.179589135797805,sport,snow,city,219.31148606194492
18.225233769859877,34.90087832869479,11.82241994115564,62.38024405861617,4.286656850663297,35.58069919821366,497.49224034159914,-32.05345893099418,normal,snow,city,43.76452127432031
27.934330282012073,27.24712558038896,19.089563238885507,29.747636730105075,4.757804262695079,32.51992238465705,152.54142602204652,81.51095586984854,sport,snow,highway,50.15297937862523
88.97230419890337,23.413896726139573,16.103678556866655,11.444856947763302,0.379943259477708,31.17717522015893,134.72988427428933,-33.032929422078766,normal,snow,mixed,333.4886087561577
76.48508356539097,36.933089490106866,6.545429153901303,50.86951049851587,2.6840454263872804,30.14618853078963,59.002947521252956,57.10360934597941,eco,clear,mixed,369.55818234354786
11.237099861021072,22.265503367813032,17.122290303860343,109.81688874208737,3.2434152245211676,35.47235034117995,298.5711743954194,25.16674004489188,sport,rain,mixed,17.82515931244475
32.353863433282015,20.151299669210644,37.94004771294239,86.9030935984986,3.553286885334283,33.45661454440914,44.613499506981455,-32.492410873725234,normal,fog,mixed,108.38956450992039
29.29658346938481,30.89501666886211,0.30087021456880336,97.87390984164331,3.219316175052151,33.32225114605248,383.0040319020386,63.557653956070084,normal,clear,highway,78.35764364046469
34.37256952332753,23.699621779324254,22.74156791970018,104.62967865103637,3.8500569495114103,31.409266601162216,459.611757165279,19.015213919252986,normal,rain,highway,102.16469971245601
32.28037932518978,33.86715434770845,-7.830165292197408,116.71532896757027,1.797357881446708,34.76038970293945,465.9355556077497,-98.27625448021993,sport,clear,mixed,96.48969634349288
15.627366616856117,18.538160246227005,-6.679179775928254,91.58958882170076,0.8971638606774107,33.709377496075895,53.95812643871889,-86.25435968552004,eco,fog,highway,58.5377795539337
51.30464649371383,34.648233137019645,17.59141121117925,73.00895063273757,1.0229168607521926,30.26546617424813,279.1312986764844,50.52791189046377,normal,clear,highway,189.71466646150705
75.94601273075486,23.498895839931066,-4.753040983602527,43.851105636269665,0.059893447350821694,32.796629280200385,48.55492745108331,-10.694442082961132,sport,fog,city,301.56061144376457
64.60585522456927,15.007288033035382,-8.882660578657134,21.79718838692593,1.7516093605311118,31.441551636810125,286.0080707421486,-18.89844165129189,normal,clear,highway,246.23155863731736
70.55845017382718,18.80808173022529,-1.424350117598891,82.39918487799531,0.4587202543998864,28.052721302637703,407.4902926047905,-70.8345631608384,normal,clear,highway,273.72451777884555
17.303426068261523,43.00846133505282,18.24245854997872,119.39399833463303,1.6074434639509545,34.46098745201438,268.89508115164233,-68.53628120774596,sport,snow,mixed,51.53921419224282
95.63416391591085,41.02063917346074,25.167047725946624,56.08304215427029,3.141050385831239,28.982642791357605,436.0269130533406,59.5504900191801,normal,clear,highway,346.810760298297
85.46426504587224,22.008270961087106,0.12392820706899954,86.84152417113691,4.4723902779341,32.079636048020916,400.83717742468883,65.80342679229105,normal,clear,mixed,333.1286320072705
82.45812866460965,38.35115713636473,23.412971860408724,59.41109399917874,4.198027254952582,30.689809544678525,138.27417496996418,12.000508127745846,sport,rain,city,284.9374290224244
84.06854245375908,33.257147795219225,-0.8761834450385333,51.832010803617194,1.2633710597878844,30.73671232960542,315.0511414412208,-40.974438038862516,eco,snow,city,367.25453694481905
93.94394573194852,44.127141343496085,20.672871331562856,49.236673627189816,0.6704157109902348,31.818919067310464,3.7060632380657155,86.54016333356606,eco,fog,highway,416.68755980679435
58.982856950232794,26.208169786021774,10.597983994789942,60.55496195180371,0.9653613689836565,35.97618483215796,198.0209579624322,24.792478199045334,eco,snow,highway,220.63902202614477
28.02538160808633,35.443818375515136,22.689975466680835,44.027479423845,4.854933259518035,31.267037445051805,118.98008389214759,59.32842389035764,eco,clear,mixed,83.87600819819116
65.5105247067287,16.90607167271756,39.752637623962364,89.85279861861693,2.747372398427454,29.458633838532577,468.5581729717431,-99.34341594235691,sport,fog,city,217.14914063574886
76.85933443011452,26.88742040449218,36.8908482616281,104.912643190982,0.9125111150028742,32.90885070439495,202.69450586158,-9.936079824927901,sport,clear,mixed,277.83750156071466
76.41256540186228,43.91452983564541,-9.785912108194818,105.9462367974221,4.203730773434076,29.89030166431617,327.0322142112403,74.18981726399116,eco,snow,highway,250.44235894552907
56.93041217501921,31.169426233503618,34.27193821811529,27.32384561109911,1.9759562215627746,28.8443930937036,365.9908046368036,-32.35334335345574,sport,snow,city,168.24177105053798
16.161284740022026,23.636385100045338,-6.675460241261674,107.5090966477789,4.496110759873637,28.401393376527434,386.6062693407538,45.3102353744562,eco,clear,highway,15.521559171039291
43.4001644587115,18.608128893858208,37.65232930799225,40.98614782261261,1.3033856341724326,28.18305019215747,367.88759600876443,31.534965025729093,normal,clear,city,178.70126047312604
92.86899476170215,36.10585020544591,4.091283954984235,37.11691985823572,1.9661087940211808,31.44931718648851,144.58253049386738,-69.55632672914012,normal,clear,mixed,399.93133847031703
62.60040187816834,34.345681302891805,9.101741520563547,87.21072688778831,2.5247388139504228,31.41380623898715,343.03384836461106,54.98076545088102,normal,rain,highway,208.1526611097198
58.44987489301421,26.21816140811324,-5.418089741213608,36.56356081035473,4.463076670445158,29.484363200623623,274.50474113114166,-77.49464193744022,eco,snow,highway,193.48134860137984
34.196816294397415,43.52824055597503,-4.38636208355452,6.355968673165213,4.343787158025279,34.272152430169676,298.6863323987594,45.58281931438813,normal,rain,city,103.61040021153096
43.1604027924921,15.66608438963551,26.33702826146598,44.834132677236965,2.8717753515193896,29.03416502335903,0.40730865437743624,98.19366735581886,eco,snow,mixed,161.04879446993345
90.58114802378523,24.111715548954773,37.21661178741458,86.57587204300188,1.1088775489044533,35.32253754111442,129.12880047642827,91.59628636235254,sport,snow,city,286.83716563364203
69.98167427741521,42.63208458898744,20.537424747715473,39.235010432421184,2.0167848586893755,32.70060782114618,465.34184835782776,60.04834861140094,normal,fog,city,291.5023173658717
80.86483240770995,24.628063149583213,25.792500776340553,75.54708671941758,4.878165326827527,28.220931008839436,145.0380416528629,6.903484845940426,normal,fog,city,322.4308253112135
50.89108807608896,22.567585015655112,28.098487229857675,79.21433331157564,3.03886611938701,35.703781005941735,219.0077611248213,34.96491516414798,normal,snow,highway,151.33536478131109
66.72224975105422,31.02661229793742,3.1407137276470856,88.04832140716275,3.9054887756209835,30.46353007636683,93.33699109787052,45.62167806881854,sport,fog,mixed,212.36597566803044
32.354524786888675,39.71405249761614,-7.738518453989254,107.65565595731236,2.2493234768070987,31.599799676622826,69.30127595184487,-98.31969514435227,eco,snow,mixed,109.9872194784869
73.49147472551377,18.09440282635083,-9.90636280404157,51.907739912211774,2.660036377334032,30.27414954395642,104.33448431935255,-79.52675580940871,normal,snow,mixed,254.97196680236894
48.48412003330036,43.29062128937208,7.5324641477009315,19.971849199494848,2.1447705611627206,33.82737038427022,276.8236644334865,19.41182641577248,normal,clear,city,199.14719631890503
49.8290963333271,38.852186435434916,2.0732114099608054,38.271085851826726,3.5146049903098397,31.88544176575631,459.5143256950541,-98.69309197141818,eco,fog,mixed,219.96644036907568
68.43900921191934,20.43750766654656,-6.8841137475407175,51.86007062087831,4.257355069434387,29.05898367522002,163.09958994809514,81.78113015469947,normal,rain,mixed,250.17352253224317
94.2652559322034,36.360238835944884,-1.023585375316662,85.66697631937357,2.536817716122818,28.83363161887563,161.70397610398553,-2.067457354984441,normal,rain,highway,343.51594684489197
15.760571194775883,26.548761679126713,-3.7750550866026096,1.5746550673960202,2.4043372931811287,33.8030033065966,282.07029344343414,-48.44658487897566,normal,fog,highway,43.95110268451202
84.22689136123068,27.068840342289562,35.74391903086852,37.89424601278547,1.7014323354919847,29.896651239450172,178.37135884656763,-21.235766080480147,eco,snow,highway,316.59589853718535
36.31447993709738,38.49870277316599,-2.986639327041553,93.58110972231802,0.8854834714704191,29.10234699710778,455.208023991994,70.15528212800058,normal,rain,city,140.877049292296
49.95275090557401,43.883544239421965,16.882423199383958,80.50292439968345,4.696238614375544,31.995420775982744,188.92402132113097,85.43857475282314,sport,fog,highway,128.87346190270236
11.972199589750806,18.79967618541582,19.655297755608228,87.80879683027263,1.580398593397525,34.42212230029043,245.22112625973352,-76.75300390453599,eco,rain,mixed,52.187741145659814
37.094147005088175,27.61890710636458,17.17447288543169,97.41729233270337,4.003457317871427,30.230261966985044,266.6946419852054,55.592126791115334,normal,clear,highway,104.74459198508616
55.236811836711745,29.428248242529108,-5.047178289200601,93.98828626535547,3.576735106437371,30.211452893606463,391.0338975652356,15.64542364330606,sport,snow,city,149.00097248311877
15.055846961269511,26.28935450864993,5.939918087527561,81.86197993833336,3.954588001390645,34.67105008208301,281.9529697074418,17.100551532897327,sport,clear,highway,16.10038402407489
54.19861564448486,25.89567371148675,-7.436483376842337,52.75938388447087,4.683840666860512,29.18267035655026,119.57755007366205,55.89042437916527,sport,rain,mixed,149.0991117404619
93.43995659725846,16.568060026847895,9.783495704815802,118.03179946537847,3.116853801104486,32.933820734292375,61.993603313183655,-55.431062642808506,sport,snow,highway,244.80970734935397
19.485389629702468,35.566158616878695,-0.5700534364204,68.28878347080885,4.489751716910223,35.640107863860685,468.88727334448197,6.208993594991654,sport,snow,highway,29.087113968510018
78.7996655267954,28.08643251360136,18.08162666421899,24.332305124260696,0.8384866145614683,34.73042519661846,400.7814973195537,-36.12947690983817,normal,snow,highway,266.1470221480196
46.87039480383934,20.843814079317802,24.640419692455026,35.13754261257412,3.133562879783938,28.494521870237833,11.48260514445787,-81.09753100469703,sport,fog,city,163.1169397713402
68.96563430719041,39.48100506906205,16.605993010235323,83.22749471645639,3.8613780645730635,30.559287012493,410.7644921617738,-78.98411088867923,eco,fog,city,313.8321374530485
33.42129381867064,39.07682244454884,11.711834830569789,110.96874782393563,1.3582056537208702,29.13899572474093,295.2988969523844,-72.70570587496985,normal,snow,city,112.34366199998571
24.354303628722246,29.591748842666814,9.366671042834621,21.4464155047077,3.703769006459825,35.59392510149712,259.44711751747167,22.979969780967593,normal,snow,city,70.90737918064823
24.44163528441038,23.953519834432818,32.08458840485019,9.88157948949436,3.8923841455811843,35.88753252977665,6.114589511779456,-78.833960324538,sport,snow,city,60.65004689942844
16.344275107883018,34.142781773893574,0.968403253263503,105.78372576504073,4.155939780082224,29.879944164320303,390.43202819220755,14.020768518034714,sport,clear,highway,16.237623834530936
26.708203441111873,23.644564073322094,26.710916976443443,109.83335746954012,1.564414562979664,33.35759235863002,99.03250712062506,17.659411595451942,normal,clear,highway,82.86486797166383
69.77974464900714,22.08023790971136,27.87411623700595,33.165521437907934,3.408032950841546,34.73305385637695,363.9906065970395,80.77930202437821,eco,rain,city,312.6217721841413
89.35215506591572,36.9154396207898,10.960000363536725,45.27428692454878,1.5212664170488104,29.869442275315812,7.934123682908634,25.27531926510285,normal,snow,city,341.07603521460885
83.27131170320456,16.209757191628523,4.865029961281968,79.222559699743,3.6952019374922767,29.50144507456782,398.17682483309306,97.11756817630027,normal,snow,highway,249.1738231810911
71.66208788870357,17.843054131037817,13.527074302298761,39.59160250109698,2.314868325728561,28.089688185978243,11.51973417752028,-93.80148401183304,sport,clear,mixed,260.36579641875187
19.93886770699924,15.203645220707694,-5.339303705365075,105.25904499240636,2.9877218726361,31.295699655532207,117.94645203625953,40.82922732902378,eco,rain,highway,47.147642447025596
36.02687016663549,19.588295594262785,-7.703498388545501,12.909444325663525,2.0791999071528444,35.19549969915773,134.1391062563567,-94.70398438939134,sport,rain,city,120.36821704195938
37.88261877902221,17.069700261313784,-4.41984002740541,4.5578665152234255,0.8099146346491215,35.22383719245079,78.75431905346319,45.87551557494072,sport,snow,highway,103.38171903576149
32.496125175785906,44.874071033397556,-0.6427484268886925,25.01834480913474,0.8901476480268183,29.02194502007213,240.5290980976845,-22.829958159192913,sport,fog,city,107.57316808432805
56.35050937387508,23.66429909862269,15.208841016902149,34.33053338459628,0.3878445363106725,29.63481984422716,141.84397980835445,22.26155307851792,sport,rain,highway,187.2471391634477
58.199843339170535,19.478040380077417,32.45683180805611,13.551190954665007,3.090363398608309,31.26437864747627,496.64398786362835,-38.092385582332454,eco,rain,highway,219.26914123022743
42.11973776539992,22.22988773987754,1.7821165999843487,7.882851520877607,4.243191989765297,34.24499636130962,289.9843966827195,-68.17899216947019,sport,snow,highway,102.04597323940897
41.84102428627924,43.08376714620404,36.758100537338905,90.67292562021579,0.10418413131040472,32.894811868253825,283.23891252712025,44.70250361785648,sport,snow,mixed,118.53824249134624
84.57000381154732,30.60480669073187,37.74539544675017,19.713187908270882,0.3311975104417675,32.11079794816173,110.43481505322761,80.92407605401735,eco,snow,highway,322.7064143755181
81.0363563487717,25.944542889235706,37.94523024226026,109.67066388795648,2.2873349615145515,32.73545507378083,204.3447193574557,-63.283511259993006,normal,clear,highway,303.95767338918364
37.70162485126711,41.20174373727658,31.87813673381619,44.15995937377153,3.688603680840947,28.769597550418375,61.988997180000005,84.14060024072012,sport,snow,mixed,100.73971504007353
92.24095994859334,26.849708116470975,8.191252039886031,80.47269716656145,0.7885382235597566,31.821309138039254,381.2646261251931,-71.96357815909124,normal,fog,highway,354.4146570737171
95.75335153022554,25.050257098730874,-6.365804449868847,27.04825377225603,1.3582565977459693,35.93650631631303,165.57962307673847,47.13237650990624,sport,fog,mixed,347.8752886939163
39.40682878270367,21.218475676492066,18.440936588324746,28.83873221902402,1.1600310064090358,28.707569175512702,375.9829166966052,91.88903163580119,sport,rain,mixed,123.81558064102379
41.89824539137494,26.333904717282344,17.93407219686169,68.96510434410904,1.9952560933557706,32.153973421079094,185.8479999647377,-70.52582364875246,eco,clear,mixed,205.97477056636944
55.5070738079763,24.50053068050778,32.498788355479775,67.27715101751834,1.1249933850878557,30.365194093258996,494.3786200574228,-12.981990648929326,eco,rain,highway,216.72278777074035
94.70087312803062,35.31911877894423,39.79955254730526,92.24750736144976,1.762993392723765,32.319306374895675,85.5608111273109,-32.508503528320105,normal,clear,city,428.3128867224097
88.86874898280804,23.68748114012181,15.407865328007379,90.93759668331191,3.6427129933097206,32.59055008026997,0.7619469416656477,-22.304449963180375,sport,snow,highway,227.27757275792794
19.231116632523083,32.31599239267685,7.260201551989212,80.48253175963933,3.0550462422709455,32.61978318495581,297.4127706891929,50.627947826355324,eco,rain,city,59.74865577967628
45.345766894427456,16.976764950959183,-0.7049144221866506,53.89566790721892,0.40590852695846447,34.81767028248709,476.47660004391906,32.237786511111864,sport,fog,city,169.56838787767362
59.80340707747946,20.73867470089543,-9.760008759131463,106.87684635367405,3.188728331228589,31.11797931738929,323.52702745298967,93.73739289256383,sport,clear,mixed,191.98019897269978
55.28192252963861,27.222158148340462,15.455684624443958,74.70941882655585,2.3853858577960674,32.13083330133197,42.86176137409048,-62.904099328715546,normal,rain,mixed,222.93494824586452
27.44767611432034,43.10847761726086,17.77593333512979,118.82381885548287,4.672827873535693,28.087427191741988,270.24019123311274,8.652173865176024,sport,fog,mixed,56.709364168024614
87.29350940513392,26.317559571470863,31.246923990869874,98.32437815212303,1.4465215855202662,34.31640481263813,454.74346806886365,-10.17477091619466,eco,fog,mixed,420.1323744056685
70.92467046971535,34.922223635995024,15.228848394640028,5.317177348599147,3.6308320984958,30.075901659006824,3.253033940006367,83.77122178514992,normal,snow,highway,228.60682712282573
85.41175373666232,22.652616672641944,35.82341743330283,38.47126884963813,3.6543041152228497,34.53244019232413,83.4561064188994,-97.87615350460801,eco,clear,highway,368.1356545530104
87.2887851414525,18.81100727919695,21.404173828571775,68.6250859765142,1.1075039050459368,30.125109331042538,407.2807780513082,97.83408015341882,normal,rain,city,370.3243123605393
77.35202682991658,16.756098002401504,32.016811911054155,86.57634454457846,4.516118124854681,28.086307970099938,446.95355328874143,-4.053137125494246,normal,fog,highway,260.4826082881218
49.52895411247456,24.16240495628254,-2.5849132596126445,66.04037973143298,2.4559160021480153,29.238650545547575,353.58031043413547,25.107929446719496,sport,clear,highway,151.24079050458477
64.94920795138822,19.72983080390724,32.76680651511573,94.33565069546181,3.394416834446512,35.88546322057734,495.7800818199104,-27.9894888388569,normal,snow,city,231.75253392739077
24.432886550776885,20.220313440483725,23.75719272219242,33.918678330881356,0.7292777944175227,30.55840996758391,45.10796479328466,70.50533393909976,normal,clear,highway,84.11277915298194
70.62808757274169,37.8227792516085,-1.4883483780834723,22.069446147939008,1.2890195849598463,28.870591216101978,272.83825791828014,12.397589023676531,sport,clear,highway,231.44606851735608
26.132793016535267,15.475142128346226,-0.5118220926994574,6.470002054772412,2.930535589686114,28.950070429006004,342.4973613237931,32.562187249952956,normal,rain,mixed,80.6003542036577
72.45546314591411,31.734303772063033,36.325030952211065,68.79764934858265,1.5951363418667475,30.48274171245779,351.3223601845439,29.78094161213528,normal,clear,mixed,304.290642945704
30.66383446785718,26.383841417803943,-8.389231977481357,82.63194248105943,2.498464592854867,28.301160328934102,396.74230767209133,-27.203572020453493,eco,snow,city,104.40775008919596
20.579617013519798,30.196499997256417,13.126747164785304,39.13796605432339,1.8700259968664463,32.09190870497563,458.8130225496916,-84.80180083867683,eco,fog,mixed,86.23212849868078
24.87560411286617,31.884907116438086,5.673764496705079,73.6301021827052,3.20276898322024,29.709927323914563,180.82072280855732,61.54124521881002,sport,rain,highway,51.018636039372424
10.179292169716325,24.401030833718345,23.2538719999214,6.258867702399509,2.4357268139040444,32.15448513117498,21.481696403817917,-42.0568161631365,normal,fog,mixed,26.73444734180542
74.68656560681772,23.853265805528558,31.981469378449596,11.915201555616438,0.023049679865840833,29.126113749593763,181.22095724047915,69.7860456955409,sport,clear,mixed,276.3550795405933
75.91609441525412,37.002055480047176,8.018906077828479,84.2105726710198,3.2484041897269202,31.438857832139938,335.80738169361746,21.72860175816527,sport,snow,city,237.744237517209
56.34400149219335,41.13830964363471,11.345104366141861,44.16836462607585,2.1106077852509086,32.78333486720996,106.72804366682176,-29.259208380504404,sport,fog,highway,170.5648376690266
24.522652094984533,20.77744897375584,39.09588922507071,80.56008373236067,1.7084917024511141,28.495999506704862,404.9864757793552,18.849429794724543,eco,snow,city,84.95967551603847
17.519890375962078,17.92856281605447,29.195825483960142,99.80653443359017,0.4707337614161178,31.18999447400847,109.88222886141541,29.098538472287515,sport,clear,highway,48.13268646020098
11.721606979355832,41.93387419176078,34.86020654658957,102.31469249713402,1.1018484528324572,30.4201905679175,5.031701190086668,41.33668155173447,normal,clear,highway,29.67443293308085
24.917335926869864,25.49686390942196,11.938111032581485,20.660117455734117,1.1188614579042673,29.92287853190907,254.04038711178967,64.46762690141426,eco,fog,highway,95.17598301656474
90.17699814848321,31.539521719884426,1.7038101992057602,58.35426868216158,4.676847497023645,32.83627700867597,363.23078570181,-68.04901155640306,eco,rain,mixed,390.8154183222688
31.738315753151358,25.786294335600104,10.593173269322584,88.07120683589838,2.162564873732734,32.70833588612326,174.827670268417,88.82887695372332,eco,snow,city,123.39122665830314
41.88441944954941,18.77407009038154,25.804595891575673,92.87767155202926,0.2103292360758502,33.04559845342155,374.44789976839337,-17.83187711449783,normal,snow,highway,138.1725548660154
19.481093603319987,32.67994934843184,-4.528479758201033,94.1611176874653,0.6940834112166044,29.27106136346017,219.2021670605041,72.09005967527546,sport,snow,mixed,42.56084508898271
30.012517427335325,30.75422555308889,3.5234552808254413,27.380080125670133,0.3951633786645603,30.28567395889862,85.85730865336771,-55.904080926442965,sport,clear,city,115.20967139120476
56.73021137021846,21.089806775735916,-7.668204976920481,23.1041781268528,2.9443469510360565,29.67743022396063,45.279196899477455,-94.19420555905704,eco,clear,mixed,267.7798866202647
64.69774147860873,28.556071339568334,11.617386916906579,70.80149619284352,0.9331074578341336,32.32402883998274,355.2935824536737,14.668808724570141,eco,fog,mixed,312.6326868585146
32.081708274959,38.908425120469374,31.37228679898066,88.93029572858636,2.49278820140888,31.68852551367693,192.85739380143892,-35.066744185512206,sport,fog,highway,83.94271439179852
15.195894330260549,32.71278309323674,-8.76681558509946,38.2967418641032,1.8503103143498778,30.642349900742,456.38688396188513,96.89240098958987,normal,clear,city,26.540490960867533
45.19295822146588,17.907519812009845,23.7661763403583,12.564618823490585,4.019381885720997,34.28811847094747,270.1275292869749,-79.10930905692342,eco,rain,mixed,186.97183158888888
31.078303383370073,31.440644916874053,36.62479372568698,86.0095659492093,1.6024481863268114,28.751789955267064,174.2162091103513,-90.53942679929565,eco,snow,mixed,122.08865158555216
29.759853090682174,36.082148978687606,1.8463930755591136,35.963739765600536,2.2913274119840414,35.79917351004514,174.49546349486155,-90.99643628937335,normal,snow,mixed,100.75742585006198
96.38765224421097,38.78110217342254,24.68174203638241,19.963526917406618,3.606427742989129,28.93235262252255,65.71893222632458,-56.625260955241096,eco,clear,mixed,461.54330754743046
65.46704373331517,33.873527359028,38.75509505501002,17.7268234076558,2.1667560346531967,34.18456650054696,296.8945767945783,15.838223273067669,normal,rain,highway,232.891685026816
60.11905988548863,19.579744936223513,38.11390300762316,37.78914570320595,3.966077680065945,30.945841513286656,291.0835677051611,1.1126747289383445,sport,rain,highway,164.80357290522272
47.41975931709897,36.30519799770482,1.7464596514571635,71.12136790964946,3.3084217811833243,34.922097833054444,399.99684596824676,-29.9848390332877,sport,rain,city,149.09919480870605
48.60499000871298,35.320255382445495,-4.983447339396565,43.00826864325799,2.05264556973358,28.593359590273295,100.59848123353804,-82.24137851661814,eco,rain,mixed,223.12324301540377
58.68145034542727,15.732806488218996,-2.585873105204203,2.479422191211791,2.5199096284318134,30.997773681538703,145.3948212379137,-53.25258104113624,sport,rain,highway,175.33309793215412
72.67868263324965,27.352430027707296,25.10178342410711,11.629012161337329,4.836017279210967,30.68354725200189,48.618984547790845,-63.17058704305663,normal,fog,city,293.07677351326237
73.19314865636466,24.9885074088712,26.28794377266378,34.86038966383429,3.3080574825419617,35.945256305804286,147.67110113445335,49.13336743120968,eco,clear,city,360.4981205219345
25.45245169349046,35.0823619276093,23.711828081409948,79.16453785765103,4.524976129861624,35.884391959117,214.05105787720035,55.989276600262826,normal,clear,highway,64.48066514277367
55.01014768689643,21.484074369327622,6.803919387111904,11.82180881622406,0.8937925173553218,29.518431669331104,482.0142029769919,55.402802612363956,sport,clear,highway,170.43816702728577
47.07622855306918,32.726157689227755,-1.5111530120938923,67.27882242008182,2.4161807812257594,33.03957568558671,326.5330014374567,93.80810888282974,sport,snow,mixed,129.6204022660553
88.34742696424458,42.39617885442517,19.038054597612657,14.386304498880511,4.543308349225253,32.284155359287524,391.43696488959773,76.84758926680638,sport,rain,highway,246.20503134531086
66.82770290965388,38.934071166258235,14.184022287893324,25.39383928192578,1.6130603072070882,29.23498792992591,162.75494261024508,-0.43905056429902345,eco,rain,highway,281.65996651935046
57.92536597743836,42.643732086495916,26.441707356115174,20.66262330669153,4.838320990732104,29.342237648835386,72.25640640404824,-17.012795818166964,normal,snow,highway,166.28083208240653
20.38551779610256,44.355179007980695,12.068003934281073,8.067436268497259,0.4853874523682872,35.914013827836435,128.3599709566649,83.15370354189236,eco,rain,city,81.17919432487605
64.50741003910703,15.320103810184882,6.931984734323418,80.55957808639083,4.513355851375184,31.621839948967462,128.23384549966056,22.245050409629343,sport,rain,highway,178.5258307893381
20.548351511221007,33.682238291324325,4.673928867950719,55.60842568632414,2.2260606103292933,29.006410336000588,291.5576641467136,-41.12026659488095,sport,rain,city,55.05501078322783
40.34859180091769,27.385181932767193,0.5735160024873274,99.72641290768058,0.36872082570580333,29.718320309914034,170.73556622751434,12.892805543033475,eco,rain,city,180.14291151186603
22.855776833289866,40.79563471005365,3.2873188093330707,11.866900797878035,4.397607962930437,30.146784537988395,428.69943216663944,98.42988453922524,normal,rain,highway,40.736697522052374
72.28662823219321,22.554441060273952,-5.258478057794932,17.36795200056867,1.2597010620455673,32.087338106548955,494.272259618249,69.89401203047245,sport,fog,city,263.7060606007203
28.562690245253734,44.43088467345228,7.3428505464444775,36.77492776205408,0.11125062747612602,30.684385036050475,171.64920263172422,-43.744056788091676,normal,clear,mixed,121.49529091598671
45.26734358692234,33.41123908631242,-8.17150938185209,91.90391843265698,0.6790355278459614,31.640094287119368,352.5301368435054,90.59088518344339,sport,fog,mixed,149.70734709555387
90.61072998569009,38.80612206686493,-0.6793076416836605,36.69105877868385,3.2955737094988082,29.3319964088109,328.7432909601844,96.29242229582317,eco,rain,city,417.6948011992971
28.388474505907325,17.567986584683048,27.338522230971456,49.01024489984311,4.889057445690974,30.61382952470005,97.23124386614074,-53.766608116916956,sport,clear,highway,63.81028825196734
55.70245575629012,20.50373654276595,6.273449433831132,36.192427955659745,0.557310697917584,28.562532741742032,459.004297410317,79.11842370026824,eco,clear,highway,233.33036396535545
47.73444950494198,37.75211019102609,23.41185084886719,9.626915016123597,2.30974024062381,35.11768218780679,99.72129359420062,76.64054353976641,eco,clear,city,221.7246034590665
11.631163694115676,15.659595661179708,25.84420877986387,112.73203474754249,0.9031827547376625,29.590019817348626,368.4785658348494,-92.04928535319188,eco,clear,highway,37.97827044011429
81.34823022155315,39.50633957681349,19.059267136605676,65.82467904854266,3.7251826705079605,34.05520108342991,173.80482113715624,33.9378386123374,sport,snow,city,253.81045093063307
16.214131568313974,15.418470560757344,37.93488706826992,94.53998258225961,0.5902944988090708,30.79641430562677,183.54078350448566,-38.94385739376614,normal,clear,mixed,56.099767884871255
52.682951887925825,34.7135651718382,-8.928006668844336,79.00285106223552,1.1992087424044477,31.795178551518347,227.72452644448015,34.92252529837515,normal,snow,city,179.87987859680237
60.46104654450549,25.952817606954177,26.93263252940711,61.71051348743701,0.9820298382453568,30.330088315689814,432.2539890275698,82.71173883804869,sport,snow,city,190.5915896792544
66.55838109531284,33.344845581575974,37.9393321970204,10.761390799125614,2.7625989018348895,33.571530168858956,70.12597075560606,-0.24415040209630945,eco,clear,mixed,310.1468897699464
71.9768466377088,35.88094220967341,33.11358646764696,77.12802543243652,4.365920460003162,34.75637135419766,27.284788917376957,-17.11743384226945,normal,rain,mixed,275.08391662851335
32.79451451704436,25.274256575589128,-1.605365409749334,18.644442712419856,2.5554510057820927,30.290161477916705,201.0204094568907,84.30625423748347,normal,rain,city,106.23578358507766
10.898089899260444,18.238873443325065,6.341015312586606,49.725980322753195,0.29121726385735625,29.93774114930874,27.792549571044045,94.82298354770654,sport,clear,mixed,31.619536373177546
75.10992961194208,17.08937603244797,-1.3774080061767293,75.49357721765165,2.8169446529841564,33.45152212371117,343.8004415287202,-87.55273444123945,eco,clear,mixed,355.12836978622124
58.20909394128207,32.668080676876436,20.065418190735205,93.86748005665481,3.9876049965900466,29.561224484541768,380.16253751360665,84.56961382964147,normal,snow,highway,150.41580520397585
85.25059328865238,30.619660612023345,25.609399098974613,82.20542108503435,0.6607809865216135,33.11871812487818,427.35619737662944,-83.44629329562224,sport,fog,mixed,318.4041452761151
83.92495266106249,37.26603027363397,5.85368846815291,80.58402348655545,0.36355607172295856,28.755424637549083,371.92112274179846,-32.542757323282075,sport,snow,mixed,262.73572142300736
85.89935510090949,30.292065300118114,16.975328699214774,17.8850651010249,0.9390388877878453,32.9610972796855,458.1756968463396,52.51482448606535,eco,rain,city,418.7241874467531
53.65851939815862,27.673373700926373,24.546028503559754,41.53542480859055,3.730431614108137,32.10725387208346,374.15056136161104,55.40739638793906,sport,fog,mixed,169.07172253354352
40.02655562531791,26.942615347086928,11.066990830552417,5.149472719223298,2.9584020976600076,28.911245724610467,468.0378199392008,45.16437813583326,eco,fog,city,167.70426060765215
81.2402382332233,15.793407077930024,32.70077652277296,86.33722718117575,2.7029732698087443,33.1928290789168,96.55539710468159,-92.17750238778632,normal,fog,highway,302.8056866291933
50.616470172632944,25.066716050899714,28.577496764390858,114.31031775809029,1.2473994731588416,31.572457256272607,249.9315664338651,-73.40679039518135,sport,snow,city,153.31484631434753
26.509797676309105,44.280604725734825,-6.766722807471467,31.693246821489094,1.6611829762342971,29.736920406536687,496.96529985245434,87.24329964394971,normal,snow,city,70.4719972075962
86.9476617605327,41.20666728681266,21.05626495454145,10.523605099477118,4.829425064716712,30.82707324561742,340.7890912713578,-83.70772232082184,eco,clear,highway,348.43513998415085
89.43038890951125,24.881342011026533,1.76627754798748,57.06840921043843,1.2031261336469283,31.936816845111437,439.3205589946287,-84.29081660537668,eco,snow,highway,338.8549007710781
51.96787805261531,32.63386215199117,17.875913233363764,102.80378677530825,4.508227116275442,28.732433818115055,15.196896916427615,67.12918755157403,eco,snow,mixed,190.07747695839254
16.812975457880874,40.41890236606481,37.844422131648315,66.23690343261356,2.902657522288683,35.66087586502683,435.87894928421866,28.253150644577232,sport,fog,city,26.167092816752056
44.90434809252381,28.238230102502058,33.95310022761251,5.613258022813596,0.616482331856239,33.32449724969697,348.85661728604885,-29.66878883096409,sport,fog,city,164.5449041582406
82.31838935163431,15.538735912504528,10.225820155756587,116.91266886335353,2.33656189077534,28.820279850301567,85.37771699385533,-66.85790258567472,sport,snow,city,249.34675243482351
91.15966256916059,17.2353138545592,4.575692917217669,99.43798919551209,4.742743586804379,34.58289747462768,12.84047821179829,76.83408397856297,normal,rain,highway,310.29050921064476
28.312546824783624,30.3117816404612,1.720287220412951,15.791289246181218,2.092827990686793,30.580439447569162,129.96328906282645,97.70755152570243,normal,fog,city,104.75566700123892
16.027625082274437,44.08318127027635,16.625743487826004,110.61573078042107,4.316932823946812,32.77439629370547,457.8866794963851,-90.00565431143417,sport,clear,mixed,22.488373608413117
88.96154078195548,35.79628626656603,-4.287577337097184,54.08259463262263,1.2821434732585386,30.217142732636585,334.0664693501432,10.82267641804036,normal,rain,highway,320.1483969271184
45.04644450809877,17.127485743157088,17.46375040641243,44.62775886899295,2.854610759001865,33.86724755931686,459.73455214166216,-47.739283018836986,eco,fog,city,192.35025708489866
58.758486784080695,20.680826273755883,-9.9333180254604,55.326399663262585,4.219260291009869,33.78407180000082,223.07539124712972,66.47736670994081,sport,clear,highway,157.36817188113073
97.1259230845683,38.139694296505496,6.192481537292242,100.14863482451366,4.603442205848477,32.41634765497935,468.3135476176205,-30.785381645038854,eco,fog,highway,399.8717320840763
15.990825512280058,40.243192798687346,0.9967156915290634,79.13756139441429,2.4291168357565036,29.927404739772626,231.47990772250282,42.925857837267955,eco,clear,highway,47.71260333395985
68.3486206706886,33.53083758565772,38.560939498039104,7.109814287967304,3.198440510727145,30.029630460097163,102.12736220916725,7.904684305255415,eco,fog,city,324.8424149172256
16.669488031738037,34.332695088894496,26.36211597849895,114.91252453394051,0.014900653911654738,31.062902373559545,75.69673209222366,8.304676318994055,normal,fog,city,69.7645036294302
43.79220356198503,15.85012351150154,7.482669023111885,17.73409601739813,1.266116537566948,29.16009733917028,496.90590651752217,71.59988623608427,eco,snow,mixed,158.8619541326327
82.3433090674102,39.855907787445254,-5.357745673468974,89.46815420824213,1.3935605187347289,30.701245705527388,166.93133073728544,-5.9191148150871555,normal,rain,highway,304.35464512144154
49.012500948007094,38.648256245124884,15.8400297345312,76.33638365137573,0.467465058272154,33.4748368099865,80.02651265879385,69.11990682889612,eco,rain,city,236.5311859117625
99.74641185126553,22.771054323100415,0.6723940663021146,22.503365753587303,1.3984750667848833,34.64676224047537,4.2042154453760805,-27.31463439248492,sport,snow,city,335.77638972121423
60.315335645194196,36.26030159896521,16.82147729491789,20.487849133565955,1.6056101652906958,30.66065832394689,142.7847832648112,-65.04341150713898,eco,fog,mixed,282.573458527861
38.904593737235814,21.445638192749943,31.768117708944622,104.43931124456304,4.843830197840966,29.868722066034913,444.5580718012695,-8.904524468676982,eco,rain,city,139.35328201058988
29.81001933142778,16.20990483154539,20.78962760506927,50.363390819951654,3.3430119028041885,34.661140626681075,267.0046603386508,-0.3288437245955578,sport,clear,city,96.83654715314489
41.54684808575456,21.03409627771132,21.68942097725011,78.54918170089663,2.130025397081721,35.12563221908737,316.21752576247746,-4.323360472441706,normal,clear,city,168.8185531109952
43.52799463835957,20.358866302628986,17.051514453140573,60.48852046280079,4.940272303477546,31.280172186496515,461.19555194526646,61.66608237585643,sport,fog,highway,110.08175052954972
16.18423099515649,25.13243990204542,36.36328163157046,87.28242204911514,0.766161601173056,28.21523323079707,256.4199590535146,12.935788292019424,eco,fog,mixed,56.58841020399863
43.261677948409584,27.553484915263745,36.595134221030165,57.509085004719665,2.380255969652423,33.55969296715322,419.1399229263073,77.68881435176058,eco,clear,mixed,178.5467458726511
51.781466776530245,30.256166744931235,15.63616005367761,34.485589830668204,3.235311035245247,34.27226588946503,161.9166390381768,2.837098983188426,normal,fog,mixed,200.66396919746825
75.04639770149242,29.302616265249846,5.287974357175221,43.60600451957957,0.2779031724203851,28.14419402531552,488.55093142060997,-55.05698342359915,eco,snow,city,338.8799892642096
69.10565362494472,23.12023817895868,12.979350293972196,103.08932333404113,3.584994290415594,32.76024682673211,39.406936756226195,-74.10083194744948,eco,rain,city,320.4463742255414
73.78890897062388,15.875120057222233,-0.6721043902192161,56.16416315072725,0.49933676460994947,32.7069500659534,362.4147627566323,73.67256418892418,normal,clear,city,331.3928562013055
10.75273136891714,33.15304866711452,21.817215765904468,25.61391986935311,0.7014115429983847,31.029663269983313,330.2831433801472,-88.76544021955766,normal,snow,highway,35.056996468121284
29.590065962248243,26.872344895420632,15.004616789111662,112.15264656927039,0.7984475623104204,33.998138606806705,95.83575292540847,-76.47807761604754,normal,clear,highway,107.13362140811395
69.5515859559871,23.96016472162649,-4.834976109336005,95.59205477980524,4.644449133277589,31.425432304914885,194.42199942326798,-87.26829621647178,normal,clear,mixed,260.43625170346746
53.559043136177245,41.00823128491537,-0.11761094401923344,6.679937526743895,3.4161777256908388,33.41420761433091,156.41455838850322,-15.253160563635944,eco,fog,highway,211.04905770516712
10.478212810151135,37.402299233944795,13.98159780997634,119.87315543766213,3.2771375055155207,32.13693843708121,47.24643416624769,6.5231232787186855,normal,rain,highway,17.339269339944043
82.40451781886401,40.73296645117327,34.37944953594292,83.39120357281227,2.7774674823249605,29.987716837622752,292.3940114754206,-96.02505379547985,normal,snow,city,299.9641350217215
79.55286159613037,29.84948384137383,18.319536031554872,19.231991884870432,1.464029993475514,32.85200690408105,496.83492278258274,3.1172333783208614,eco,clear,city,411.41729169299737
59.357724669420634,18.927937563803326,24.076750010423538,28.460121755831572,3.104448522996757,33.89526795876673,279.7940705266946,-21.248105741874795,normal,clear,mixed,236.41483469777816
15.981699319864491,35.88664308363818,6.951427487195485,83.09345774898563,2.050748599443199,35.791245387496026,272.629953439681,54.72903649117961,eco,fog,city,64.21668544868463
78.98635445793262,21.18221339811526,18.570569652211713,93.57132663349464,0.7270807504630744,31.040871574419306,20.156853677274157,65.99132434924465,normal,snow,city,315.9482469911587
62.53422289582276,28.236890072751503,12.368991131903371,28.684313177976737,3.4479864516386654,28.515780357330808,69.61011168184523,36.99348727724109,normal,fog,highway,223.6519271450011
80.37639794421632,16.950023668466656,22.956495631158035,30.836262467912498,0.6479108396496136,35.90376976977082,256.6095445511305,-5.300892936675211,sport,fog,mixed,284.95319507087873
77.65722931562564,39.75925207268948,-7.471221696049481,36.8544833846473,0.9533429051058662,32.99045327540429,492.58928209203566,-56.77028099160238,eco,snow,highway,275.46203880558846
82.27018647620534,18.778219231425016,14.665010811947958,71.7622037803964,4.088496559238029,35.571603665286155,438.3038677309294,69.42297346051203,normal,rain,mixed,308.45060588991544
56.62072597641623,42.09292521147929,4.799631257198348,20.61794139615323,3.30058548062577,28.830616688088956,170.10456068658374,-31.666171991116627,sport,fog,mixed,189.64576521758238
22.62920663741635,40.926918067846714,6.309253063895461,12.509183866173302,3.154955771068212,30.73627071896366,271.50212711406374,-28.74162256101016,sport,clear,city,64.63558945112891
70.40417260417198,28.93748293317738,38.04587157790307,81.46369069026163,2.0910139217136203,29.071493590981795,276.35111112706835,83.20230943740896,eco,rain,highway,274.6469993922356
65.84264065467735,37.33104612911972,-0.8652593644308624,93.49175277518042,1.9814025911968558,34.684081236656475,342.6803063810916,95.1194511195826,sport,clear,highway,194.4568276635082
76.80278684791784,33.5833522145446,5.562262628929846,60.11152852998065,3.451313045927006,35.04274193143453,343.8910206195693,79.62619127690084,eco,rain,city,355.9852282228187
25.289290544566178,39.09226927013235,15.49462878654359,43.65992523220625,3.7000276930452287,32.010493599000164,394.89624419298684,99.64694471221623,sport,clear,mixed,66.33604300907766
27.54776799102603,27.954153023577362,33.15134740748118,51.84512562317717,2.5510660118215527,29.492849741296244,12.485512419841193,73.78176878029547,eco,fog,mixed,103.59082060602299
90.13685654973956,38.574254527330496,10.833504160318522,46.608940064634226,4.846346221742631,29.016951752317667,471.8400953187229,40.87150352401636,normal,fog,mixed,348.669330024393
77.49800186068637,28.87370451195444,27.19326404440855,115.19818898852103,4.77849779459436,32.70531288064166,35.03102299462329,-41.23612008570543,eco,fog,mixed,358.01463445041196
91.74056398302906,43.228973635283815,32.81870491074012,92.17078862629683,2.0621474500637933,32.0510105966824,238.08005573846995,90.59140977997524,sport,snow,city,286.5172886262776
78.28437890475287,29.59116302475443,5.500817791092448,24.970465782013235,4.103111271415768,33.55831281894134,459.7896381795213,75.32536632275074,eco,fog,mixed,342.9012638281269
63.743977539127165,28.878578158011884,9.637509176935495,46.10269824647761,2.7163392079920765,30.44165810095993,243.83441461553988,-51.85064151686936,normal,rain,highway,225.9680628981603
68.87194633250863,38.55215584690538,7.827811184417815,65.28147496357317,2.5587794377858724,31.2189439601949,31.818417116558418,-2.1675053516346168,normal,fog,mixed,280.2557274387787
90.0215131546009,39.64733075282514,31.642790430896056,73.55830344764261,0.2748203068932592,28.17088859080926,114.6200099059696,-85.98886787488998,sport,snow,mixed,295.1323558975217
62.09260790607465,31.63467342963512,-7.782656902319943,56.18206752345205,2.869873552341551,32.88114436060423,289.33337768421137,90.66177265344342,sport,clear,mixed,199.9676596543552
66.91521918955488,20.39393440485226,5.421054441434002,97.21519620143509,4.502889652815823,31.38514817077182,43.930808949484536,14.553665544291178,sport,snow,city,197.21072435320832
24.08290444032405,29.032746928727384,23.970427879756492,92.11272233498781,3.9006692459754606,35.35811707050758,211.83896550864822,-50.959890814366915,normal,rain,mixed,63.39356732777608
52.652909810449245,44.04217508729035,18.272174978267135,60.618950235380005,3.93158572349631,33.134290381638436,164.54663309570245,-41.520137275224855,normal,rain,city,199.61341846571477
74.4757400762289,37.58958579117555,11.814467964684713,102.53152641380765,0.7996451928816961,31.18955593159755,407.60381391211973,96.13127452597192,sport,snow,highway,195.459708005703
34.384842848472886,39.334878116373964,16.99741136106922,90.13074365308631,1.7922472356678183,30.108713446986805,55.0659691677246,23.122858360839544,normal,clear,mixed,135.4072686106824
28.202876247208142,15.984764964577204,-0.1207707085840859,93.4298218464772,1.166024583251179,35.24227954086111,341.39922507939315,-15.863375178719252,normal,fog,mixed,98.23923275595838
38.244412740197404,29.035783879024798,11.53583108040052,114.76809353201,1.5795764122781797,28.130120592939548,203.29453543795455,-0.030907642892373133,sport,rain,highway,112.63876559267517
31.73505651935501,34.39863400972666,15.085149208817452,31.976032945104322,2.897696717468627,30.61529973801914,293.8753402361643,-80.28998552453132,normal,fog,mixed,108.79985759071943
29.342137333275627,39.90098050884224,35.059456097730084,32.1177794840219,1.8239190668512395,35.54804467030428,102.76588596027236,-84.9954479854248,sport,clear,mixed,107.70998689036642
48.23657585812782,16.478209607483144,3.0417581401988176,106.67427068287681,2.8034890873213305,33.232264055852596,304.85184238081274,18.541548660076984,normal,rain,city,188.30942508336636
91.70546624951807,40.57316656925619,33.39142510824663,92.66716480628153,2.192506241372885,32.261752570266395,336.9888637080564,2.400807288063291,eco,clear,city,465.63975021495884
55.63536820648464,31.45202810225735,22.212070041299093,111.18546497227528,1.4330777922486382,29.62827774336342,35.11578233053891,-28.169361739311768,eco,clear,highway,233.64474642852792
26.912834273379072,20.919419117281798,-8.98295844661995,7.575619238934368,0.4770171710257931,34.666998194035095,412.1721337914685,13.222790502272915,normal,snow,city,88.0182595411584
16.927450244278667,24.517656493491,26.231566844969684,75.33084927139159,4.459192286723913,29.63359250074221,430.6270564441207,-85.46481011256554,normal,clear,city,30.450150124506983
72.65405306241327,23.457886552546825,-8.222406122547245,17.355400574813693,0.05686683002324333,29.98602825217,31.777027841397356,88.79823428630925,eco,rain,highway,302.0963650167209
44.451888799274904,30.925771028654275,39.869056340690655,60.467663795109914,0.008262440709855823,29.534809142974844,301.59374404864286,-41.25766244315563,sport,snow,highway,131.42690005267468
83.96478519268233,16.550570397333956,33.631834384559895,18.689631822413308,4.1339886988177295,29.265195684556176,297.0057484861135,-85.64424186560022,sport,rain,mixed,271.24637421488615
69.35596917766932,19.756084754997705,4.867187377002283,15.369421078185512,4.98405470162895,35.626499967830426,6.22920593422166,-66.09914548517919,eco,snow,mixed,266.28475731041254
81.66173054872317,39.380791301273476,2.8705615098352713,1.4602014458439783,3.635514138568281,32.816252769130465,171.17320697797567,-80.90521710349662,sport,snow,mixed,239.37538486249917
34.47514354766039,18.978119722404333,9.072054105280444,75.62865748594852,0.07636919031442368,33.10269705608075,484.4628913568738,-64.27909912806376,sport,clear,mixed,122.1265198110869
72.31230302149524,22.001888083743808,7.808348265722152,43.08271400281033,1.1334511333425668,35.63460372543027,277.72537613437146,-16.64918903467762,eco,clear,city,380.7313770970872
33.76557862243469,28.60111816812472,8.616890919269053,12.622594185476604,4.859113501309807,29.844600441004502,466.6059013707525,47.61017878710416,eco,fog,city,108.84291264596261
94.51616315052624,30.513626643399913,5.913827305974021,38.74053332775718,4.043021260869174,28.047340308781536,337.822317938692,-45.530330508992044,normal,rain,highway,330.18889466980914
67.2736853380037,37.908314388424756,21.05667034241657,20.273290974190196,2.8339992190235552,32.79106919656233,14.195259111638215,-12.81467561167122,eco,rain,highway,277.11620677711005
39.20606201578079,28.419972799985633,-1.7868168139688017,113.00337978019914,1.1843035472017949,32.06275882579327,38.85659902419603,85.75145757764727,eco,fog,city,172.33670111774896
34.25606760630454,38.69593863106616,32.299064622300655,38.400586291361776,0.0718510296337449,31.821203019186353,361.0894776837115,-40.83565213480491,sport,clear,mixed,116.55588993619742
27.183392656447914,33.55038921136372,30.620124201565766,40.074422794726786,0.10430736318704503,28.495041689969593,277.2838951845097,58.943950652941965,sport,rain,mixed,87.963949628394
72.5176863004355,18.392992182714675,13.82416039276352,100.78296040795027,3.0599043176511334,31.635478932598275,63.57583229993785,-68.43662550352671,normal,rain,mixed,290.8072042918951
29.684405169813456,19.689943151785158,32.63649826392738,77.7306913543205,0.10915938176211559,30.300476520725592,307.03133917680816,-64.33565074855048,sport,clear,mixed,113.48475187844834
63.57729393347402,28.111011763493124,2.3572535015146645,85.22059288836016,4.968150709626864,30.196517417794503,405.1436802840981,-8.769425304746875,sport,snow,highway,150.95505546125415
33.81715242328216,26.906681792671186,-9.121727214801652,76.32021647867526,0.9169191674686905,29.77905264143274,376.491215066306,-53.179549906722734,sport,clear,city,123.5172810056444
69.57720503144817,37.306328089118836,20.96039625149115,113.54355407382785,3.5535368093463866,30.660226878036568,123.08123001603349,80.60561475885203,eco,fog,highway,271.6195328135723
83.34457556864852,32.42211419392056,12.895470348235769,24.840099786965418,0.7752986070620671,30.8250646011473,129.09748332802195,-89.84954177530444,sport,rain,city,310.6942999021314
80.02227188301879,26.643992430067478,18.35822731479353,118.68470901069549,2.7004671054885727,30.47020621089598,483.9189025510569,19.454513228767922,eco,snow,mixed,313.94860354159556
78.47661978377036,20.12280850351157,34.96697045092015,99.71474130678158,0.40305644233108784,35.83002172575607,443.7024010763581,20.84587922990397,sport,fog,highway,256.35864263767905
26.895016512302686,21.805113069764854,38.49627867829717,70.67671066516107,3.833892122666216,35.461848684075896,159.16865721543599,-86.79481449611046,eco,clear,city,103.34701471777062
17.954645228606683,32.26503055407177,21.72265698778015,79.48459492754988,2.9246054736241485,32.5960807961989,412.0272448345042,46.512842974178255,sport,snow,city,32.70586828554883
72.9053945638647,27.703164146993775,28.20277949262192,77.85910518007368,0.43083346700707514,35.848438707282476,80.86926486627272,-6.220491097560796,normal,rain,city,318.0674158982962
43.15124924149162,30.447825265820164,-5.8095783256417866,7.007546887098468,4.242930946000028,35.92958408255352,98.4205506632822,44.61467469896169,normal,snow,city,137.43005375290517
48.911160376301254,20.12032305906701,-1.9642207554247193,26.16197982383263,2.73509307388351,30.84751768013842,90.59802692267266,65.384997187014,normal,rain,mixed,184.24434002318688
12.803418351405195,34.88718757033698,26.66024024764883,115.3765061429699,4.60796155006659,31.561500365917958,43.86038750675758,-35.420129601861234,sport,clear,mixed,18.072780359936356
33.361880434754426,40.57616222567901,11.568272819400097,64.12373146312551,4.583116868390563,35.67249421587732,427.33905808067766,-3.1028234129024668,normal,snow,city,87.03420442902306
13.030876348701762,22.738185203607017,12.298263520220285,45.40243239142944,4.602538947432912,32.869009594389496,289.40344910228765,-47.847844046397725,eco,snow,city,16.458146424787316
89.12671953411228,29.745426774954797,5.43038408177183,91.444615606689,0.38892600100233987,29.70343266269818,129.47804624696928,-59.697307295532994,normal,snow,city,358.1358164921308
31.90570148966774,44.265819870627055,20.367819173887188,62.942273118697145,0.6047888087726172,33.515045346692006,424.3275163637971,-99.88104839146852,normal,rain,mixed,125.824599730594
60.160345261570725,24.99725221652183,-0.7417477291898695,1.579532571827711,4.93852904858099,29.6459694563687,401.32337969641014,92.72630241596747,normal,clear,highway,192.76902619654157
13.508138859501738,32.85139034771284,21.34581396569478,88.34851160581415,2.43800410699353,30.714861949374765,50.4757590638778,-11.81430613407035,normal,clear,city,40.72195922258495
70.01626521750923,17.70587100600733,-1.3100571432380157,87.86610720634336,1.1910702641457382,29.82048130476281,322.0696868674859,-97.3860453882252,eco,rain,highway,295.28319552537226
39.07246111786844,33.180450074383295,-6.80869826451432,19.817845453196927,3.84832244249329,29.95984172747074,360.9168007628853,-98.21228448639036,normal,snow,mixed,115.58499638165172
90.81272682618993,17.68895319913854,6.51788443495305,114.7992106109056,1.32142610606241,28.03724465253426,357.91366849298197,-42.329486289760986,sport,rain,mixed,307.0744278995746
89.93063700406323,43.77706305971466,1.5570171004923843,26.86897578493372,3.6360784400932116,35.045670657595615,361.57135392696875,-97.21246425797632,normal,rain,mixed,356.07050472517057
39.2761556525573,36.46987956216934,34.44958192781662,54.92992408586392,4.1864288892488055,30.36792396220635,84.72889282451868,-25.09707646829034,sport,fog,mixed,109.99979141278354
91.08648061214211,38.64479364407119,-7.25232730656867,13.768315351309761,3.921316886476403,28.690995036182358,157.54322713438467,-87.41229971221043,sport,clear,mixed,320.63490235801345
99.6541906148901,36.123130823149104,-1.169315371293857,72.3938783340706,1.370239040989677,28.695899245448707,422.0892542522312,-92.14968176993806,normal,rain,highway,362.2128075382294
84.28740977115532,32.69187108229397,17.43598027915247,45.0541344068655,2.0080928703961853,32.448146211687614,449.1958751137748,33.876278814909995,normal,snow,highway,271.8348202538397
86.03842129797061,28.49738343256516,14.05335954237368,42.38081546516466,2.066255016166382,35.9433644042715,139.59444328243515,81.36825788857692,sport,rain,highway,263.2140449271944
32.41078624981809,40.751201392831874,-7.7073990812649225,99.23722526651368,2.4563645905223592,29.16017973816153,11.509758088876222,-18.12268333954414,eco,rain,highway,110.01767905394976
61.903215897198066,43.70507002629189,-9.637378599242776,1.1474055420573892,0.8368642577006802,28.796974247597277,429.88347358305407,67.35408605518651,eco,rain,city,288.9354358276356
16.05303225706311,29.97108518712244,39.403397098057496,95.7536125070907,2.262350252071712,31.506431043216725,188.5459189125413,-94.14690777285057,normal,snow,mixed,43.51335533671847
18.542614313950274,42.946051474657864,22.94173501794191,68.57382788976945,2.5539149525773985,32.50665003072636,164.73177797996817,55.5380111940365,eco,fog,highway,53.60745583295353
99.90033508299615,32.49998729965553,8.27030654507784,118.33182161762389,2.658544982905262,30.355042871023524,173.49983984431282,-87.44000153542181,eco,rain,highway,422.54048268474816
39.39753244833199,31.151525606892996,13.521612383162065,70.73318647250989,4.099502149922291,30.420176740110932,207.84821198382076,67.68788463947033,normal,clear,city,145.73626675145
77.33655208439617,28.634481988660703,3.3275060227143474,6.64549609775495,2.5866724923974758,31.395812014791595,189.13331082746055,76.4732689744128,sport,rain,city,264.84944720603363
82.59985477241348,21.278632845903594,7.243689184660489,6.077439173247159,1.153919612568376,30.513164921204847,283.2154495667802,57.194768476462855,sport,fog,mixed,281.48499826946545
87.22209439065062,15.111589824541776,22.452223363410695,105.97835836461984,3.3156436912209357,35.32265266854813,39.47013924909509,64.1498048822578,eco,rain,mixed,388.7795841734015
99.78654676619409,22.24518680568184,34.14058994336854,100.94569746132638,3.986570720433126,28.335636570325033,485.77009715425754,12.296913266463775,sport,clear,city,363.75457990060704
31.734683673118106,30.291695148106953,-0.793498845940757,41.50680906984279,1.5968583321913088,29.876561278962196,468.22551723608063,-47.02301148346961,normal,fog,city,126.92517003057202
13.631574417372974,26.398798567792575,32.018075269265935,74.16389810173646,3.226529645088026,34.46842236981937,467.2033233077496,28.646200532193347,eco,clear,city,37.237506147448315
47.00723661951274,28.454556840079015,-3.9221685240865467,58.75096284667204,0.7346899797300632,34.67166499731965,439.63881204095674,-12.091670184727718,sport,clear,mixed,163.11808477969842
21.707260284605226,44.41944658692149,0.7496111794195599,116.05968661632626,1.7096315228903203,28.892440631713608,330.16315109086486,-98.9326878161908,eco,clear,city,84.64136652510719
12.018330024584962,25.50817112007983,-8.141235597517701,113.99530810522698,4.546119647748171,35.790107600101734,110.55428137421619,-4.6348587130329975,sport,fog,highway,3.9767075651881507
42.43841444273375,28.565488180803236,-2.9594068953500274,118.06068102489294,4.556540815812854,33.54683879919287,24.74174357318615,30.237584910109092,eco,fog,mixed,163.83613771611314
80.53644259677128,19.005466540584585,35.86515727320253,103.9738536761117,2.876622893715318,30.180744447868765,49.660532390883304,-97.22326806173585,sport,clear,mixed,287.71635530559485
60.95626221025638,16.43873197310963,12.97193733091893,109.14619089301215,3.5117573043255335,31.648302918515636,161.9962502328028,24.27206722163153,sport,clear,highway,187.70659859285598
38.150019028931865,38.262285437774835,-6.116706911082322,26.07345345205637,4.270077076029707,30.377108956543736,251.94151274789272,30.506381243371266,normal,snow,highway,103.57746927133346
68.89078049434477,32.12049525215936,37.986341901948066,99.72081467877294,4.792765926563133,29.200177998835354,496.626535592397,-68.37848435222065,normal,fog,mixed,259.44083973863474
30.881636227792963,37.82114418131685,33.9496153879325,85.06285358451296,2.449432201448847,30.32942451799132,217.7217458972996,-13.785162968698089,normal,rain,mixed,109.1850197478355
11.294330146487653,19.495883966596548,27.73412604340706,115.53438105936841,2.8078786831301716,32.64073549991695,262.3230452456884,92.86652017782652,eco,fog,city,10.623922339448576
78.79180477927846,32.154863135480724,36.67363959737789,68.55141941311433,2.0782078332391514,34.60775755868375,347.57862359404027,76.83784555995649,eco,snow,city,333.13438162733024
66.13687763776082,22.609274230241265,1.006471041788208,10.220060005266763,0.35990968528214373,30.908232599116616,90.36698522389813,-17.83571542834946,eco,snow,highway,260.9712317238076
78.6072362050864,21.841854507000598,31.818464650504318,71.68786694245836,2.114017362244092,30.783212324382735,466.4135007811279,-30.03074639516889,sport,clear,highway,250.87417230297754
13.504421501889905,15.345780421589557,24.49955981771531,82.38971136255454,3.9531366969153856,31.744005608650582,264.5173029213671,-75.1838638046288,sport,fog,highway,12.896346490712375
85.34076650475869,18.910221707072157,33.48796247838442,26.4385234454914,4.0244274899576435,33.15644479971477,138.1281728008843,-92.96218309196804,sport,rain,highway,252.4158188421245
65.7573580032673,24.278043344990863,29.845578287131488,47.29360602152741,4.461885572966499,34.01293009945847,467.5544931694202,-40.507444511584254,eco,fog,city,303.8267175884794
60.70558156413761,18.50636281772817,7.324753158841251,71.8204096862016,0.25733352587984537,30.61439603839579,312.7253092794751,88.05666941644768,normal,snow,mixed,216.6886171284776
66.21526433030783,44.575753212328124,28.719926850862777,44.89268847798066,2.6357729479031695,32.690819742601114,241.84486562460523,91.72269026673345,eco,rain,city,300.87464590634164
87.79899221815276,24.25897945571852,3.1228151492445164,44.993726068639674,0.5371224396853813,31.114886730247058,290.07795498038706,62.503868115255244,eco,rain,highway,372.80442287855067
62.824285590301635,18.909718401069846,6.429608151402743,15.970396700735687,1.0037109158287167,33.73119880290709,374.1511094526133,-29.835037296028105,normal,clear,city,277.3716928731493
62.285534189936136,20.972469384838732,-4.604714138851192,112.88960676931993,4.501082511903032,29.317399364136165,77.26900184647667,-71.27471342357777,normal,fog,highway,206.3347889316288
99.16112413591893,32.63109685024429,36.75383079902344,90.05932613941158,2.4839562921484792,30.05539892041037,432.41521535161263,19.106695121135857,eco,fog,city,484.06047022601854
78.10571503617112,16.921305715943657,4.550168170014077,0.14921266393224109,3.7927246044830683,31.408483358741996,479.75340514910647,29.30100144123628,sport,fog,mixed,252.57156676222664
49.80644249060217,40.87302390423471,16.031123258572592,91.87359408265982,0.3219205296434041,35.11531831937094,283.49982587503723,-15.085286150879185,sport,rain,highway,150.48797306964144
73.6657300029635,43.84499037711442,9.566641823309634,88.77539911894306,2.08413251962426,32.58660631480552,341.13542339879905,38.32935911172805,normal,snow,city,268.36900258137365
45.03074245226097,22.402422620021426,37.99640602917508,1.1677152186627593,3.3712014033216886,35.72316895185129,429.9167404231204,49.336377130347074,eco,snow,highway,145.4225299473216
30.59879162351491,28.50285805772578,6.752458546924121,44.35251571365175,0.6670324063910665,28.82622148224867,187.40531570825024,56.61233271495601,sport,clear,mixed,109.72307321074854
63.716668919898346,15.664033530884913,28.927291071134448,72.80972283906368,1.6290893955284158,31.68140330920748,496.4158974411992,0.45962227150144486,sport,snow,highway,163.004563201997
93.53638883025563,34.22130674181665,32.770807731559,54.3300782229643,0.3227390251194162,31.352628240363074,340.25068465344884,58.328155511946676,normal,fog,mixed,405.35201014817346
93.62255680139165,27.417781741577667,11.780324874048297,93.35833424646087,3.256699704347552,32.801649411247745,211.99934917899105,-94.90471474610864,eco,clear,city,475.1091828711236
40.77147502949413,23.10175398304667,8.908590722646561,51.05499991613208,4.854456295290593,34.495716869660626,338.6689875008136,36.08087334777392,normal,snow,mixed,110.15525305418835
57.490971959952546,21.205113318498256,27.387291046631397,18.463556334460446,4.135227455714149,34.73158420466448,260.84001625671823,-52.87320858990403,eco,snow,highway,194.48488329106203
29.047230871287507,34.62069232976282,35.644799015311705,117.16987491285943,4.873115584037828,33.36155686964407,55.82078576918259,-45.895941662469355,eco,clear,city,93.05188231808604
99.6067998548995,27.486510930969434,27.746586653611914,29.044799133125593,4.228023975491983,33.132290913964425,397.93265238465926,-81.73965867865354,eco,rain,highway,394.4987406923961
98.30061170811422,20.38977867089736,1.35631827959328,86.12307726495987,4.275979030984893,35.59223633635846,282.18779012646604,-61.52154728136414,eco,clear,highway,428.01444911025584
68.45580367367026,35.67327244460472,34.41538737188527,17.178757399688635,2.885885976856713,31.0694992131074,397.9227789369443,98.4016466004006,eco,rain,city,302.44179511004756
82.3972653709726,31.95216849110081,9.379083371841656,39.48151365407192,2.5912615570660495,34.66226651350791,77.4559701837329,-16.921973887304944,eco,fog,mixed,397.5258406014742
74.359014515533,40.760161647884885,18.811470588896714,53.04331301165085,2.031271332139138,35.372029816738355,269.17857840038783,85.55307973773708,sport,rain,mixed,246.6161955409133
63.384239713552134,18.524276966294785,31.57178096463555,23.06784054324767,4.090474475229399,31.932313954121575,383.3121361064564,-67.42009436144039,sport,clear,city,219.16319292211955
14.801319729000792,38.56999805833368,-0.5802616299753893,53.99514916423314,0.910338061390123,33.832820628826404,494.15228379539917,-59.18823158029609,sport,fog,city,46.09483424243039
50.9287908297395,35.20550360451777,29.225506783877655,18.85953875901,0.281124579120966,31.016158853367248,442.19863819262935,11.562670763014253,sport,clear,highway,155.2850199003937
70.73076719506695,18.450328104842935,19.808139895533873,67.08078467830681,4.739469113423375,29.271032113563233,432.1748135303197,-30.093491824183502,eco,clear,highway,286.5526428309255
70.97784524953161,35.84462189615162,34.66708209138041,79.64559030242327,0.01889092601738529,32.6920310517794,123.730069073199,28.78304171495921,sport,rain,city,264.63503583983925
43.58103565801452,28.246418666394913,-1.4014799078228517,7.492114083361292,4.884146609379259,29.571773206796255,418.9923008545237,-15.590684855913935,eco,rain,city,165.86973920834512
94.75227879922275,43.349543566675294,11.034111852046422,104.53585452986017,3.644266849368829,31.660793046430953,84.64063877148153,62.31944749309238,normal,rain,highway,330.8292424111681
25.062132901310292,19.248340518536978,31.642154643341875,22.21690620504426,1.6424945984891381,34.983034506626666,99.05383227421677,-13.68818576578326,normal,fog,highway,83.29613363588031
55.03235015940046,34.28500172447214,-9.038414827161992,27.043491038438855,3.489099215431551,28.688145500509442,55.058371871736014,14.469836487652785,sport,rain,mixed,169.4753599361026
72.17955788957406,26.45940136388838,-4.389931661717857,79.36198080996756,4.089375785925637,28.243428285317197,428.7982653568936,-35.785359995254254,eco,fog,city,329.56476045497305
72.74222253026284,43.704440117726335,39.52826063783674,56.25012725212969,1.2268102799321796,32.8518227790551,54.12724822565934,40.80819748773081,sport,clear,highway,238.5489695650449
68.3775061091934,24.899246858708295,4.0197089295175275,59.927471900527884,3.8544784163979093,30.64849061275916,69.05573987250501,30.946841793142823,eco,clear,mixed,312.1101518252567
34.77593921066742,43.865577284754,38.77715968619767,15.378598147575921,4.021848125041201,31.343501655407323,122.94357504119291,-20.599793445188453,sport,rain,highway,79.13638520754567
24.058591181795975,42.044575533022474,-0.8734224495663039,96.68829862516898,1.2467731506267272,31.24568470926665,286.33120456032054,-44.793579441880695,normal,snow,city,80.54283405109993
67.23462941440397,23.11149705931969,8.054722150366782,74.0465095325052,0.20963177188991766,28.69296183207651,440.09009265020154,22.820874964059797,normal,clear,mixed,287.24471463348186
63.937190452549395,39.10625330479283,27.643472225178535,16.245845197134724,1.0206114227904883,28.028531461436756,209.11407762778407,88.63032984220155,sport,snow,highway,163.25167515038186
26.142040926031687,44.868126054105176,22.888920361908923,44.87992404307152,1.0032320444469722,35.18738594291411,273.1429745958926,-73.47139519467969,sport,snow,city,80.63470079909887
73.4625231013507,22.57989006513847,19.05611999645278,97.24919192820362,0.32620227087741593,29.74238848722997,83.24469997862649,59.823323669112085,eco,snow,city,323.4996738926165
50.96547925602908,28.10331507969959,16.49495879025038,68.20260551839448,3.6300369232759793,31.408631934914307,132.9729279488958,8.598354561618123,normal,rain,city,197.89848011596595
70.09845324428376,30.60542209700279,32.17202218323701,13.037853495951657,1.899874622292041,35.775406373368625,66.96288124288746,5.111939034771822,sport,fog,city,257.6952902267918
85.36303717931357,23.84793407411593,1.7474281416696353,44.73324549471441,4.421930837269292,34.614100655869215,204.95942243354486,92.33682951519583,eco,clear,mixed,383.3340887357197
25.275558571923085,15.457945189380894,12.12354634967592,29.123327814688153,1.26085552832593,28.863446842101617,295.1678293390962,21.174959513711357,normal,snow,highway,76.44625318135063
11.723038119715302,21.6038773259258,-2.227385392177136,62.09586643844717,2.266160825499637,32.06815225290069,142.00976501672707,66.1035655497036,eco,fog,highway,29.31770954951542
80.11923277562082,23.458106530252753,19.797079786535217,101.20333546463874,3.1950871446338143,33.84063221196013,422.9979277873963,2.895449775139312,normal,rain,city,323.1811134703337
64.87276826373544,28.307991039545612,2.5272212135660084,52.352056176530375,4.38732474835889,33.5871422799937,490.6191755033172,-50.029326548982134,normal,clear,highway,226.56866940204787
72.96756126599095,20.133074352402055,6.69210321716929,52.001043644198774,2.623105508096874,34.08673481923576,60.0774261572905,38.89805429162192,eco,fog,city,363.90780979274575
85.43394774897783,41.19763070075018,13.562535831176408,108.64210827924444,1.867623139061914,31.65963723910428,8.930028007662072,84.6353808888008,eco,rain,highway,350.2186509813114
82.25298413420505,36.14733398194008,-8.661470714843608,69.1422495008727,4.335075392360045,29.407383434642256,394.88845369739187,68.2460191220151,normal,clear,highway,276.1350893889667
96.48281322359422,17.55601432678986,-5.403103203958118,67.94293048768883,1.5512321234380528,31.71897955135498,95.32133890167243,-60.32727875198307,normal,clear,highway,375.88043422177043
58.23415709669064,34.50277353419794,24.296461035410978,31.429187025046726,0.39711849816288225,33.18309799338633,176.5732963304295,-36.622176187569956,eco,rain,mixed,285.8224001373185
53.96460693939148,34.60969429216861,11.448499035875361,72.92672974045516,2.2252105375511997,32.868736692841345,197.11560913790515,3.3761347947355347,sport,snow,city,170.8200423720582
46.16984799016571,43.68663520930883,33.23951109999477,69.10925609008757,3.92546653248996,28.56417643030886,458.29969445047226,14.320659047213042,eco,clear,mixed,184.7901340241483
23.83219385597841,15.090626140684837,24.733600182209976,47.622176441023676,0.15390415876761543,28.519619472657535,329.419107883081,-61.23717710829435,sport,clear,highway,77.08308893310807
61.53465095938202,22.437973494174216,-9.594952917633877,118.88346790790166,2.9294112249479602,35.72206264924169,20.30474515144537,-53.99753199696708,eco,snow,mixed,236.45246179221485
34.93112718933809,42.833744381259464,20.835616538356742,105.82691579377041,2.9723202426361803,29.21444364031817,7.405120357077299,51.76621380708727,sport,fog,mixed,106.43468438255009
92.91767609916779,42.96401746194849,-5.313756697014179,89.95035480921787,4.642708817136908,30.355699712093774,99.78404876514007,46.06348334298849,sport,clear,mixed,318.1352714616024
62.48717238493878,36.617592581119126,29.046658989524715,64.48147060956006,1.4323240857251092,34.14107585724933,159.0859704363557,67.84176292577823,normal,fog,highway,224.34720382890313
63.35561624572991,37.9728996314262,39.5753844139251,55.44717622735563,1.3941830660534809,31.277416606585398,242.26191704329946,86.58596145604622,eco,snow,mixed,256.8864940716856
41.9432194789309,17.744488737889412,16.559939712075575,22.187687426783924,2.2024182566983908,29.45171882608026,418.91970615442773,-38.34777621946166,eco,clear,highway,178.33404143023773
14.679041677993673,30.416275043347007,24.13897500970652,36.688496881754844,1.7845745073575758,31.73785905847825,157.40887801737975,71.91899131411589,eco,snow,city,46.50170013268189
12.856938883568976,21.947489738669983,1.865708044737577,92.87529597878522,3.681729313446634,32.551599766106925,188.26860963582763,33.20235825523727,sport,clear,highway,20.46766782176519
48.100162973787775,20.43654130840852,11.879887187689679,54.449874472506174,3.208760385657748,31.622132874224604,164.6689650048288,91.55408477835988,sport,clear,highway,134.44463549127084
17.610884028751407,39.309098973699975,32.80476661181918,105.87234198834017,3.7946051895313317,35.35156860377687,4.4826680164528065,-45.58516879531682,normal,clear,highway,38.47676729913114
64.61622599861252,19.051144100416423,-1.6288526126874388,17.749336361463453,4.100208955993446,30.277594360796034,477.60076955905987,-46.06569967209489,sport,snow,city,186.45617031087576
89.28757050756917,29.059549109891556,3.2767802806881043,61.001651521636376,4.614905663670738,33.29065728559737,69.4979420682369,40.85868973854534,eco,clear,city,433.72801055970945
89.462333486685,43.157347187580996,12.271683764301507,77.63588208255705,2.154683658923238,28.89835777127918,143.8337391016235,85.68215480765525,sport,fog,highway,272.0397155794439
69.31408691190092,20.574961666960277,25.612444592200696,62.021814756951116,4.923486947357747,31.13828366131221,64.6516510482209,64.91116495728693,sport,rain,highway,192.16782391510554
29.01086483256379,44.33980271214703,8.79419773978369,106.70722699019845,1.0783040670182635,33.92794601267979,245.2715780783613,45.40791155867123,normal,rain,city,111.45340726324987
87.66971482229849,44.828639572831776,36.38661398915019,118.74759381949677,3.5718258097366427,29.798535524715724,466.08305747124956,-22.538160388522343,sport,rain,city,285.92037876556094
89.74840917818874,31.668514640472086,-5.277147436564041,13.900159000964369,2.670046586535946,32.7181683652353,50.35035881274313,43.5534669403948,eco,fog,highway,380.3996055227795
27.698822645766285,20.10428220531474,8.540209877242376,15.59458848923052,4.084502973424417,29.227496233672483,220.44846179424803,60.21911528616289,eco,clear,city,98.97953582826526
76.36834771936095,24.48314663822687,25.447706171421096,15.638893627214529,2.38385260303213,28.821613530890968,11.187422885789221,50.657135958120875,eco,snow,highway,278.88842446433097
35.78675940344107,27.734784980296055,1.299338283074622,81.74125152846331,3.919693176812156,32.185861991400344,385.4491106930741,35.362159657224595,eco,snow,highway,107.15234400077337
82.23762811176367,24.279726730746688,22.82065671148365,44.72113145950055,4.65084357323839,33.400087968688226,320.6130717772125,-90.57374966185941,normal,clear,highway,298.8941119161054
99.75141099132424,23.419067396295475,-1.7891520886327026,87.99775935190873,3.6614713307004365,28.906936529875868,349.8493318535751,31.94298662296174,normal,fog,city,415.76740114702966
12.702340479645354,44.16689127649073,-7.200985756915681,48.656576746437445,3.8804714310916215,35.34221001898332,236.16818044786635,-4.34106890341792,eco,rain,city,22.14869686434409
90.76292792118387,19.60094482247237,-3.949214162567557,75.31280655984763,0.3358771563292806,29.806178101579736,453.8165147782029,92.31385430993711,eco,fog,city,458.1903426483467
66.03674802387923,36.99983726150587,36.499239156706736,92.38296068146722,1.0247883111614031,28.9598024652744,204.77872543630477,21.437976675414205,sport,fog,highway,215.21884475936366
97.6044357248339,15.012308683175245,17.587544146977567,65.78590927859047,4.871518702517968,29.621591266801683,257.0425373935385,21.645451247059853,sport,snow,highway,253.06525839561996
51.85085657737849,32.885480082071304,29.817288773982455,64.74043085400072,3.465935018936972,29.356579652254737,347.6446111353147,98.81103747394997,sport,clear,mixed,159.39978308606814
86.26491375142363,42.47829011862157,6.63272504525256,10.588119034276136,2.807245086555023,28.725397204903594,260.28032054772996,-81.28244204381892,sport,snow,highway,232.4534905374324
15.61546617384495,23.63802282279657,19.63293239427233,49.29380914913218,1.8348818669822502,34.38271387822966,94.66782395816398,-44.736742979929424,sport,rain,highway,46.75720607390861
40.175114507046615,20.565779257731577,14.747606685249579,65.49325838699251,0.22194500603458955,31.96430219795289,158.535309022456,31.215887793805138,eco,rain,mixed,188.61585715674389
16.031488397608896,34.550393846352804,37.2868979701147,55.43769907996919,1.845679539820675,31.108155523029463,46.14723406940263,-36.95274879312507,sport,snow,highway,34.806122951126724
97.78088201311635,36.37804221895179,27.378731802705516,108.09384002261106,2.4945643664478796,35.60502341587306,216.3067486086489,-30.769970414175617,sport,clear,highway,326.3843882150053
83.5276516544653,35.640915568559436,26.52713157482895,108.78367585433872,1.0572975469344337,30.968067096518325,304.696046543164,78.52898795942173,sport,clear,city,305.6651194665829
86.72926791213735,24.579506400641222,-7.682336528286023,98.63008567065141,0.8656839563691626,29.335781808377515,59.26497213457033,15.870781007959309,normal,fog,mixed,365.00030587896293
94.41687082905048,22.566072064779927,17.483483450184554,45.0357690447744,2.5420827567875843,30.19234313541277,315.2935607350645,-79.42688343916907,normal,fog,city,410.99674333748874
17.659313750780683,43.67756399886133,13.349572695090743,86.07589820250412,2.9295211781377195,29.91173226870877,446.43606987605466,-37.82748285347564,normal,snow,mixed,35.87330429777066
44.7037833262,42.698985248097884,36.392113330309726,47.434615328353175,1.1995895942726242,31.98993023650644,168.86186649275982,-84.78832470011639,eco,rain,highway,177.9850905145091
16.393140013960192,28.719498296784607,2.8670994094766122,27.911231877091083,2.936947372281065,30.332040991636593,111.01654810940992,11.22598668942905,normal,clear,mixed,43.00156468314481
28.971379139502574,40.38581598463121,3.4916726645547165,41.148317226105796,4.501699819371475,32.128489377490894,446.5030319209515,-65.34636072480207,sport,snow,city,63.07721402618629
30.642919933390512,28.56970432902888,10.567312444075021,8.515755994264257,2.365866290106769,33.35434739957431,345.9726179487743,71.42303000502125,sport,snow,highway,72.06201249270266
52.21964899428208,27.731670542175312,2.168485670318802,39.813301080557665,4.286950847935907,34.218390285706064,52.69743402827692,15.462805291299972,sport,rain,city,173.42262498234467
34.17059507082783,19.70288842797884,-3.540804109562526,55.28906607134059,4.636357222666592,33.68126225013785,204.05597603086622,-88.12487161378107,eco,fog,mixed,118.5683888940289
19.0880296135985,27.792181694759186,32.87074233254004,114.6577073736996,0.4619701446854285,29.644725731650887,337.0447998772744,-39.824867275136214,normal,rain,mixed,59.665325574255455
25.074198018469694,31.12250815799421,17.91382622019579,37.60927034635499,0.47905789828398493,28.927197753942032,287.1919374877274,23.26753344722536,normal,fog,mixed,100.60203394720563
23.254800719688184,15.675129822860594,33.06813594782834,108.29442470466248,2.380220914438007,32.33960127281001,309.2735596749365,-32.90033636123435,sport,fog,city,66.96029815219096
97.57691181210684,28.323390155262192,31.556738270184795,27.462993098819645,2.9405122215885133,29.59129432966516,283.567586986963,2.635333718791145,sport,clear,highway,304.69672680353244
78.33632562266263,38.44068655185601,4.102117739483555,22.91626773110993,2.1294173223251462,28.679469774172105,399.03068265244514,81.87245893654713,normal,clear,highway,290.8011642845822
97.09853187426057,35.401381691228096,17.386872216213696,62.27945477185979,1.6322538520875152,32.21675474383534,160.21347839848931,-29.992805898744336,normal,fog,city,433.7244794853259
49.57664378571177,34.054709665918054,-5.839114862996477,80.70136431568872,3.2049705806307793,30.614353480862363,354.23117394968153,-32.8254275060424,sport,fog,city,166.3205073803134
35.05316334963909,42.28666285311607,35.76259420153792,5.319870096273771,0.010407561749601335,34.04919209550803,495.53972124714215,63.951368262539745,normal,clear,city,141.86207618598985
81.8463877488268,15.5409602947569,10.213135753257657,26.527903805666003,4.840366404318712,30.513533044387344,194.97942889059016,-36.248695416646015,normal,fog,highway,278.6423039360127
39.36285262370321,31.711427585767026,9.683809194451069,54.68203998015797,1.1603954409401107,35.82973709644651,395.5241572773965,-84.40833117192155,eco,fog,mixed,183.72010152771693
36.94450363348135,38.620465452291214,5.137768530897661,39.72052031798177,4.585493842915035,34.068185530085664,123.05461856808553,-63.81100915250102,sport,fog,city,111.48005166835195
30.925539298704805,31.24006148103802,13.033187235535191,85.51452952179862,0.54507372267253,28.4615457719109,140.94835614202466,89.7600501592602,normal,rain,city,120.30174937772482
21.67110804018118,24.716866577411373,2.5879693272724023,61.339271524958015,1.1904359102228628,32.07098192285021,467.43193709177154,86.65855851554426,eco,snow,mixed,68.18528992064718
33.08167549150894,19.087516952759337,8.74261363984023,19.243092672468023,1.174368505437502,32.50096400971288,12.969178124344394,-55.03758184437044,eco,fog,highway,151.13443975407915
41.97877736264989,41.62689215448574,29.997352429244096,107.33584551781087,4.9807645210032305,33.56242168545278,108.71367243041463,10.700374619737161,eco,clear,city,161.42138761679013
70.65947873311573,29.12287177162809,31.712775179258593,35.14868105800315,0.023002728629422098,31.982374376270066,241.46034890600154,-72.52637991539943,eco,fog,city,367.86381825847553
15.630835799750642,41.34345590957104,5.209123881425807,87.73573307573082,3.198191046517479,31.867548787316586,200.9238108520932,34.93552570230716,eco,fog,city,39.09984067832262
28.945624569880867,32.575563672995045,13.450721527639395,93.58989349264918,4.348432905304264,30.9435088934209,314.5848656175156,-62.938840798037866,eco,clear,mixed,101.89214883195326
82.81212762625087,35.22576349845002,33.690988814002615,115.57892403073225,3.3613682701236836,30.17169107119339,96.36102518019096,-90.04191541567921,eco,clear,mixed,393.1089990889735
23.22297312253937,39.1278346313535,-7.3663334085151435,59.82089598289217,1.8136690910847209,35.56960169581387,35.27350218426567,64.97936144175986,sport,fog,mixed,69.92022080385809
40.83806318702694,34.77466633800403,34.45724809978927,73.90026185573186,4.791546813514675,30.540773357074976,184.66669890237853,-34.919923455274855,sport,snow,mixed,106.73539562809722
87.8193029672326,26.94164522036813,0.959217282616585,40.18515521754405,4.467603772945205,28.507370596642645,262.17762107209046,-78.2955192879806,sport,clear,highway,273.83312061180516
23.94327800290984,30.40900151785953,23.92696221071879,81.38151520944798,2.169774601247589,29.338277914347298,281.0009185424557,66.78079017244505,eco,clear,mixed,80.91877779599486
17.44631520563709,39.091365740276395,19.127584819230012,55.606018303958365,2.8666424630558174,34.85821308833032,300.74676177123337,52.47949550922968,normal,rain,city,37.1279321169496
53.608419557200975,26.209508891189525,17.647037409462605,52.51828376693067,4.837595939026204,32.69306767298707,274.3309978807775,36.75169008639364,eco,fog,city,235.84702149030878
37.217756015068275,26.643643703054913,32.968011237641065,102.65610349393266,4.9128018096323505,34.23024439501653,122.8759854855938,82.24974196890585,sport,rain,city,103.48640201726444
60.70675280354687,17.870703481740033,-4.921392817766936,6.02026121984264,2.249116378589761,34.47025236911755,382.2748679845009,-2.1547826258729685,sport,rain,city,209.92591685708516
82.34244014351276,42.43753305665243,7.351401266281801,105.83549133982422,4.236750140715443,34.58589151368859,43.890130869699284,-74.38870048264046,eco,snow,highway,289.0200899772027
22.343363933746886,17.731089448363253,16.912637317238282,102.24838053942683,1.5099011347696818,32.40490966195687,99.17693977609149,-87.7307180209761,sport,fog,highway,61.99572959893435
62.26291760988565,34.446275323456675,30.564442697301992,60.76395042741469,1.8590643646533234,29.416964765592837,369.68900450955704,-36.311796408068275,normal,fog,highway,225.11088175066516
55.49578843508775,27.39583436408393,0.8221541705835751,58.82434250467539,0.8241094149511313,29.185862017889136,139.86306705262587,-82.63383397251675,normal,rain,highway,201.28433637816983
22.96709074118796,27.16858170766327,30.146492068713812,43.416884164258825,1.0459229638836516,32.5918753630009,246.7367208047026,7.101888069417072,normal,clear,highway,82.04232518463934
66.15986369760842,35.38655509718052,9.981924124696786,119.30085500180812,3.2843665112967946,30.93211482948541,163.59887042777942,-97.10019643536842,eco,clear,highway,284.57670950689845
34.62763760746945,17.012811978896362,-0.5543071783152307,13.340319930460947,2.5539080900354043,32.46438592996614,253.4906058080016,-11.247339698124819,sport,fog,mixed,104.9421004357666
53.90508866896113,32.811173488543034,27.94932202217413,70.82582827543284,1.1556593031280142,31.98782275390292,173.32789997368252,-64.30794202928291,sport,snow,highway,157.20155809824536
17.40450918493557,38.160953579170645,-5.455054926272609,81.80179081349004,2.014548081808263,32.81758463758039,497.1039949530252,-26.34639122656837,normal,snow,highway,32.200286751214875
51.36256514922607,39.846382736597825,15.738368703772146,112.11960098603333,1.8659172993184088,28.256894325892524,178.73879467907332,35.00681495413781,sport,fog,city,168.72088595299562
37.58171212385383,20.11591168181326,-6.806210806905579,93.62441962281137,4.936801022676671,28.262693445040988,313.52470869882274,-29.807245789859692,eco,clear,city,143.66683337369267
84.01430900668188,41.92257150234521,7.8208927578893785,77.26166433738562,4.267829186056897,33.77276136678807,444.17160882543874,-31.732022559956945,normal,snow,highway,255.02784895472507
15.128085429763145,34.684382755423265,20.053839950319635,14.01747801745472,1.9398316669191211,29.54501795058176,318.9674971823752,98.1501465679004,eco,fog,mixed,48.166679742758
47.67465474264969,41.45564402462048,17.805777074360655,44.84802201977609,4.569582894480165,33.21758769753645,282.9286275548043,43.762944545257255,eco,fog,mixed,196.11769849424851
51.25882817182942,29.558421513305948,10.232770895233326,16.66099710575823,1.7131769581408558,32.372607286331636,284.61472737810413,2.7723423700102785,sport,clear,mixed,178.15476307031136
75.25054686692069,31.26100035291606,11.452399698605785,105.74552789586164,3.3395075636742972,35.85435577123699,248.23035546169277,15.875130199515894,eco,rain,mixed,338.55335992193005
61.68588175811899,42.57114831086014,1.3384776675383279,89.95453866763715,4.833249983410562,34.6832470310645,403.79020070222754,24.036526303762187,normal,clear,highway,199.46868169535813
70.0491103474763,41.997286300640155,12.794129421205145,90.9044144156675,1.9513943199427612,31.305076170650796,25.212039180690983,-95.08492021183162,eco,snow,mixed,286.71463682623113
79.93443570865806,28.44482620107006,37.66274278604171,78.27078213282529,3.399424825524669,32.93130256074532,442.56495396466386,-83.94708189495049,sport,rain,highway,240.52112377859885
87.59826762923699,23.23237894907045,32.52264588918952,60.84522443240516,1.479619055313166,28.938315657803777,293.14611012282137,29.83787027133036,eco,clear,highway,376.8311519396763
38.24879470502235,26.795113036927923,-2.7383565461828097,17.996527135619665,1.331561577989873,31.09108834369905,424.43661062787413,-27.106228230337265,eco,snow,highway,132.96324851336624
58.42204348275126,26.632929855892492,-8.510960633953953,39.56338640460621,2.87078333215776,33.87110192871899,5.1963512721042715,-88.91119195361499,sport,snow,highway,160.11245113315647
85.60972705952798,23.60600624948382,36.67621563583153,16.42989509722687,4.896322990166091,32.98137267302923,434.63820198080884,-40.49735078967478,sport,rain,highway,251.0739494750731
99.05060178685508,23.057388129988997,16.337487494037383,86.98957714228118,2.2656692436008496,31.875770595018864,60.06875958663343,-73.94331591572197,sport,clear,city,379.38819994352633
90.05673799393868,40.83188809439159,16.891891157465388,19.227453122640604,4.688184851582903,29.412232832421353,360.6090031961996,83.26276844526427,sport,clear,highway,273.4335437380743
43.43205363619391,17.09585762053985,29.035899785326116,84.25362602060227,4.571817601223808,34.425167409260354,208.26069644392186,-59.414921489376994,sport,snow,highway,95.57035875587346
27.564986549678537,35.32833546298782,5.734448693566328,83.07064675150856,1.2688130617249738,30.185332835292616,340.5361955489622,-71.2617605211895,sport,fog,highway,77.4453002029372
54.04532836659298,20.184601543693567,14.095378441800108,55.11653747895467,2.009097035421637,34.56383265329528,314.0948688386821,25.233763417723324,sport,fog,city,193.67346263289764
76.74773066524381,25.335176801821895,38.43314565733688,16.227438494166275,3.2165123924709156,32.89287250235995,81.69827353362092,4.382386055366538,eco,rain,city,362.91343885851103
54.331216367796785,16.846291024045104,23.60743434662036,37.776099136084405,2.590229422056958,30.9818514235903,257.3068822237759,15.186490807158393,eco,clear,highway,217.6192759297451
53.48627769823017,23.09920910566386,-2.3127484002107037,38.411173089066175,0.4797926493158716,28.324841775679932,138.61523659727038,-12.810370391936956,eco,fog,mixed,269.39383567025004
85.44073789736206,38.052632133517264,-3.3386626007823352,84.04621597719522,4.968490150635791,29.859350754755013,280.21842142400624,-6.5661378135740875,normal,rain,highway,276.23743856429627
42.52634011604677,41.55045973641776,0.2132379166502698,13.64916232964692,3.7632700060564,35.11256740390531,369.001641526422,55.759511169425906,sport,snow,mixed,107.93271142820988
87.3815207330481,21.645814557071013,28.335583721035874,99.4882375459309,2.188470191123559,34.54379475116574,40.629207290918956,-56.015563034866524,eco,fog,mixed,423.52071826852085
46.61243208565512,28.906435177767655,4.768850192030802,91.32087482230968,3.0908427483314567,32.598826503472786,257.88121176551266,-20.69413943375318,sport,clear,highway,128.2718702205675
39.54097951105055,29.109721438116193,-8.93055766624601,22.35683018091287,0.4378640863311506,31.730579711697015,308.8149103811292,91.56507698558985,normal,snow,mixed,137.22385630459453
50.85909200797291,41.20725917279202,37.208718175283096,86.29972581346674,2.47650826844805,33.17714143464087,147.68372679860693,-62.00285976279096,sport,clear,city,177.3485668344082
78.62022628073817,37.88397158627416,-1.5143291802544674,80.22158177613862,4.654162079087439,31.729985022746412,476.50174139800356,-41.245280991626586,eco,snow,highway,269.7134990863558
21.340182507759486,30.392316551041496,-9.52209069259657,89.77449601331115,4.483004790274892,33.154438725753124,260.1514127534147,-61.68661514280189,normal,clear,city,52.36330333554083
27.677729428481566,35.1224160141532,1.85658011916615,22.671426653843337,1.6869042274157282,30.459232797281263,91.25854492296637,-95.90090072837287,sport,rain,city,87.09660108219701
95.63003430967828,40.42065161728101,1.751439355906685,18.910838658776235,2.656839319106694,34.7079777432918,53.894130899642015,-46.03401499166593,normal,clear,highway,362.83954252486546
25.794246464322164,15.286168620766349,11.100262542286153,28.378078310730505,3.486917620438234,33.615343147722136,270.8297745826828,-90.70651080755216,sport,clear,highway,72.02474387598777
61.09545861379491,27.086700931501458,36.019491575001844,43.90460437787708,1.7000463345395267,30.639805027421534,187.61919056346449,-69.06297471867333,normal,snow,highway,195.9398571535878
62.13830199957441,42.217295018312356,33.9592458889549,95.23979772429614,0.3243960904696924,34.64532891858753,96.27354888419232,-27.46358598647707,eco,clear,city,314.004935116168
54.066201584522034,37.209390925318544,12.844727749121397,88.550872497462,2.5272082835890237,31.898740246825433,15.34924339288729,-95.85575658620836,sport,clear,highway,169.58482250654484
68.02707237191368,31.28524123002224,10.544995249590325,111.05419107342398,3.008178679116682,29.397110917899692,283.30004001893997,50.59131318614331,sport,clear,city,237.58277963093343
30.684405321785658,30.889335811054003,17.750454323742563,7.035547091833854,0.029208000607551243,28.621699696028212,299.30011841683097,59.11780275390936,sport,snow,mixed,91.72839710402455
59.73960409990734,25.43310292813313,2.1727005985882872,1.3867537217022718,0.47787686769265314,33.596845981097765,70.90130059073424,-17.717239516327425,eco,fog,highway,258.71104377431965
43.49559297222074,30.615616009245436,-7.390750401681858,83.8966595640959,1.0364532179707613,34.920966433664084,300.86902488515216,96.93319587485388,normal,fog,city,173.37361414045986
69.55005336662701,34.6614959839036,36.961206808560334,33.51449949529988,1.7402614349546708,34.45953590875635,475.98637735379924,35.798782961539814,eco,fog,highway,285.0286850361314
22.71011890358345,27.55089115286379,-0.6650507561413637,40.0894674640581,2.7052561141529017,33.24520824177721,489.1478049948697,48.74434959614979,normal,clear,city,71.41479559641523
61.37896751555286,36.42459439176522,-0.07996353771418008,65.61624310974146,1.4692145937983265,29.131000444838143,444.2464682785025,-61.53991526677331,sport,rain,city,219.15276782991398
26.674331984499133,40.83696681781157,13.62301644269738,12.289574775215822,1.3809190720325186,28.75235260781323,403.5392904178703,67.48752456434269,normal,rain,mixed,89.53528849489105
35.07787568035327,19.640545445545836,14.580667242016535,77.12332998576596,4.346746719065409,30.7602369840938,104.68391835666563,89.00927960430124,normal,snow,highway,93.51263080718971
29.68388202912249,28.546410684522733,-9.078289514962902,39.01769354773803,0.7252532040071313,34.83928712319015,78.21759124796507,-52.737966685241645,sport,fog,city,117.61663038258519
26.45540018819354,27.240602738552433,-2.602263061301465,75.925814916119,2.4773006658618013,35.693890162453314,222.47380114267722,37.29285887727602,sport,clear,highway,64.37777334914614
84.31398564046003,35.623944121491846,8.907740928037086,100.0808295688063,4.76412358468068,29.93088683877657,309.81587565927623,49.38820973266627,normal,snow,city,289.86504528248724
35.71368108948013,22.496023957737883,24.18653467552695,20.533360000491562,3.1250662455802294,34.09676536465376,425.339342004189,-38.96616563809019,sport,clear,mixed,113.72368210459024
93.44114036780044,34.207527448568285,1.4209228415967914,111.70477114974243,3.5860273994721927,32.59095373525764,115.98152056840078,-4.998199485540724,sport,snow,city,291.5633266319591
97.29338728106718,41.324677251944635,11.150722312088131,63.68257692749325,2.1561849569530356,28.254458936623543,239.8239502601663,-80.49218128385519,normal,fog,city,412.82309300693635
61.41344229433876,27.54394799380868,17.86725323582334,110.7513318208762,0.09966083559859784,32.343330799463516,323.7201209784229,-65.38103920809841,eco,clear,highway,274.9777864008082
22.870101039915376,42.3304709993766,34.4296247311646,24.927609864213377,3.230651841836027,34.44752322391484,222.79692726720955,-87.68589527056105,eco,fog,mixed,87.87558499671957
43.709341904162315,44.79491216800435,6.303525116356166,72.5475197525085,3.1596214071406203,30.208982266752212,227.09683853964214,12.033098109058756,sport,fog,city,134.78650366648705
81.79590370133926,18.182761498438563,-3.322086706825824,48.46645407883257,0.5521381823166654,35.17889299176369,112.55858051413952,25.052579455453866,normal,clear,highway,322.791539565757
43.06516558273634,21.991595639545757,14.463611294880412,92.90666293872158,2.3107985681231575,29.890083254997094,493.33045245553797,83.2239166867466,sport,fog,city,126.7261200194126
17.831549647250988,43.511392544462794,27.336080084203104,72.70907318559556,4.576644723328252,28.611785061152435,237.5966417037217,8.436962124720296,eco,snow,highway,34.221532127835324
60.110641983536915,43.749830594441605,-4.507012147363328,59.341854834998216,1.0254241598598757,29.279514475516514,266.370972702746,-47.877725838380016,eco,snow,mixed,246.37714407363652
86.06087663464314,17.931218261602755,11.23417458484802,109.55824877172104,2.305493773170552,34.69602294976735,109.27964564341453,-88.10529068177624,normal,snow,mixed,307.5519083100719
81.63337484291522,15.4499550113141,-9.110742936875829,45.254047700601625,2.305515926002602,31.338447352316226,257.0683591659093,76.99061055016736,normal,fog,highway,286.95139861147777
25.76108261173179,19.83300069769267,-8.322040917637443,26.397624587781777,4.053807340738192,34.37556450897326,127.67477926715337,-4.228384294389315,eco,clear,mixed,79.3462413094521
70.548815297122,44.88038350146745,14.14766816083328,72.972142422251,4.122879351647223,32.24986448791676,101.16812569173322,47.46439788846425,normal,fog,highway,248.31751865252852
29.84538370920824,20.399988498320607,4.909864907546472,74.88341246073765,3.7963470983169594,31.84447299835545,137.86112547146723,-97.07013028088221,eco,fog,highway,101.50116496387436
29.6386781096955,30.076428201660693,32.25536495027061,52.691354588625046,1.8272707959413688,34.455305211939724,1.3798242526404936,-2.372215467116476,sport,snow,mixed,88.5692786957294
88.66645959746667,40.45253179291533,20.107715306322714,58.39320524272588,0.3601846250926005,31.38790089369901,285.07555600084197,-34.85547536670029,eco,clear,mixed,443.13837365410774
32.470205746620714,15.61204832064619,12.69664808714952,115.14640971598799,1.7474148861200707,34.416261848530944,193.7400027614216,-93.93374547723464,eco,rain,highway,133.72325782672252
33.69226118662101,33.13466946775378,10.396768552714818,87.92228296761616,3.3989560063566984,28.805297319707563,449.34450959696517,55.13456141449166,normal,rain,highway,100.34367622241824
10.05880516851696,23.31076346608873,14.862274009478163,13.27221017790924,3.513732872445382,33.09048652431405,20.353586806260594,2.580330578722652,normal,clear,mixed,27.4552284358955
88.36021307129658,40.87004749319195,-7.978058439366933,25.455608504473318,4.825001047383595,33.62069645241588,21.600150427875054,-33.36395140177382,normal,clear,mixed,363.20939934981
81.33353318882213,23.503834477922375,34.639667821032994,117.06919613226708,2.2682061572185424,35.19277916913394,442.9367586562917,61.15969678147985,sport,snow,highway,210.29399011004267
66.45960415816103,35.60267160845727,39.91515778669792,87.17586645522375,3.1621779147014517,29.794591349729558,63.32232110217062,-10.615309629966703,normal,clear,highway,235.4265170889754
77.52391875449581,35.22658897342191,-0.9256437570650675,109.80541513735838,2.6959543536126587,32.83375904074281,1.0800520620009024,-99.30040872633974,sport,clear,highway,259.0501871522898
23.684371068204264,21.644806465789202,-3.9808517612690135,36.46337567864664,0.7530928005661869,31.466052509513784,89.45693185650688,88.8895264076651,normal,fog,mixed,85.73355720825202
51.24912351288179,16.043975996050502,-2.8211268275702386,89.02402321039108,2.3060123606606804,31.06217324435223,411.93808754880206,-48.8634519075229,normal,fog,city,209.2896954781784
41.60974486139028,27.27748721356192,23.051352911718354,85.68032502282138,2.724175773444971,28.85370844169566,401.3570413800511,66.11510441266827,eco,rain,highway,144.09787145605347
18.439887363131483,23.67579455897609,23.072041922538737,35.36279825272501,4.753748030211293,29.073866644759537,170.06610542172552,63.28307681625461,eco,snow,city,32.925026253372295
53.75174366934317,39.26933248841126,32.396208113920544,66.09795905408464,1.8326952720447802,34.69590769158117,334.015458629926,-67.52521372785374,eco,snow,mixed,220.83749753298645
92.86656853083718,39.01092565366036,27.59131942131266,75.28981335243543,4.900495515539889,33.9980274586045,253.62485366791387,-5.1994637570446685,sport,clear,city,323.5661553759545
13.605320714562502,28.710718565778762,12.484483668466986,57.7358172992958,2.7115003701204223,31.058729042328803,452.36749492295303,-91.9602043003014,normal,snow,city,33.165564070802304
36.23148221444145,33.19536675969657,20.64276807826594,99.26144479896153,1.2123462165152876,34.627892651117044,28.21173770871116,-29.089665422307604,eco,rain,highway,152.15117962144683
28.67868425851331,33.12778547960775,24.414233518400394,99.94428501575874,0.958321935079039,28.646129478588627,406.5895643683159,46.19576867392402,normal,fog,city,105.28255352533972
31.43319882991267,39.814744452828705,15.636823514261259,102.0720657961868,0.7084745863011588,32.99819133626535,85.29933471373002,-52.586105977928476,eco,rain,mixed,143.67220099417008
91.75910966914377,27.750072423695926,13.782549222581835,96.41082829177954,2.264664352867265,34.945408421714305,195.81044871587966,-76.574413851538,normal,rain,highway,336.22739135397853
52.12621488108611,23.263400393715273,22.254872282132666,58.570017263657355,0.10963214894461615,34.710913848249994,95.97857571738294,1.4247101870017929,eco,clear,city,282.5481164405231
51.966947164583694,22.951047544216422,17.873727448782688,45.772595777880866,2.2252264165743267,30.982262079534877,351.3072047970695,7.3972768747264155,eco,fog,city,249.49598991469176
78.4518078209754,31.085768378466124,22.19711526679552,99.76515404572447,4.9420234607797315,33.961870824455914,339.1630898766289,35.1657862642316,eco,clear,city,360.48936407314676
23.90429836044332,28.474446081966377,20.64273869816819,58.82417502675202,3.350533978611333,31.41974516415902,273.9488008495135,51.827549360518134,eco,rain,city,94.76216300642406
53.85388186900457,28.203623129548085,25.959828025682732,29.56456783535782,3.798930606002023,34.721105315119594,349.0815184018276,39.16190625293103,eco,rain,highway,198.7654734731555
48.69866927089537,17.734120172691217,22.140175439143803,60.881223878665956,0.5950269535913127,32.246095601240185,319.7823903023369,69.08244165897014,normal,snow,highway,153.4570494801275
63.72196214919905,36.558112220705866,15.987124321863362,17.021978630309054,2.365504307450454,34.11885639284033,388.22102784213405,-55.41870714359203,eco,snow,highway,240.49500636336137
99.96019329253947,21.41210063945732,24.089840564219323,82.99553887185586,1.4311155051285696,28.628572658333376,119.70332564527436,13.953349243299229,normal,snow,mixed,358.6723461469216
79.25040046738424,20.90860890626164,12.4740982592714,40.31055379486876,4.470487639945146,32.7202077728709,214.45630747036026,-27.980928515734973,eco,snow,mixed,320.29468841698247
45.807913271568445,27.382749608321802,2.083561298630052,31.27905581369452,0.9064623600695626,32.40227341975471,75.81326467711436,92.42247140032845,normal,rain,highway,163.06691232697202
84.47977470466422,21.833350248534042,-9.929088993304227,114.7810495481694,2.29366663568371,32.87981377388128,214.796782110097,-11.944095317035249,eco,snow,highway,300.99616617444275
25.363752698123214,32.51574801924046,17.99820735729216,93.22571949099691,2.9402385917281886,33.56513286332472,350.8458757101706,91.94278662671132,eco,fog,mixed,78.9733357739731
12.74173176780641,26.143900180034144,19.53276133043205,94.4483403268718,2.570205457892663,35.344871760273136,345.69558039217577,53.813130811821196,eco,rain,city,22.40416492954521
28.400353521784574,28.467351677783704,38.60244823878572,74.84663631350202,4.151217639852037,34.28545665420825,354.7134516474714,43.69277241373982,sport,rain,highway,57.669197264280115
40.637040050283375,31.115079648120865,8.073916704713778,100.70073726123566,1.157265856598202,29.757103931479236,154.38376432217825,-1.6872576156346213,normal,fog,highway,148.10615098858318
55.95226817136039,21.106065674454143,9.706662141415588,91.09949773960575,1.8869555521184562,34.60717015433677,331.10698689546194,-11.324373148879573,normal,clear,city,244.66058763567275
65.36162264870799,19.672548685965893,0.08997906710951042,71.85284449603398,3.9604214828697626,28.976637420920767,183.7331597944691,5.309637503681387,eco,snow,mixed,252.22411532581745
91.95451454929795,41.41265708620814,-6.473285238133904,115.33492822220607,2.640357058684024,32.977588685400555,472.24602305252495,-41.27338741460935,eco,rain,mixed,404.4618789083275
55.886860859541194,28.011711084942633,28.64022464308703,22.991393962130765,2.0105869282397864,35.062030465967545,171.6831829401694,80.90198796769334,eco,fog,highway,236.9754819683409
55.11480801631564,27.362808288976176,2.4840532169662506,113.20556627937012,0.14721257372415752,28.80897643371923,301.509117022194,58.866131053073275,sport,clear,city,218.21839650843518
14.521870884068392,16.068364508185244,20.445243051501897,48.172579439863796,3.766927120078047,34.79754122648208,375.072857096088,60.27917086500878,eco,clear,mixed,33.14361361517074
13.142039739060143,29.939289077621797,24.388651777274077,63.40787800817839,4.860910389833801,34.38896587384197,453.2037145131706,-13.369280910112778,eco,fog,city,13.330760558820101
59.60439657247348,31.625091648330002,13.561834364582385,14.728718345317073,3.10143504744255,32.030203470712564,218.96430172695545,-85.78221035115658,normal,rain,city,243.52393590951232
49.436075192351005,31.765226128639995,33.81760565135958,64.81289267061491,4.282706103443973,30.471180818363234,180.24255410413397,36.615463585255725,sport,rain,highway,133.19176409077585
85.52623554822688,36.21093507968653,12.189742048986439,73.34481022298321,2.5843787159746308,31.243505824572352,215.0140876582945,-25.11728320571764,normal,snow,city,329.23336193371745
24.461162624066066,20.324455049730354,4.245431152088257,119.72418501702288,1.158404827116823,35.74926508560169,161.84817577489042,74.08606249016506,sport,snow,city,64.73441455279466
12.247449590534464,22.566694026918565,34.80077614808112,117.02308932858318,0.07221052117572735,29.613580449214773,326.962245033657,56.0676876899727,sport,fog,city,25.651888368185997
50.41348911371133,39.32191395691238,33.07821421249783,115.96767502491447,3.2669913379499462,32.63683430263916,466.358382004292,-70.93437160204878,normal,fog,city,196.98200645449708
31.373070107703175,43.41511850530182,-1.7980026461793504,41.80656721224688,2.465544241241223,28.66592598302947,63.035503244683376,20.34314610770285,normal,rain,city,114.68586978632275
14.46529360049537,19.07798242101962,-8.701949082303953,118.95197984940522,3.9104907354380076,29.74314451351338,280.46103238507845,38.44278518543686,sport,rain,highway,2.2552813203524726
75.21384581628661,29.929486635156547,-5.500722182518966,54.6573781914133,3.4734120871765226,34.106531104596165,448.8243626801655,13.627515964872288,sport,fog,mixed,251.14628858496366
20.043369996152272,21.425287582187607,4.327369927690853,102.22035105142805,4.939761841032824,30.420792322884218,50.05727232800877,2.8084352310522576,eco,fog,mixed,60.27660217303944
64.74875500069945,16.802195050649473,38.612990087085535,25.958396282276638,2.551562917060199,35.886128564501874,246.93270538314044,-54.427384998811746,eco,clear,city,315.9753603707563
35.29447751502002,24.76510014378406,17.92580765804125,60.69998155879228,2.135873948365047,32.00653634475072,432.61479793022306,-52.818631115763125,normal,clear,highway,116.75131161665172
25.61464453195198,19.31062875552638,8.66308660146344,115.92145153531266,1.4336984471964747,32.132314602461946,450.22610585604116,53.60162772851092,sport,clear,highway,65.05055829705957
44.17763706273857,36.29799220302739,34.435804730637315,113.6437676308113,2.384306458956372,28.290517914685882,257.1760805764582,-96.26204288728857,normal,clear,city,180.22593797028406
82.13011986006583,31.011762410143334,12.656816573924981,82.0481853385712,4.364357390614611,35.65221399661813,12.475942233858728,55.78201254111525,eco,clear,city,399.88448995206426
45.28842192141154,19.315034129709325,5.761931420051056,95.73771870636718,0.21219862895870634,29.393867527075344,52.81958921391083,5.359747307827817,eco,fog,mixed,227.25039169286796
77.56926842899502,15.277247652165432,37.06097643728287,21.17120359228817,4.889500236430944,32.30672479048354,293.3583726206169,87.24453047696721,eco,snow,mixed,286.7986103833595
21.29376671192356,39.24471147072638,32.4758833096339,86.59902593809889,4.96653597153899,31.165396879669853,61.929303233172476,99.46430954458461,sport,fog,mixed,41.063035170651176
79.54942776985712,20.285832184927425,32.18341877097205,74.16609700024468,2.9891068929395086,31.324677605956847,74.70888845563539,32.696913021792284,normal,clear,city,341.5714172553218
31.32399924159838,33.18649926662298,15.614237152510654,10.98620829014953,1.657721018477007,33.14640132828887,386.05854889105694,-17.548561115972603,sport,fog,mixed,94.71662955563717
70.96538168999855,25.107657392302368,29.47191994077275,13.57908079076115,1.115244841610119,33.296709416739816,375.3460292877502,-4.982818287861107,sport,rain,highway,219.02338331867145
60.92033993568967,32.564578149451066,-1.0323320367724058,13.013234130151424,1.3824519784243938,29.234308918864777,421.38637971273596,-59.156914469698464,eco,fog,highway,251.12329781092618
93.62302454905186,24.46960880946972,18.661147877812184,86.92283217958028,0.25052713252485925,31.99669322497514,52.86756825305283,-80.1531352017038,eco,fog,city,498.5880426478459
44.85902661777826,17.608186820767624,39.19229614237729,17.005824989708692,2.375554792416794,34.32381959313486,99.07244054840886,15.752678660427023,normal,snow,city,146.91490872893485
15.95486699509964,21.68850025673261,4.547921525898083,56.12787253373646,0.2866213543220292,31.546291868417836,416.4807149293253,61.09901959332012,sport,clear,mixed,45.38697353153643
11.72399369961276,20.64175699437227,29.71761646238376,42.83781670533093,3.592371073879626,29.32643576661264,360.54380434889606,-47.64669645415736,normal,clear,highway,13.780883970229086
84.41727048754778,27.840580573189314,14.523920360403363,66.06049689242613,1.8596472776642703,30.505735545253525,402.9780639140201,-16.069437950930038,normal,fog,mixed,344.3092276303352
57.226207389528895,34.74851350278472,-8.009715838895634,84.77717846632834,0.9968236587358159,29.69903651284056,494.87283745396104,10.954732355396146,normal,fog,highway,201.76453707622284
79.77196466514543,22.914182248390727,28.150969890783372,82.16670446655985,2.724267789180192,29.006539743318697,432.2158030778511,81.57956399401144,normal,clear,mixed,320.20863960381365
31.098304001036322,15.362098059018539,-1.5715427803943598,61.862389909725195,4.8687965362150685,31.020649019482832,260.2316254248802,-72.27375446758879,eco,rain,city,114.04940346654377
41.05753709619104,30.568120927942708,21.573678356637508,55.72018483324626,3.4756552450920912,32.3274899455846,155.38409239862872,-52.62336625406747,normal,clear,highway,134.8259154509168
12.709348499018704,33.17278468076916,-5.716790297651356,47.73787141467105,2.458734250520801,28.582012202213054,284.83829328735055,83.70609035715694,eco,rain,highway,20.31752233953518
96.53430921167009,43.88611482005429,37.34336987479824,103.42919379652552,3.8845714962725313,32.83058697782547,319.29327511722624,-92.09288136906164,normal,fog,highway,347.6429745903885
70.10811160307321,32.684124092797404,4.5861943590180445,39.7022165847174,3.6873823594949435,35.94419552135686,167.65607062981047,31.223126811971724,eco,fog,mixed,317.8305151168492
93.98845789833756,29.135176781344256,1.3232345838697448,31.123898540099383,4.458677305288968,35.71299945616067,385.46851874233926,27.90517664359031,normal,rain,mixed,357.74348097488394
33.89467666861651,32.202048776931115,-3.543179796683285,89.19785923863256,1.0233447379697376,34.63338785599327,46.376896328943374,-23.349113273487205,sport,clear,mixed,114.33753039145272
65.03172501030947,42.83701889586081,37.30010966695239,43.17161540360718,4.29438788129366,30.130728902419225,389.69642534085494,-6.367064198576372,sport,fog,highway,192.77870197921123
71.0649971463374,39.85134436804938,25.595187122065255,101.63983197087221,1.5051304352084944,28.17926077183494,15.999259340974238,70.98359029611225,eco,clear,city,356.7459884452954
38.579473023182956,24.68936200091424,27.083044435904434,39.34664623645737,4.704994639125485,34.66833362306281,248.9830303607451,-67.00358733064418,eco,fog,mixed,149.81470560119274
86.32983115140671,22.117630909714116,14.97022806901223,84.23337894895059,1.405325744733676,28.445761855829705,430.71823174163313,-53.68650434421458,normal,snow,highway,291.994440643178
95.24453166102231,22.87900837098221,13.73638926352417,5.413080754240331,4.6342427158133805,29.645024651766164,43.24763701069878,2.4700822879780873,sport,snow,mixed,282.3708596398778
89.63696059264039,30.13263119145639,-4.498937850426168,46.267545613238404,4.8189535723204004,32.35562572357428,258.86946824708485,-18.05091539999397,normal,snow,highway,285.6369723085367
76.51602783454352,37.32148353685733,17.992054779199588,41.187620996106176,0.7274567872850712,29.427024313149147,79.69571948065818,14.874499509036724,eco,rain,highway,321.06399710750856
34.971821175245864,30.096576215488863,2.345824755439521,98.0014487131108,4.872499416313915,34.670306650389136,447.40787503046766,84.16783721875916,normal,clear,mixed,100.16085716455721
35.34544378950686,17.033891874843377,38.85726664002029,116.04664838739721,0.42861484214641143,34.217277570078636,416.1727635168151,83.42040354756733,sport,snow,highway,78.53044132875443
96.70242884014341,36.70742101319942,29.82904700075737,55.30575320315537,1.0928389330626098,34.046156045898,466.95862164674384,-53.99633205700165,sport,rain,mixed,337.90128705716796
10.925604634212283,39.17910386012862,10.64960300964438,98.98035325845098,2.2208439043640227,34.52902092718061,437.4911707650468,-39.57107743023192,sport,snow,highway,13.020388405254103
74.44449759179301,23.68493595359159,-2.4329370654233484,83.9633641148838,4.9679868285585504,29.757614242116897,368.2766549329953,-67.58626374059402,sport,fog,city,248.08395884932824
73.5621546299736,34.92377217850051,29.2665845569392,116.08631851964319,2.442815255826897,33.831139009198,92.44459779425141,85.55807429278528,sport,snow,city,226.56444146775542
66.04205868548178,27.797757031631804,-3.8973116459342005,97.33302172113896,2.7520472158924294,30.84225202073412,151.25130783445033,-20.42717396036096,eco,clear,city,319.708793002948
99.10979614781792,41.67358067182329,-0.5333123251464755,9.297367915647662,3.472124747618243,33.334758076547196,248.4275791540037,-10.058971023264561,normal,clear,city,431.82653838649287
38.06914921873527,40.356766744822195,0.5760258872113706,85.59380668586834,4.841467791364757,28.976173829049397,294.44839075736184,60.52815615549193,normal,rain,mixed,108.21672387317797
40.597467741392336,30.762959949289268,17.84453191365472,64.25996585068484,3.9167570006212222,33.64469264051612,391.09169765660494,2.594694562058379,normal,clear,highway,136.94684444386868
17.10454626519,35.74516637440783,29.352832699518316,1.9723269518792597,1.120770022118493,35.77686182320624,113.47981409353048,-76.04890355569758,eco,snow,highway,55.75815655498997
49.85183228893637,41.50049103066312,5.715743936234611,30.157555047053243,1.5149546533217735,28.34880292254973,64.13869707348164,-12.430258111460674,eco,fog,city,246.6400728293924
33.49436736113633,29.871510302348266,-5.76650928623553,110.61062940322716,0.488141198042622,28.750631209336678,241.30508529681805,26.10480865572636,eco,fog,city,146.7783273521316
40.90480319598798,24.397522214664658,13.22692317622096,111.12736473441035,3.2222618208236993,28.98909413870411,78.9207054364603,43.841817551407274,eco,rain,highway,140.3956712718125
85.11146112300649,37.60998413728744,27.405512057996773,95.86205522407613,0.9037015326961079,31.44451123953041,346.8684011647861,29.07037055657881,normal,fog,highway,316.5854617174693
94.19360621747461,21.601987643540753,1.0831921543694136,117.81355239335873,1.2870244423968287,30.32624147946443,287.81544504585867,-76.16385615352735,sport,rain,highway,292.65356606812423
26.715976480466708,26.655934440181262,0.9962274019687118,96.78542695490458,4.440568275901885,34.45536122832555,370.5538985094424,-39.131094967636336,sport,rain,city,66.30768170353502
43.52580383981193,40.97181711320381,37.361351367335544,1.224502474229423,1.633778376660076,31.79029791360769,31.71827982755421,46.71292899264304,eco,rain,highway,165.14239364716815
93.57675059038547,36.732670208079455,37.70768635595889,34.540120836181416,2.833233591770835,31.87629874150842,482.34878022210194,76.03803886721494,normal,clear,city,395.91896987480015
15.562761462030037,27.114330157424977,39.52328660307882,3.6749018685315438,1.9878300439458851,33.73630481060283,0.002768337868996884,-90.56271698754806,normal,snow,city,43.15488718046773
18.312447530024066,21.44233507225072,30.382980078739003,11.292956248507133,0.3701564370295679,30.895751860285966,162.72120750676737,-91.55417838600457,eco,clear,city,89.28816549290062
24.651189028560644,25.679051724967096,-0.590791541602723,26.260898034093128,1.8143191494835254,30.825657979363708,339.8173966831199,28.68090586781247,normal,fog,highway,81.75368055802728
63.56915507141873,23.52312447682299,0.5990760399630677,60.42702555906269,2.040341015179654,34.05541110101984,22.57103693105944,9.609230832656195,sport,clear,city,233.6098926398995
23.542504390539772,20.282678638315616,7.0112620761196,101.70384041544213,4.478505509557591,34.240333966694116,41.674790678803475,-68.9321898964572,eco,rain,mixed,75.98784649180729
97.12687433056601,37.2999874069697,5.906626566674543,103.43601073885297,1.6222532682316975,28.115190180262555,38.340718614110145,9.658316339392073,normal,clear,highway,383.2554301589047
50.20430745326683,22.562096605505147,37.82638745390045,73.94422302687558,1.8962055988103392,29.150323806725865,290.75486336048965,94.89746870017018,normal,clear,highway,179.53949795069263
55.13661643151497,28.625024105032914,29.45369914408468,111.38111268794819,3.9144838433616727,29.70478544918784,447.96265751926904,26.180044079325,normal,fog,highway,178.43018927950263
32.19927542248658,26.57578340508327,26.200439608077694,60.007479190824974,3.7947832560579897,30.81280375006301,277.718488856131,-10.171768790056277,eco,snow,highway,95.54373571270969
52.38642271912602,44.46232135906892,-0.7018387970934086,106.6843252959842,3.991426383242454,30.331584667455623,301.7856761398358,65.50649758791508,sport,rain,city,159.94168390881367
69.57222693733104,26.732767324446616,35.47627796811648,54.48783075984145,4.768853700380021,33.34816038710621,173.0008256039947,-57.43550286956969,normal,clear,mixed,273.51777870310667
77.60594232586385,17.399474483902644,31.393518975308687,33.26700089062587,3.977787491973921,34.625081870423664,9.370579327766137,-17.134713834617358,eco,fog,city,382.4551119203026
77.84812744389217,17.69477257716252,-1.8179079336038146,109.96955017205133,2.038041016089455,29.536695858848194,10.807358875608186,5.553578362169475,eco,fog,mixed,365.6264516330088
62.01020014246795,32.72261164059194,33.55851659804863,46.55220908146432,4.107542584490459,32.50384048481558,444.15498324045564,0.9079784101510882,normal,rain,highway,206.8353854372678
91.39237974944714,32.98090655214797,3.6123768185235647,60.40849306133539,2.5433731604496916,30.942530008648287,51.28621935982336,84.19449384223049,eco,fog,city,451.1550484364153
83.56670625754984,27.56276971447965,-5.956512708394698,39.463275903681264,1.3885701625928264,32.04622300036849,499.89468590629764,-41.46637855066484,sport,snow,city,276.08291191269046
78.1343303228763,27.955310769360892,22.841115325710504,79.54051203488757,1.5145853406550618,32.966062734267155,82.21130575563906,-88.69925585407607,sport,fog,city,297.43556059298766
15.004496951241457,16.617977485226135,22.69023296921653,119.40374700072425,1.1192119428169915,35.14879854945609,337.3172219775947,83.27544090274839,eco,clear,mixed,36.90596048159793
10.619016599768438,30.496395311677865,-5.253399521719095,3.061625863772357,0.724964789098767,29.538341342618246,474.4777360904528,-56.58646857233147,normal,snow,mixed,24.834820427622642
29.120254947592567,30.14218426141055,5.942590446829119,107.98176072085218,0.9224520592682517,28.696052696448483,181.1446388210131,-24.194405204658523,sport,snow,highway,78.54663890627931
69.7171234522107,19.486479556708336,39.64072311277693,0.47112683871184835,0.31589024976909685,33.01769535236282,367.21659437399467,6.178324903615433,normal,fog,city,316.59349692607793
47.007773999429126,18.11518158332783,23.921333350436846,43.70734573754533,4.442254324661931,31.153046790181012,175.42832172116758,95.17609410964269,eco,rain,highway,155.78888540010908
46.21656333693806,18.707174717984714,26.503758330166455,20.232816754741716,4.655039048245616,29.30322154634391,152.47052838072267,7.0536883257196195,sport,rain,mixed,124.61690357036683
89.61281994066523,18.030847394737755,0.6458642802152834,90.88101368070616,2.9338519624694777,28.93669733883876,100.90204128771946,-10.451338690304198,normal,rain,highway,322.1971304986109
90.60065633186548,33.2912458661028,-6.060896449804284,6.073300890860818,4.202447783043425,32.47127829499224,410.46745344943224,16.727695903529337,eco,clear,city,436.93554493542547
91.82577376482271,20.89447957208756,3.8450844870468828,66.41819443011936,0.9178555132657357,30.403764756225563,128.69353180457392,94.16163198342755,normal,fog,city,399.3669377377709
38.24902688635245,22.542904565623903,2.4449192596595974,35.391136061437514,4.508369126134926,35.97941103668782,141.5790814529288,63.588919751288074,sport,rain,mixed,103.42768932836626
72.19502314653356,20.207164324543193,1.7272050374026549,16.040429863764256,2.5318077981525415,31.24720655464571,499.4848710993887,-66.20637273761558,eco,clear,mixed,339.2559577370181
34.44698631469326,43.735059133455096,-0.36228390564802204,92.6181854523169,0.3358249630277754,29.698292870121463,163.6552177226599,60.652002980841814,eco,snow,highway,125.73720884480339
27.15488497670048,40.638523894555064,18.737784532770217,26.090020110630803,0.706563722470801,33.03079236093822,211.38724441602446,68.21981196077769,normal,rain,city,103.35024614849151
26.616921161263228,21.91484512054563,6.405173792091087,26.841025446592667,1.5448823039340858,29.954039117524054,495.0277288874174,38.13882079169326,normal,snow,highway,69.30591677621682
40.789685877723464,24.826988817663782,31.01725075237652,33.00921421655076,0.21778790177375718,31.95268834584929,184.65017270871314,31.44669183345286,eco,rain,mixed,191.94852931355092
48.69618578018395,21.296785269149915,-0.8026291076307999,70.41201165936329,1.546466890087218,31.860609469768058,183.07600361793348,-11.824599830439155,sport,fog,mixed,161.99396309091244
84.78542539495615,29.756278783824712,13.231353543427225,79.1599118028898,0.29965216559445895,31.6284610377259,413.8572331069301,28.339077423890757,sport,snow,highway,249.06066328969086
20.790198412544086,15.588315974227609,-9.317108178696001,2.1123028441613956,1.1801380259641259,34.3686855701566,155.96518424384604,47.514994430451566,normal,fog,city,75.38229452775931
76.14332626554048,35.14104026690387,14.084116122759603,29.024356333654836,1.328348779282208,29.73290401172947,116.89305182120357,-75.43595038514019,normal,clear,mixed,327.258545281112
57.83094227703748,30.69474449452925,-7.20808895617628,51.71650110063394,4.971844881833969,35.23445844056376,211.60512758766114,-48.53400796331287,normal,snow,highway,157.7692620728051
35.91508084083932,41.95916784903309,38.88617559363218,39.83723425934797,1.1777333688183222,34.33072402570828,350.3204002880964,-61.18362420674119,sport,clear,city,122.02350631387597
54.353762607954216,19.931780529852425,29.529606432520644,106.10047902130633,1.1959322446929015,30.66497891394659,21.62151248963268,68.24236738120285,sport,rain,highway,166.10068278347808
36.99478627993204,39.12327738183395,14.505573831822769,94.52504770637026,3.433944841791925,29.44482005024111,186.95801360928337,36.00051830635354,normal,rain,mixed,116.25592254505034
63.64737597144754,38.75883043400147,-5.670632091032487,75.1068258646593,4.29678739258226,30.23628019605393,173.12245097292018,-9.844292084964692,normal,rain,city,240.47330709107717
49.04595305697198,18.81543567650661,19.622272039520713,40.56508991964477,1.9352770630104326,30.661089975272628,122.40917363101627,65.21115009769363,eco,clear,mixed,217.28831107317956
24.796497617099085,26.956776724323827,27.938187535093874,84.08068138153918,4.378090099703462,32.45546535045637,327.1436679521725,43.35626799850215,eco,rain,mixed,74.99025460066515
20.492476710012703,20.104579234335507,-0.46413734976273524,101.23656154149533,1.7007101037387855,28.370945350509203,144.99504020683867,82.71861630905937,eco,fog,mixed,74.70816282740637
59.20261138649171,22.641615013726465,18.41041703937454,71.3796452830784,0.9850793980750966,35.31487303881642,303.3657795040015,-84.63860078041685,eco,clear,mixed,294.23660988531617
91.21717299574931,22.89738524491633,30.710544919143402,94.1353760272055,1.6481941216386176,28.789398853288887,252.1684207273135,1.8314763082470478,normal,clear,mixed,389.0598035634099
40.956191790191696,31.687091820773183,28.412388882315817,89.89259536796973,3.046781869639962,30.234187152800278,108.59493541294928,41.34958071525102,sport,snow,highway,102.86999121370366
75.97000965003609,27.342327952813967,30.149600893357643,68.60847733923866,1.8357157965603688,28.87429950362373,133.2830285210908,-58.50136263903085,sport,rain,mixed,262.9850339306672
69.27952194457902,43.431984120189156,33.96617124348599,37.461986018581314,3.3644690199464438,30.053382612205283,85.30002665328196,-34.574753605727196,eco,snow,mixed,276.70884203735216
93.83994228785329,18.791104258410154,36.88410510797351,89.49385896015261,1.1846793971124119,34.701390548870464,28.314607425478922,-16.20474973603467,sport,clear,mixed,342.05719652820534
83.88829155692268,44.21076404550597,10.276057760176798,24.815563962912776,3.504964469945744,32.92140649106594,309.5942315524558,58.86512365411784,eco,snow,city,347.0161455523138
60.99447330149167,21.91915920642792,18.438455126143865,93.53860157658406,1.7371918162423334,29.818585800715844,336.3943469571672,-1.2847597885609758,normal,fog,mixed,246.71867568191763
69.13274484106967,38.18621809145559,29.532976302280545,96.54560305710396,2.2793418580096727,34.9740682383947,82.99999680433496,-1.4259934304421336,eco,rain,city,337.86713615281167
90.85478199256313,25.16909778518464,24.856990697289156,98.65738554844476,2.78872570221448,34.40569647374788,307.6961923430366,-13.822476289570943,sport,clear,highway,290.24116798873433
45.95669061282413,19.292441862519418,39.77601141321894,56.74991651741492,3.431125015929968,34.029194258572645,491.04237002878904,-54.28218214073692,sport,snow,mixed,120.83116142509726
39.41152352719996,40.7366755573872,-9.316117444767793,23.0976921324506,1.1935684592436684,34.7810615870857,37.201047468911064,84.61430712255293,sport,rain,highway,108.04863661857887
10.97299752716767,24.265826977093894,7.756660765789533,11.966832007928247,4.1797276870540525,32.957197452146524,245.18543624943183,-36.43977586866492,normal,fog,highway,18.577061303333494
84.38959667723178,34.76566212680527,4.051396313510123,89.20335005855091,3.609213748776199,32.01149888168986,366.5191068219269,13.493132153980113,eco,rain,mixed,360.86524996775074
82.08826303630283,31.993310552598796,3.11579250827673,106.35136614357758,1.1704895951199972,30.991480209371115,23.00459891486345,-70.2440528955387,normal,snow,highway,275.8318543677735
19.400906629013626,29.15268928172623,1.126489124944289,78.1006030604288,4.8748728130145516,29.790112163261586,389.13674699880784,-13.151321580190569,normal,fog,mixed,38.91380673529401
61.917164301943025,29.87458417945617,25.45619204076145,17.29920724660435,3.323984955152292,32.45929326117516,489.755618546443,80.76070323384354,eco,clear,highway,243.35129292670925
51.75835283501986,36.96713742276863,-5.762026336233907,112.18757382210889,2.2621344323335277,35.115938765712706,44.24393176637659,99.09304770211841,sport,fog,city,171.12585441666707
20.683818595820032,17.633187423703216,27.08044169716692,118.69224174471834,0.7876366277675817,32.7518543119386,411.11495273296265,-27.64962865330658,sport,rain,city,61.42225486309905
98.25114043546512,35.045419858737155,24.671292100813673,52.00543319219064,2.6661050115406573,35.356854893765096,189.29077225604712,-69.2018907371329,sport,clear,city,377.9177600139974
29.322629871701988,41.87436304195736,2.540206625044819,71.37903471285254,0.823879434135591,30.855338956745307,72.0581012170059,-37.109694653920975,sport,rain,mixed,94.8614221457455
16.051076208150505,16.733645910595925,2.641689158258062,93.26742240019894,2.147458393489219,33.56110378021998,246.59660459817388,-34.55164632259611,normal,clear,highway,44.155985253836675
63.536264155171864,19.21960017701,21.443029267225107,88.36677480600537,2.043562613697594,33.18932377970113,35.75936789060785,28.901758856463545,eco,fog,city,315.9176156311735
76.49800094197295,36.49895810106094,28.108555274183892,116.1344630320139,3.5996982217373006,33.36347075250193,261.0507040835921,-0.7686551010879441,eco,clear,mixed,346.0471897600169
12.919910144246828,28.118449447338527,33.82428065436827,13.78597092945467,0.961915906121249,33.16033609792634,9.678394002024804,53.69194565312608,eco,rain,city,54.14663717820757
69.28458748543198,27.10645862441065,32.60697819272379,69.68698393713669,4.109356774354229,29.773237399496935,364.3057208363651,40.26065689949624,normal,snow,city,239.41617877429255
57.9062688356309,19.108999036327077,38.24414970819266,83.03177036077105,1.630661635080829,29.14872718626519,243.9848429057943,-49.73825521495074,sport,snow,mixed,168.33717919765775
19.293850798754356,30.203101221533643,19.06924476682556,106.8118109025204,2.2199431348438754,35.829026049856466,229.4698304675903,56.85113797715562,sport,snow,city,37.92180446544681
25.527148925172586,18.796359335891317,35.432778067017985,104.89315532617809,3.8617048777692125,28.36236103074001,98.09574687104184,69.4923733829632,eco,clear,mixed,74.28836290195646
61.11768675844725,29.298613689316213,30.425663663020536,117.3599752273548,3.126961998567574,31.741891896226164,180.63157789738287,19.678037950800345,sport,snow,city,181.93037945435822
36.672185216195956,37.9084589688497,34.73338121570068,61.44941447252148,1.5401267590096868,31.400642537134896,90.93471621083316,85.53354184971522,normal,snow,mixed,119.45068418543892
94.44841557861845,22.747930736614904,-9.418669935731668,99.69130401758719,1.9310146227294052,30.88015166572061,367.69505026786965,56.589624546910045,sport,rain,city,334.79211427021147
83.68662065356457,29.423585045391818,38.295149593290546,51.27380497527932,1.528934069948051,34.25587082861367,99.51264971651364,19.079181374639802,sport,fog,highway,267.0454656306515
98.52104858622967,44.760479081905075,13.676508142323915,50.67766534272387,2.9738508363857856,33.96280230650013,308.3766635258575,81.23319946266602,sport,clear,highway,305.33435589814025
33.370375505537254,35.59951270062112,29.909149478742144,30.401803736743084,1.6631226660341984,35.24179938823952,139.80375053387607,20.071696048107796,eco,snow,mixed,134.1732755500149
97.27512695181794,40.240703139155954,-3.639794033110957,98.18847444230758,3.628488473915704,31.163900209495377,328.49109796166357,4.238225467468041,normal,rain,mixed,369.5622448497475
48.81104828124021,27.445428196816373,9.797054790698702,118.29781269762188,2.8989357929186306,32.513436223435676,270.22747946067113,-28.748331917779453,eco,clear,highway,188.9989906007969
41.276691578237916,38.03582769377566,3.5730331510495468,30.761007401670945,0.7285330587375449,35.13845637873696,211.71931582636,76.57266611888906,normal,rain,mixed,157.81564599366774
14.531457427241792,16.215275188239655,4.582938525046851,6.7357905625286785,1.5513430933994121,35.95078450284308,336.50041670523575,-75.45456582543568,eco,fog,city,42.5210525920653
14.748873207364236,18.68733547626735,-3.837219002455913,97.86509249028089,1.1072372095507788,35.75435489892284,207.86103580411458,-5.299457156508723,normal,snow,city,46.55353584841973
72.28101303519892,21.092117787601865,30.288191627150347,74.42760630417074,1.9515660627574265,33.74275097014987,410.6853012875164,7.482666375004371,normal,clear,city,321.37550511230756
51.213609499062514,27.058557738456585,-9.537884270946092,115.16385606612053,2.5799204310468156,29.14582046248144,364.799229117633,10.949821353955372,eco,clear,city,230.76983758078282
30.386946343249512,40.3723463497729,5.625272849260124,30.268706289234267,2.533814286420549,28.185488094344212,270.31949725654056,30.377966097048642,eco,snow,city,117.31471126703336
65.25732756927093,25.387981523637915,-1.279472839179249,8.52331896015373,3.772618382816445,34.60174685122354,438.5303412929985,1.1591248507631207,sport,rain,city,223.65084715800353
32.75723064251001,34.638635805463885,19.451947030417024,59.09307130398019,0.9458593180085467,34.727536195934604,414.43091073402775,-48.63637047201459,normal,fog,city,136.601943236877
61.98685789099803,36.2794288441045,2.712620130727192,10.2559227558177,4.732364146487234,33.97088726610776,265.9196973102496,71.38887922789996,normal,clear,mixed,236.20025987260556
42.32878722844213,32.58547062265024,2.949922726404983,31.414800132324892,1.714225534410843,30.23938788799376,34.22384685039875,31.505065567105675,normal,clear,highway,154.9242934464738
84.11970039506372,25.717259045104086,14.416907199765937,15.117343298300195,1.5012442345806924,33.11854287678821,282.998176099622,71.63756274206122,normal,fog,city,363.88236499022906
83.86265446901014,32.31160025140633,22.63445196704629,26.895861559209443,3.425892890901099,30.529987534522192,177.62849478014274,-44.791301803924654,normal,clear,city,360.60462442207205
52.96153583101612,25.267967783692384,-3.9347647717418184,12.737358338567022,4.027583143415312,31.605185968807398,270.05647140186704,27.411378980564336,sport,fog,mixed,161.23598090496523
41.5737198401514,17.516212156560364,-1.2244273767251919,114.46871993127425,1.8923588240682672,31.059480679844086,323.5652302487967,42.834749015279016,sport,snow,mixed,113.0419202969034
42.63038169031851,44.784119345580436,2.3587372297258806,33.42752561396826,3.7342348744698857,35.30912069432044,322.41928742531985,-23.318967926432308,sport,fog,highway,124.05921978556377
82.51430731013961,18.815473608975328,38.687410705898024,53.267710319107856,4.418679780680273,29.873258645951005,336.76202175900073,62.448823641380244,normal,fog,highway,285.0922479408078
39.53615345178508,17.17045151508172,9.857624997146019,107.83341691610669,3.834018326034787,32.62088723659,339.6343125225074,-99.49824503154065,eco,rain,mixed,147.0761154106481
28.81534363361614,41.35592247621467,19.949504531551323,81.27859055537692,0.17098242785416495,30.887852232270873,54.64070935675208,18.983950042844327,eco,fog,city,140.3728452888855
17.621950768777616,24.055039826786853,2.0771406357988944,74.16449766741292,4.13684455683094,33.30456889531381,95.85616522864682,22.7136940704261,normal,snow,city,41.32918348855594
52.00238087959676,34.50890922220523,14.522976257874397,84.66758284330045,3.872404792271837,32.5165051294198,315.2705022711755,6.768618607727078,sport,clear,city,179.21222373142416
53.391888902785766,24.870171889866985,-6.294041280702097,99.45867085264582,3.3464511907659302,35.39182145092752,204.08619436551834,26.0096973838899,eco,rain,city,236.79125859356967
85.68178393626164,26.743628123834135,-8.262892703883653,105.3203121422113,3.800112095439517,28.812897213609705,381.4258226528818,-66.55462859534595,eco,fog,city,398.07632339296737
29.91148268014576,22.863389160503896,13.43667634107301,77.11676047980318,4.897126979159695,29.765126718054105,62.454641131416075,36.956296360475136,sport,rain,mixed,75.10457490585367
44.28921463015599,25.291320173790304,9.932964375920605,106.80087296328692,2.1555644390917483,34.130783710648444,95.76149721026967,-32.84220743266695,normal,snow,highway,140.58090262600348
82.75651650043218,27.321012017596296,-3.155984015408616,64.24770329105722,0.33611617477298905,30.950294719158748,279.2323212182365,-9.589251484816444,normal,snow,highway,269.6918251346504
84.12612496740762,36.61248207277029,24.380071446036688,33.274902752210814,2.3044498481385833,29.326270289829793,250.37400963394936,-33.37812720074626,normal,clear,mixed,355.69407530546783
44.61499683808914,30.346085827043755,39.645174544963226,105.60920506606132,0.23216827695523967,32.0265700739631,133.19857698834497,-5.212759300102917,normal,snow,city,172.95111021360077
51.32116209580128,43.30695651470931,9.782341059835623,64.97673928957045,1.4712520404423057,33.217136492891086,204.17162175257926,24.31384530234955,normal,snow,mixed,182.12563841635287
37.29573017643546,16.256411815163265,21.227931795869722,108.73651050806811,2.934398958983795,28.35861371322799,17.490639028326537,67.66869417911022,eco,fog,highway,132.0535159579214
93.92993905773808,30.092049678960844,38.14879711822429,4.820137674069747,1.5481144646307814,30.332975114939558,18.51905399718706,-3.312988471955805,sport,snow,highway,277.0094715461109
20.677938916742228,32.52674366495154,31.576748622343764,47.70189018494826,3.426976229547693,34.47538030156834,47.463501412435825,-35.355234479279346,eco,snow,highway,68.02690285178548
94.0374480701323,42.60590958222822,13.177611165134287,113.73660220349619,4.1099316384286055,32.161956532881554,288.3962266002803,-2.411624214923137,eco,snow,highway,332.00498384095914
71.54798066518089,16.474755708642828,26.87447422299597,29.95801113099633,2.1021958963976846,28.28303372138656,431.8582073065768,37.76073281410311,eco,clear,mixed,332.400966460682
57.841493741805806,32.20498754805648,-3.5932479874737986,112.98434952461912,4.500689756465018,30.255608042197608,130.11164462978752,-30.65985665484088,sport,fog,city,190.59280655048167
12.93931547060463,40.60889785583871,15.605192773189962,114.46829533550999,0.39919465675200105,33.11312524783537,16.969914861710123,-17.143585055318766,eco,fog,city,57.59227707034588
52.803657263980746,22.257831843577097,3.953013858996826,105.85707770710331,4.2005658210022485,29.594875756624198,354.31355102615623,12.567963401747278,eco,rain,mixed,214.8494279731188
46.6973294502459,41.28877045571812,-1.9418156051919446,67.64016541119585,4.142865727196495,34.61913124975531,427.67611950253325,-41.19814723452999,normal,snow,city,143.1993953969385
24.50969307776103,15.571302278228755,11.314045312726744,77.63273388967662,1.6099694816338244,33.41260725666931,69.08639263155086,-58.18306809111164,sport,rain,city,80.42107356020556
69.07686431505911,36.97363887401189,-3.4492722783192784,104.3540398139843,1.493575935623075,31.771032487582346,192.87384797020007,-71.9215432273476,normal,rain,city,292.779386363745
97.40358166314572,42.99339663505959,24.949255408724277,93.10764988670213,1.5254749057675632,35.32499024853428,79.36842029510238,-29.478003374785146,normal,snow,city,382.2852908270411
60.59699299580726,34.71592984920187,12.812002202666775,75.61126193464939,4.056968561722055,31.134406167397294,53.1787153046826,-90.3314187123886,eco,fog,highway,237.4923561636731
74.32779487995512,28.17087731941344,16.55723162823319,117.87112894448431,4.158267438050975,29.880587284512682,324.08426923718724,16.696505341900306,normal,snow,city,251.06584206923853
16.160540730941513,16.34643049418154,-2.6812030665921496,82.2811963600433,1.648612294138338,33.291223940213605,483.7682380890657,-64.8181268004951,eco,rain,mixed,44.20553411746847
47.590029623529524,42.60341439967886,-3.0114169453252764,117.05783909373133,2.9629517372223093,32.58636149976119,339.0828128103811,-24.521041533991436,normal,clear,highway,152.63896503026658
20.47226366480463,29.108886680747244,19.170771763006204,6.886616952850888,0.6946661472022725,30.6819832074498,492.4073314038091,-46.155436920325485,sport,rain,highway,49.89734706929308
65.15162519828593,15.86990233007844,39.25048739147231,16.675244489065495,2.3438936914051105,30.749316490591816,217.1976380351457,26.07799326834987,sport,fog,mixed,220.61710710496837
94.46339423927391,35.69463213986286,-5.187470838113719,54.17506152005887,4.993964254277691,31.185682469072816,448.93489441368007,70.06913229337326,normal,clear,city,385.2180195789502
69.55999592244746,29.455117607287747,4.286571428289063,46.18553530611781,0.7941957385312343,30.329108539834955,102.5421123331523,26.660208597668998,eco,rain,highway,295.82557305457334
16.912274348297938,18.730359523272323,33.47295582689438,93.92818096284333,4.737813199800295,33.68193125088738,58.95218350539655,8.500985734678764,eco,snow,mixed,32.45771115634957
41.919958448657454,21.428154279307787,-6.3863993872381535,19.273683176304452,4.121273609825039,33.21086724040964,351.26002545621816,33.81674786440843,eco,fog,mixed,165.3688912919181
59.55970414967664,16.93472041367539,33.79428606834757,117.13142149337862,4.86107325473135,31.52622122037114,185.7041654313179,-94.00187244796004,normal,clear,city,225.13670816788004
46.2886980519927,32.228806191257206,16.214299168737558,37.80790503130968,0.8978938030526651,31.182837406233897,158.8438013735508,-75.43106780757604,eco,fog,city,226.7745894943378
85.0279609427655,33.66088437756028,10.413338696321293,51.47084492881913,1.0675924522168212,30.92041015487764,335.640288998829,-81.01455280579115,normal,rain,mixed,354.352333883594
83.32039042389903,30.17226895066333,5.484028217572792,32.969403892802745,0.08433590867429341,30.267746571138026,166.74202088474405,-80.3605668502432,sport,fog,city,323.83211912846076
65.06479180928993,39.51306399007845,4.855857906392094,69.52363407918567,3.6235090645780277,28.685573305256476,286.2790861242607,-47.9032569606904,eco,clear,mixed,289.8872792103719
43.611215061943476,40.83026463924041,5.290129122473939,7.0354440507100735,3.2204734671809283,30.145637484180003,149.72755313065218,6.410452076641036,normal,snow,city,149.41051276614505
32.98027363869197,33.4687319004938,34.24015404800979,17.961300668453855,0.8903271916236605,30.56961078954452,391.87879410562573,-77.06368426865058,eco,clear,city,151.18393738172935
19.528688639181638,15.382694391222916,26.189761508739274,89.49572441024691,3.95572482771036,32.381472050122746,156.1941702476577,87.02324823787785,normal,fog,mixed,37.465233758031744
41.94079151378986,35.85688967243207,23.48615039155753,22.380070008576467,1.4959775306586272,34.1903080726244,267.4970722481101,70.85136053088308,eco,snow,mixed,150.894316984907
47.18552654869476,27.539976507610547,29.93745744760004,28.26173418679954,0.6749778466531758,31.165617158672255,11.58804184850587,94.3288707665964,sport,snow,city,152.06444524214822
70.82406325936662,31.96672449679161,2.85573315020725,95.15786828698053,2.1128133250967407,35.558055246816735,395.86539167919636,-91.49999098230188,normal,fog,mixed,298.0844918538789
69.23438418678161,34.47241806056653,20.902140604087787,11.196141402870431,0.45484924213428035,34.6187997075293,310.168887410988,70.28048941786327,normal,clear,highway,264.79367268869186
16.309732567713127,25.507098429812302,13.003311947897547,52.49685873250091,1.316218281366233,35.878414783069964,96.11853349644784,60.74681508829789,sport,snow,city,40.05856764632565
45.5733383888042,42.51295515515383,29.12208176000967,2.7676064396672384,1.8566667921367308,35.00962432833185,107.68668804551257,80.4211729204921,sport,snow,highway,126.54661236246669
26.360098049562573,19.019246002493436,5.462805523664274,41.61688791814846,4.25932087257075,32.933807594475034,131.24645925241103,5.58883353196174,eco,fog,highway,85.75228164691643
24.113143478512512,35.14535421843112,22.158930843494787,83.87776831329053,3.962743706466107,32.78783430253375,288.2650522977809,57.57781415513469,normal,snow,highway,62.548497130746384
84.45719347635213,15.130787398697413,34.11062059086567,10.812393566067398,2.213771428753091,29.036209014033737,274.1581665465115,-89.74262413146951,normal,clear,mixed,354.7995782917299
13.772369504463178,42.739533162155425,10.107523809746436,106.6001552134512,3.6228752887619375,33.779193991132544,136.93185982094468,-84.82444210320223,eco,snow,city,29.231710661678747
47.72645883119092,18.375123997142744,-6.668895631626928,109.13988515288592,2.843248180895025,32.80165486074137,347.0311459885018,-76.29355181008235,eco,rain,city,210.55612962938525
25.13832901898664,17.84652690442724,15.802541117089639,12.598845015016211,1.7042092753903404,32.05545682716788,444.52058296686556,82.95777265964159,normal,snow,highway,62.68512423628902
89.13971941106266,24.990228991567328,7.298624390351296,118.88789236509321,3.629371717476424,33.546294980458306,21.757738826769234,-87.76613012231023,sport,rain,mixed,299.39046186042367
60.13364619475316,26.206988581172418,23.611269027358745,35.703546407458674,3.4174957723318897,31.552382742703948,208.59831891134073,-79.9700946601778,eco,clear,city,279.2207155230785
30.824257273916324,21.42900216968636,37.551646237430305,10.092200535792726,3.09547221096801,32.19087729926629,296.76005927240493,86.08208052590541,normal,rain,city,106.64141570653796
55.218455844973874,32.55364982781374,14.28041589984235,0.6080537396714725,3.089777605216253,31.18681843842605,293.2176017684997,-78.52148363354436,eco,snow,city,227.60243430473878
75.83377237328042,28.287422941258907,13.30951150777669,49.02274749166351,3.414909961634884,33.73896714696552,9.76767349475538,73.95125974507476,sport,snow,highway,200.18926363490363
96.23062080274904,16.025267671232623,22.72924000957301,75.57719828473412,1.9227275632126912,35.01288776438311,105.28303292430252,57.85415761245727,normal,fog,highway,366.5457378046632
29.840140382087704,24.589561867659018,-4.825124820321616,39.86150998839759,4.345379075338512,34.72675951306082,30.915360656060763,-91.94360229356914,normal,fog,highway,81.55259061409815
89.75635949164106,39.312987407195116,2.6753094462507327,100.40608385695472,0.8115392274823041,34.28820217639575,284.48253627496706,-95.630520622074,normal,snow,highway,296.64870093066367
94.08737027507412,35.691046045856055,35.94896627501993,85.992753067806,4.419427316195771,28.110301636356407,322.6949438347336,6.877676702718645,sport,snow,highway,247.00251055877084
92.47784900788596,36.746125607396415,23.497130668188312,42.019383836163925,1.7114092151599718,35.29504371101967,79.8710817117388,99.43508075335345,eco,snow,city,404.64318821385524
67.18729211757189,35.94350772250571,-9.327797800829188,88.11715999303256,0.6251580780431126,30.199005765787152,166.5055596710363,75.76603201979731,sport,snow,highway,183.05909576738406
66.68385889912369,24.329190641491,0.23127362795099238,112.85852843630998,3.0001370133956495,35.103791543707004,164.90187168801052,-37.99491332574307,sport,clear,mixed,231.2065350204852
46.28895698654405,17.989917662303277,24.14186330144495,11.17151982516205,1.8799333453520262,29.575744824715013,409.9011657948917,-22.73815317691931,sport,snow,highway,122.49166295907307
77.71580940734091,23.17401552099288,28.21996012812871,36.732475218914026,4.077498635517596,31.517166011397897,97.32970226456666,-22.41880075237978,normal,rain,highway,263.2217670193031
57.81646165158387,39.95355900555478,31.992978633702094,55.599112694003196,2.1539273426438363,33.99519035461531,274.1570606628292,46.83576318100296,sport,fog,highway,180.64124024717736
70.9694264105465,44.414123933492135,4.608840169102244,59.75881533057223,3.342812627810549,33.12223156221738,391.46775625044216,-31.773449467523292,normal,rain,city,280.35251190249403
48.56121134639159,29.81541044224684,36.55142981387813,65.06347738632884,1.5412899475241275,31.32737550423544,414.78909644852394,-70.44058772494786,normal,rain,city,196.85170611297113
75.83468176388251,15.291010647691266,17.64734467889462,36.07522878463782,1.0472618751267004,33.42899085392223,333.2830471423665,49.421481716710076,eco,clear,mixed,365.7075044605115
84.20243658440941,19.201344364026873,24.826951119394643,80.07115751788189,1.940245154744119,32.39159608037312,149.76387613094144,-8.39687635097907,eco,rain,city,412.02287660603173
23.17926309425345,24.662417259487974,19.836943138995398,77.41014042357956,3.034039173012167,30.20589045308426,411.5232874144281,-84.64425526270661,sport,rain,highway,54.52247930647273
84.96367440168052,32.357560457788495,-3.8629972662689767,69.33858075259367,3.284733696056759,33.170635563977115,371.0830135500633,58.010453698412164,normal,rain,mixed,328.09237777942985
58.62668786112765,17.25280937415942,38.15573296924399,13.651406605305194,2.8910333264900916,29.633976690756185,352.2345669146346,17.062252790045846,normal,fog,mixed,226.44014733646102
86.01993181812018,43.30071896129645,-3.856221005292367,57.23614693151334,4.940278593120545,33.551906274073325,33.66769944250358,-2.126134946243141,eco,clear,mixed,395.64500984074516
48.81715357069132,25.95251019853202,2.7440978205591797,42.74722649872507,3.4554509324758262,28.024887020985943,21.63244032577477,34.66863342945595,normal,rain,highway,156.76912837698734
44.11364368447315,42.377526537744686,30.68139401114901,58.92461638057471,4.657598137984589,32.39018011009416,347.68264885078975,1.073536564073251,sport,rain,city,130.65669904809195
92.35546592655001,38.41565408271065,20.929848075055073,110.62397226180312,0.5896659744758725,31.20854102044913,472.39740061696534,29.684029597699833,normal,clear,city,413.8993025196251
32.605234079356116,37.66311817546743,31.907458268817848,57.66376117900899,0.3068646490673943,30.424830190415577,386.8619640315097,73.49770907306433,sport,snow,highway,83.72375081589931
85.97910927575288,33.20158739346696,15.786809418702244,1.677695020741421,1.5549735100597684,32.1256637378771,415.7377832468443,22.70287362222507,eco,rain,city,420.68122960693506
53.56185152584637,33.803514511555335,8.849661768331742,52.66040857009571,0.6829446918821197,33.162493060287105,272.4911404248952,31.920099570854973,eco,fog,highway,225.02624127506206
56.268589829613376,34.14009705648745,36.092274977389245,98.47778160592586,2.6293426411413385,35.722498129707716,152.29307204403696,22.771213884134937,normal,fog,highway,187.39726162018167
37.76214533405356,33.861641610767464,-8.187384124260257,93.6073107861802,2.594906267616394,34.66451591910478,338.8684483834421,6.235955526659325,normal,snow,mixed,120.39009672795967
61.57379805571141,31.611846941950837,32.80651101765229,61.60680882338172,2.875235832219751,33.737199064670484,355.9854377463463,-65.60551780490569,eco,rain,city,284.60404638404236
39.26900766485902,44.592420554486665,1.5408892593890808,29.972281543117838,3.7261394041553637,31.83173529343317,337.67898584700345,-32.86447128822691,sport,clear,mixed,119.52577043051484
13.534247281748709,36.96871702277088,32.43681638769839,55.81063954974541,4.856648501061599,31.137152957314832,473.35452835966026,38.62179347162444,sport,snow,city,1.3498302464793719
34.479874480992045,38.308391651775636,-3.04016932915572,67.644266330183,4.391293457195732,28.260237236687978,183.58951663227825,-14.904778659644563,sport,fog,highway,89.91009773329921
10.574113906593162,41.17388445251022,19.010948184527024,119.98457259289606,0.591836197877908,30.872775224472385,19.82876947789175,-18.774197617795352,eco,fog,mixed,40.746861269491696
98.05193083511709,21.469192881775477,34.4053959505736,77.30137082032527,1.6925684438532862,34.78701710938093,454.2221763787047,51.85385682611158,eco,clear,highway,427.6873621965147
96.91724888377728,17.514124772851822,13.676982344944523,83.31179160751361,1.2791151252402093,31.07219665581032,80.24955942704065,-98.88622787526775,eco,snow,highway,375.369059614615
45.56397677250745,29.48683309795796,27.328333690169643,58.974497228166236,0.884086788898964,31.692679992497172,348.65916969371625,35.79889604906771,normal,clear,mixed,179.2659430553186
75.55337689056815,30.422420868578193,30.233580892777923,42.53874609390358,2.7236243832789224,30.174675392199237,436.6022198863422,-2.15469790199694,eco,snow,mixed,303.4514744930332
41.12254885693825,39.87545339849753,26.82471043583896,97.55435803766473,2.7663220101636528,30.193062070506933,155.07069900731756,-24.647483750729577,sport,snow,city,125.4455721480355
70.39838413773785,28.31350737847007,36.266486843729915,59.39187892070834,1.1362241394403068,28.494974087133986,415.2076204274632,-31.89267768528208,sport,snow,city,226.20257013946446
82.48870387413812,32.12559076632938,12.341711525996434,119.36281559574302,3.5594862515334276,32.91043140495841,166.02906313572208,-65.42490093696608,eco,rain,mixed,367.91920347831586
95.20806202230166,30.812128155403748,-1.343728041742212,54.85446891216529,3.664571495847526,31.58455522436277,397.1289641181249,-33.14958345027938,eco,fog,city,460.97323610139205
46.01910482647048,16.14608351272173,-7.60944681487601,8.160034037709284,0.10489997416966657,32.84768645992636,34.91493148686287,-21.716305577925425,sport,fog,highway,154.311192786315
80.49681846604429,33.45644689790742,2.3229934818752547,81.90937645080993,1.9787885186115828,32.375095200230824,327.62149933546385,-12.510216115033018,eco,fog,highway,351.1482894443043
33.93356055689069,39.84129857322757,-2.8401248059878945,5.596974111097328,4.4507032060081055,34.3907566983774,338.56904028939806,34.460127735505495,normal,snow,highway,78.19442232128631
99.12990734142835,19.725016442274114,17.897437071724024,30.060191626164396,2.601593041219191,34.00809529849178,245.7129150404782,-9.285796115399009,eco,snow,highway,372.61024355320325
12.319263888791603,32.82995201779787,-0.7527331394133991,42.4485903335884,1.7381390071949716,34.17163082510304,343.5454319313554,59.256860844670115,sport,rain,highway,23.256995195764357
64.31759258510088,32.808316333392426,-8.053314635531441,88.73803027455932,1.2683807579756508,31.993912055533404,461.5918352769205,27.947599475674892,sport,fog,highway,196.97439520236517
69.35553834861943,19.925548921690762,-8.200508556566607,59.30831116891354,1.2167725995914114,30.831050810831442,366.927412484114,-62.08058410118213,eco,fog,city,338.96174840893127
71.9241001366716,18.70390721192208,31.57847491824308,3.4375117572307934,0.49884016925403174,35.46749272426362,480.64801449232993,-44.56536544589731,sport,rain,mixed,257.5295593734342
20.83488209101801,44.40155828929454,19.57249657215124,74.02198215311066,4.0861320954654605,28.434158189732432,224.3061569260359,-84.15016271172291,eco,fog,mixed,64.25086729746585
94.46768051258174,26.811575089591127,7.904265094668908,49.37234849119948,0.4332870269708561,29.220970462801844,264.14536585197857,89.14435098466444,sport,clear,city,370.00413589922044
26.306495114507452,21.82265186170588,34.71140213701234,110.62014119605286,1.461473829309079,31.356792737413116,131.86934861885342,77.31009624585332,sport,clear,city,75.69973655706536
66.04780629158569,20.139736333631248,-6.49016942961432,59.94747733682825,0.22837869283176604,32.91166122054409,492.8008339004342,-83.04075490981258,sport,rain,city,234.90903208782646
30.040847121077647,35.02805140749705,39.01610363639129,85.07701751272067,3.9069328486185024,28.065602998453773,27.56836758063619,14.815203169492008,eco,fog,mixed,118.31784861461239
37.649477531914386,33.28335891981837,20.81458951272305,26.264219079545622,0.1964184111339523,33.75458255448913,179.31020880840515,92.08036377216371,eco,rain,city,186.72439411192002
59.18126875553119,34.30656368962252,-0.8267873015575766,91.31682774379838,1.541505519341042,32.469812342319315,148.84858238430644,49.42855798923114,eco,rain,city,276.8880079911553
47.547407670811886,17.640180825343567,23.953454948848425,86.51463725804068,2.8664868504333203,31.877622069415402,193.2558565640277,-1.6375612058654667,normal,rain,mixed,180.08806057088634
24.420304087885565,41.80603750495311,28.16906298917813,108.48980502495698,2.0478068014672193,31.387960310622944,458.8589302599328,-51.779402218673034,normal,fog,city,79.23339513507442
25.384276217876348,26.67799190427145,11.467139168538722,4.058597006303906,1.4113553362455022,32.15589625392499,184.01893703425742,-44.19258498374088,normal,rain,highway,77.57224624897552
47.63303093465197,24.40108219291074,33.08163031227737,53.700083714094134,1.3759453621377082,29.29428587585398,458.48832635000025,47.247590934272125,sport,fog,mixed,145.94113961753058
78.15546804479507,28.870843417432177,-2.4633796351764845,81.49864832875562,3.9889515300312466,28.86969391421586,211.66943083160135,56.11505464876933,sport,clear,mixed,261.09909074700374
90.81681821630097,26.701981972428847,3.941879178880418,11.419668009625802,4.869890475436225,30.31709983001471,427.3843846101041,5.738664870286513,eco,rain,mixed,400.9601532534791
17.571489603344457,40.90731009417438,-5.3253819208005115,49.27248805786949,1.7402053522439669,33.676038335882595,260.87504925033437,-75.81025969665905,sport,rain,city,55.946318792475246
45.3793516803461,42.87782925593676,0.5438920303676085,113.05759236794344,0.19572756804508262,32.70630307068397,155.67642171415747,86.77367472531893,normal,fog,mixed,188.20538821293522
19.0221007350589,24.103596493488187,1.9364405955572508,52.31213890693539,0.1828288895455421,31.840984140952102,224.67489948394365,68.95254691334699,normal,clear,highway,70.79290679996367
11.49332325693381,40.91807422379864,35.88165954608551,118.24857401767576,3.7960670760535904,32.57216772716768,212.19053948910172,-71.89224419451543,eco,fog,highway,11.410406294752594
69.5546814379561,38.445693885992014,-6.09451556244219,6.820687329578354,2.761849108045635,32.47406410431475,129.95703104277544,-88.65448327422956,sport,snow,mixed,211.88146896658316
64.2204497769929,42.92423017034285,11.370756009385474,86.13957313690695,3.917963287086652,30.456335403919404,144.81936499595338,7.173536549946718,sport,fog,highway,177.45154345121776
24.67172024333976,22.372509365576633,16.61993436134565,69.72194834979234,3.487485051442874,28.779647577957807,93.22696065552721,-43.1714764540948,normal,clear,city,89.9393936251454
31.04315497837577,32.30877450362937,34.93465269010804,60.06476125585505,4.537531746326983,35.1742589493044,168.0002786038042,-43.35005811708641,eco,clear,mixed,110.48483840893589
12.133697828006653,23.236337542213338,39.88481093306068,116.50168817820112,4.429121455233117,32.799290100991314,312.20290162458554,-82.55568144991764,normal,rain,highway,0.8842296588341414
85.14524851249634,39.72283471453123,27.66940574599179,15.558048058935437,3.941636978105887,33.58198399744681,193.2790843548156,90.67716705427748,sport,fog,city,300.75084996713406
97.72215364436963,15.159725717131927,38.539549528451474,107.5198742017096,2.3759458002107188,31.711977794935642,356.16160546314615,66.0332919319689,normal,fog,mixed,394.90736817581825
22.191358311522173,31.944574886591884,29.35505662679369,82.94884933639324,1.5406320380192624,34.0518446398125,493.48908484397657,-77.23308162481663,normal,snow,mixed,65.43329037572268
30.832769238876832,25.17610293815754,38.16013204857083,31.079528795955923,2.5351339372231996,32.67597811182934,188.5505397422425,75.31975353016605,sport,clear,mixed,93.11313975469116
88.15685715522406,24.680511212334608,25.36353629722276,108.2002974758752,2.510358036599118,28.43040897677752,231.31960704480846,36.59121119262741,sport,fog,highway,274.99659113787266
93.38174181605663,34.34718971594751,-6.011828727446447,51.51539014332159,3.0513777444466883,35.12077628314953,82.0550784740488,-34.91177363427826,sport,snow,mixed,281.64074860672054
47.76646445261293,40.54453347941982,10.096009349633825,97.7072793687685,0.9304878389145205,30.444289174303094,196.10764288965805,74.25011088302637,normal,fog,highway,170.59457778530856
14.55602250421667,33.27586174179979,22.329864190123523,46.660382045687996,3.2780994022249437,29.103126219370683,363.41622539533967,19.604437556391673,normal,clear,city,40.846219370982276
13.545265032353747,40.59518935940167,7.535925472712549,102.11169929198891,2.283004621029079,28.704328061634527,108.70239987123142,69.7339688668772,normal,rain,city,26.815168003272255
61.65548794621094,22.937913356430897,3.6691959056889303,76.39549421340584,3.101024159704296,33.763522510736884,91.02702432761461,-6.1464151025495255,eco,fog,city,296.8351584165729
45.36055980038611,30.585055642949435,18.869963356654548,16.92559603004726,1.1980241145977284,33.63174693443488,188.18743682459586,0.13020803236550194,eco,clear,mixed,221.06707512848345
12.578718481988906,28.516096172012283,36.67509383512174,77.9595796163433,2.171974469386775,33.601296998506164,409.3247428588657,-41.79799411780878,sport,clear,city,26.240878329832597
62.49271530813011,15.349346985092886,-8.250906324192322,22.961371524224713,1.0510060722626013,35.32602218145253,311.8285948557417,-22.461461611058354,eco,clear,highway,273.03533283646914
11.017228293012023,31.704364294222202,28.46156017707189,49.43071534729952,4.376525783784008,30.791544175981212,478.7896887933032,13.550413825644284,sport,snow,highway,9.492868178989648
80.86347623343457,34.84572972438525,26.136363902231352,20.435470110244047,2.439805225207688,32.48906445087138,452.27021746381274,89.41184474172346,normal,snow,highway,250.00289318673146
37.57895404330344,32.757432132572106,38.19767126941436,2.6419338800542302,1.1249070778690606,32.955964663954795,75.56859841162117,20.023551993626953,sport,rain,highway,107.77488808740367
13.623220270830888,37.088396963502646,36.53556111662718,25.4263847339949,0.20604347870773143,35.8358546285317,21.276387303607315,-70.52436164392128,normal,fog,highway,62.8152934139772
62.9516998884838,32.140185853592314,28.111628102209643,64.3646428468951,3.378693323267709,30.498769149748735,199.54736709737708,-98.60076290470265,sport,snow,highway,166.06788074289454
45.79159729897492,17.00250764552271,16.020438234129934,57.78731613328152,1.0732235699487784,35.65064959923152,261.0397394093198,70.197571101736,eco,snow,city,183.37497692460713
97.64203720214346,18.49336572254134,0.21337766167599348,60.17965146432764,4.947910961593892,29.18987466465905,257.78530760935723,-27.134915326769388,normal,snow,mixed,343.6213356738785
58.977879625333195,32.894237326318574,17.26178591627872,29.722425413592156,2.6685018670758582,34.11201164822273,67.05363388552766,-37.006812072033426,normal,fog,highway,221.61296466968454
34.771526293330744,23.249375759209205,28.26759969598269,82.21934407370235,1.4448849812401603,33.0630872001633,62.40871607730519,60.14622458847637,normal,rain,city,146.71064188860186
73.84949781705774,17.389353871042974,34.783460631894656,84.51159441844149,3.2883871689631516,34.5351682981759,23.43037788960184,89.0728598179671,eco,rain,city,346.4831775293927
34.43428022884402,27.888082303456404,29.48560046052745,42.95613906715987,1.3760996171904276,28.229484589118776,425.4299630277002,49.60901767039127,eco,rain,highway,140.63731268759875
91.38189622668087,31.629677942509662,-0.23665324044730163,105.74041061690092,4.101371469548733,28.625048343512447,473.8720690340894,-65.23053741771355,eco,fog,city,426.91459389880197
43.72497734566388,24.862379650488197,19.98431571140297,77.28278599626574,1.5411802546497095,28.557566236553168,57.842510108985834,-21.724341281791553,normal,fog,highway,156.72799773692188
59.48817064985847,36.61301106677334,6.608672976567853,85.56471303103581,4.941238661979546,32.7436756439783,106.5611842745558,51.87971048694811,sport,rain,mixed,175.94650876304328
14.551579344180597,34.31311824303734,-9.53971663046785,33.28079015267273,3.025723927226468,32.8234885406043,44.93144236745516,81.38516293411467,sport,clear,highway,17.780605174632406
48.35091141570077,24.98455083275016,0.011046789433303061,0.0733962186704451,4.222055744713317,35.24883911483981,438.7510855704175,99.72001278993204,eco,fog,mixed,190.7108635800219
84.91271856948954,37.646175867256815,-4.338967503327536,103.84507345225315,0.3640773478921111,31.74082811614756,479.3543667681205,2.3121814276371566,sport,fog,city,313.6937803754502
82.50839248270077,34.46085127599106,32.13595617697343,98.69092614957702,1.741497086930941,28.54439244003971,130.89828836044504,64.50496366838996,normal,rain,city,337.38336942839226
30.188670296817364,34.123361361537064,2.925312607390598,14.783026565139625,3.687435430830748,29.676235212980124,151.79191496768746,-90.67367144452318,normal,rain,highway,85.29339148297186
30.347116390950642,31.60283102361204,4.234898444377775,44.892616194756776,3.2752950867029136,28.064584758542743,181.33484220646977,-42.835050049006405,eco,clear,city,126.58698402451064
83.55747809919131,15.341690042656584,37.996828589944215,79.36071700662991,0.9712156071687889,34.21371620102724,251.23187969036564,-25.69731933050214,eco,clear,city,439.8952499188403
93.7358578152393,35.89521550430668,8.954336152442607,78.25330286624738,1.7810146525485493,34.5247954950462,341.2304893224634,95.10476905637881,sport,snow,mixed,281.87810025666425
18.58248291457032,26.281253733274696,-9.520717992780272,103.24204017702678,1.3172170374377046,35.98352333027309,252.1952916273121,-99.32127035702788,sport,snow,highway,44.3055488279445
50.505277548360276,43.27829130475966,4.192307417306827,16.832179396251426,3.066850848809215,31.297555592424754,475.50079083812057,-38.39585244748138,sport,rain,highway,132.59972798837984
40.370885106780605,39.53954313231616,-4.035020969909377,51.59276973421426,1.7228411472938747,28.15438700321274,49.946729260749336,86.08245192258076,eco,snow,mixed,134.0400676206023
88.36196099116954,32.63083408593937,-4.8595719132073025,11.666930151170973,1.545271210001749,29.877839051922976,399.3027561375315,-38.664352991197745,eco,fog,mixed,420.2593743708314
17.51724232120169,22.565459454578082,-6.125635493212524,46.75142981263538,1.0368899021817084,32.702150941306364,167.24154540673553,-54.98664683708463,eco,clear,mixed,70.88093416385796
29.001334830223367,21.111521798329996,19.662973508768864,1.8128934705245259,2.0451356045732414,35.69554373642189,188.7738440432738,46.0177022871967,normal,snow,highway,78.62120155137387
77.72215038278449,25.211545130326474,-0.5326138185070679,107.79276781321524,0.9775129509827679,28.828628411766353,354.4147218551127,49.06777859997305,sport,snow,mixed,229.62690489921889
14.616446408309402,29.297038307400555,8.062139702050523,63.24527961944173,4.812847936888161,28.972584161285944,464.68855493718945,-5.564423470498298,eco,rain,highway,12.814539418662138
54.32818426428604,23.881965301168414,33.10088580650084,101.97627129628243,0.772509057476517,33.61407188223154,358.1003892767884,89.38349397308468,eco,clear,mixed,248.35570724513673
49.7896331211748,30.447884861774483,11.216906989813783,7.188564120403651,4.566523574793882,33.337656440172395,387.93028768969833,-59.45858409163163,eco,clear,city,215.541101834946
40.09610610898738,19.961112765395576,35.78456750258188,27.294973256750477,2.1423654907829097,30.004050842494664,375.38962107939943,82.6831667959195,sport,snow,highway,88.0381338988988
45.51150837870314,44.331384384765,14.896902669780314,31.125599426541672,1.8893299578086102,34.50515832811615,160.48930299186242,51.10161530505914,sport,fog,highway,124.9305415799546
57.694652823720965,18.237736648949816,9.941830741987786,46.40297935665457,1.156599004524244,29.030230043819707,378.4652165911239,-26.35833182919052,normal,fog,highway,201.71656539176163
24.523062254954482,42.95832418963116,27.519446354535077,96.34396468770554,3.1787816718375956,35.40593475821408,392.26038010990084,61.381723944674775,normal,fog,city,83.33902037660744
61.47962904552335,42.40734034208084,-6.341245061599895,46.38694484777912,3.427640075054182,29.60825544265937,266.7001603252564,-73.35956471724923,normal,fog,city,244.1874642320466
82.48890963699877,30.76081445458494,-5.52608085087913,24.558423557559237,2.3378548112620874,28.65081898178404,268.37811933340816,-73.80350136135453,normal,fog,highway,310.36775017607033
78.41448368111432,36.747308155082536,22.59868569614803,7.798831240652211,0.27853447846712065,30.716176691790835,379.8604015312419,85.98744064948119,eco,snow,mixed,326.5692593604854
23.85099142243963,28.081448939177633,14.347035661962412,9.539009802322497,4.592550753442749,29.50273030827636,408.5154311122037,-81.04389843091766,normal,fog,highway,55.37507746075138
23.43245227673265,33.90103732627314,29.520762515960513,91.20566471531728,4.901645664381905,32.215529800288266,168.59772101533522,-99.18407863011906,eco,snow,highway,58.06903797667966
34.1356930970422,25.21727812263356,35.813541867176575,53.37635892439596,2.155217076059175,33.49477229897381,400.78110878764534,-22.193901683019604,eco,rain,city,149.39116382813842
42.49672537069335,24.03477059356336,9.418343883577379,87.14173464000183,3.068304037046636,31.92737262782633,407.1045033377056,-79.22980511357444,sport,snow,city,115.00711282804268
46.76100232676343,32.34689358508541,19.820501329232314,81.8744546116437,2.2514931312187336,33.28485865448782,117.06282045928967,72.60729864885022,eco,fog,mixed,206.1723582739943
71.17274951500107,29.94389022551941,15.034831389765493,16.243495411230935,1.609398254430603,30.919364115199876,358.47537265835797,84.5387026885866,sport,snow,mixed,213.16530289377187
15.101238894925187,32.38609107449943,39.080532782121644,17.146552103072064,0.38659396428903814,28.22338077790912,93.26696091807918,-3.5147271287174533,normal,fog,highway,41.120050913091006
13.120543380345975,23.59981743861069,31.554220367829757,90.64104185209607,2.2803386519864945,35.792512993801196,46.52455649406462,-14.905693397992621,normal,rain,highway,40.682269321939216
45.27195066495181,26.00873495450986,35.58688541386768,86.55219521825006,4.091922781797257,34.555308036319964,287.2715060251138,7.807855388818382,sport,fog,mixed,140.82490074960495
72.74473229241823,17.51693881886728,2.7170043788802083,45.36369202491724,0.08515730544001787,28.587350592677026,454.3260993916995,-54.76107503100276,sport,clear,highway,231.44416435634253
27.40918086608343,16.568291168166173,28.62632115812972,9.29067159994081,2.9105384159011116,31.593411169250675,17.72951176288162,-40.406827715932806,normal,rain,highway,80.24612647069753
67.73540331306265,22.603713890190487,3.273661249882446,1.451762603814264,4.403860543633444,33.080152560574994,413.25081879746085,-79.80456590319903,eco,snow,mixed,258.8263045316919
33.38453241462695,17.227405779916374,0.43712667141949524,34.578833935409385,1.08774715007179,29.524754164581104,253.23560535175332,-10.709981777727336,eco,snow,mixed,135.35167309917875
89.74774979321647,18.11324125904222,37.21330798277754,1.1066728304672324,0.9162793234453109,32.62390889090217,430.447724360615,22.33832450673185,sport,fog,mixed,326.3546544540828
90.61209498399549,39.38785216181812,-9.034779164106668,27.60871453244441,3.8613831285097158,32.2691889449415,421.73846758552344,86.04474687832041,eco,clear,city,423.22432339853395
36.75584838531938,16.16621091050068,38.26943518317148,50.340088825360624,1.2754321555964665,29.666121508277637,437.6434024081443,47.81463412535166,eco,rain,mixed,160.5201770069886
30.699437856691645,34.76828381804228,-2.53690515055969,14.569891837434504,0.9599213378032423,29.129682474219628,384.43697740333664,44.61274671063734,normal,snow,city,103.05920268252659
47.017357485960815,23.176732464462013,30.97190408966341,12.51333093978555,1.8899462528461752,34.071698316949096,421.4961772734975,-38.40020758117957,sport,fog,mixed,157.00584197636286
31.647842666213386,41.146370421243795,3.7961276534051542,107.57249228624839,1.96251006135109,30.58069156919707,88.0126036006018,77.6586595020089,normal,clear,mixed,114.86145125984484
70.51454589625334,29.549768537324987,7.535116371536368,70.2564034827467,4.37050531508283,29.952324270737947,151.9265744374708,89.39113933599953,eco,snow,city,279.8429643445855
84.34582160934569,24.167293779834772,0.8378855660992475,112.13468241153377,3.0922173596683846,33.90302682244791,121.2430854036482,86.4525873084074,eco,fog,city,405.5170753732019
70.57829178200953,30.529168070683035,19.275702124053982,41.49913965428151,2.0298072816979467,33.88854953618386,371.2141518640302,-92.239394695123,normal,fog,highway,272.5090127013883
84.19154025244146,26.458740571358064,7.404777375393703,81.25739247949957,2.6719398214288343,30.211213250689834,76.82155968356797,20.87012726080431,eco,clear,highway,366.7961298993383
45.72929459867267,31.929031940094905,22.86965197473316,24.563000954614846,4.769826166626371,34.98054769001483,91.11389518889429,28.64502114505899,eco,snow,highway,140.23703603451722
24.06852736379748,18.435986049790447,-9.217634102896701,74.20083807359295,0.5660733830494769,33.50600132057874,439.48236036097126,-40.986967956699296,normal,fog,city,87.19354227369375
76.41558526578329,44.90971508437653,-6.781255824248019,15.550287601198129,1.038577608623457,30.766113742572305,352.9410964564191,98.48243663158595,eco,snow,mixed,311.96114930687656
42.44270546273985,27.766676330901525,-5.016942363437567,0.24967670115429108,4.812643532932777,31.419917201477272,437.68998895954337,-41.76250823628822,normal,clear,city,151.13997759127673
70.41437427062192,25.44691919122106,10.949684265511554,111.78381616914949,4.78662424263602,33.81367748744494,69.67762913034525,-56.67766836378885,sport,clear,mixed,225.98332914815916
34.35795477835891,36.30629544948795,30.739808632998802,66.58732514102512,0.8858271063238632,29.692670663163938,199.49020228065118,-3.1708699113616348,eco,snow,mixed,130.5701682344419
17.31066713260054,25.916982194859976,34.40889551891913,111.23287953384474,0.7255440856264911,31.750086339801793,141.5755850381588,-35.370524045931305,eco,clear,mixed,73.43755018991057
99.33236159389871,39.99822915086273,2.240537003045038,40.059782844248645,2.1054256716930992,33.228466738064796,4.840542639824752,84.80589197398885,normal,fog,highway,375.6266329889755
24.058135713753934,28.628121730812758,18.7184862119507,39.334328299410814,0.24859146243984553,32.315988384069705,142.26148021935342,-11.984653737045448,sport,snow,city,75.46517639707245
98.95788945671329,36.586752397963046,28.418249634630023,48.0786002127638,3.2745176614257003,32.86662676723594,189.79162598893973,-17.97008906548332,eco,fog,city,483.6537332471253
97.95519393098026,18.223596493256597,4.441471495980435,84.7249180749802,0.38748010830871094,32.36969999581424,46.109818621355934,25.17242602170002,eco,snow,highway,375.61420138628176
81.44362935172357,40.38357556665335,10.45038683681366,67.8970361023409,0.2901481354714036,29.593819550320163,283.2437789134099,-83.77706574977532,sport,rain,mixed,297.4796325389755
69.34806658737978,37.0715396033433,16.198710134285697,111.04258885189415,2.425934681044246,31.281642759780972,191.58633123631657,51.34658936330436,eco,fog,highway,285.5580671084986
62.002634522597624,21.35150335385897,-3.2562576795976153,3.0529081358927224,4.788933180550508,32.25588396382037,23.23083113877272,53.679764360974275,normal,fog,mixed,233.7954517312787
87.94913908400513,19.3585802923736,-8.700885313710984,84.98351255670437,2.133979680315798,34.240501938767565,351.9894324339884,-5.194833054466457,sport,snow,highway,243.1055162445732
36.04955694575391,24.48877046176873,-2.3597095340858374,39.63932272398652,1.7824057933027553,33.23123389735634,364.63991692055174,91.13958820008565,sport,snow,city,97.09013026666435
52.091309123638936,44.282117580957134,21.342681062676668,21.62803821821534,4.98978357751143,31.41272756148748,417.2357214847175,15.86782215914954,eco,fog,highway,182.53477875246588
65.74509724298517,22.70494723701176,-6.319086923315917,61.24747470241188,2.659844803895917,35.79519865727316,242.77029993349132,39.04729084899816,sport,clear,city,234.2777808915106
47.007142828254196,28.683816268399,-0.5151817574935844,60.607654101599515,1.8762070344512427,28.8623641734378,484.3293986672549,84.86899110062026,sport,fog,mixed,150.41191559916945
48.473780868124116,15.900606771520089,6.892694284765184,16.44132344261141,1.929304066708009,29.654438948439747,457.0320722662282,33.269068684958484,sport,rain,highway,141.83883139465544
39.72562007518759,26.916825886986977,-6.106496784681683,24.227526735946782,0.9747974801675524,30.730500880253313,275.6758125500658,-13.634798454890571,eco,clear,highway,175.30388566639226
60.780863501608245,32.13960046299309,-0.4150364419182786,48.979759788186584,2.5611152872376945,29.82857661590328,222.47596553470862,-95.04576487337033,sport,clear,highway,195.3284541793595
86.55170752136044,43.59373837523896,35.563489449175556,49.05736948707784,2.194275140840029,33.00353597444809,1.517213951461427,45.65986312636187,eco,snow,highway,324.2873113833951
28.137554020568157,30.502081348201934,-9.035043388650761,38.106976754362165,1.353976481737067,28.31640583469004,355.4972658696169,92.97320232020903,sport,snow,city,79.55527774086245
94.09897348780973,39.573219785330636,22.671596208718107,17.825418181197712,0.8027004330087989,29.41949427418733,282.47725202484554,-5.952975292801227,normal,fog,city,419.72313631553624
72.01788883734068,31.413829277067016,9.220446545759245,0.5248414921175426,1.5561943433377685,30.346777901268837,468.7720727430403,-32.046272442347174,sport,fog,highway,232.64700826301646
84.09458914120272,16.223550403065545,23.63243697161856,116.42820749136247,2.5434166384386465,33.46676620063453,297.1160626206221,3.8518852827556884,sport,snow,city,264.77541806714964
60.05716233670105,24.45024825569322,19.43458601817023,113.21990756447124,0.29166636142400837,35.006919060649025,496.42804694636493,45.68744113693185,sport,fog,highway,191.14511460031613
80.15650312816571,32.2664852349331,1.1749377177322131,58.038045501136224,0.7687201429197799,34.387934164424436,426.9096359316452,-99.86190510359015,normal,clear,city,366.6438015512082
11.458035760552049,43.51781897793373,32.36047437866943,119.40621039300069,4.738286334845477,29.45664746600204,476.79896790747654,77.44234454637072,sport,fog,city,0.0
83.65423823015817,40.773910792536995,14.597019130467835,80.83851969386919,2.714276755156695,32.523246067528554,163.83138564251948,77.27257193566436,normal,clear,city,362.5830227339794
13.612497317682987,21.850668425365427,31.126800945673587,8.262904512904985,0.31724651830018935,28.240181162757498,74.66799738363322,8.259586721741769,normal,snow,highway,43.234052472483825
90.09220387265762,21.603294900574905,10.30062680941096,14.126183889915286,3.4654387938478646,30.484294202822888,398.43605689756265,-75.52424676487841,normal,fog,highway,324.5481389433078
99.2766472514779,21.035189013417025,39.23427769576195,109.93330126435653,0.30901435039517366,34.447870358626616,393.09855148456626,34.36115892272426,eco,clear,city,500.0
36.46607159591,42.674966889075094,28.524467925064812,75.60626425795542,3.6943711352318647,31.653325709946717,105.7244697027816,-72.43086740733733,eco,rain,mixed,139.9370542610309
28.92867006572143,40.57998459305162,38.29751025562867,101.18203519888213,3.7498136086001344,29.199530578206677,382.3723270674564,1.5094302865361442,normal,rain,city,78.26760658608679
78.88270274722366,38.24650296758846,15.716323945492942,107.79235795606131,3.255394878746263,31.5084270519065,290.9866790207031,-81.2740056037766,eco,rain,highway,312.3914202401023
32.77237068282279,26.782053426726826,13.684556614535023,53.75304135388633,3.6610227230967487,29.584263403697825,54.76257245083649,17.813067659500263,normal,clear,mixed,107.81712989022934
87.90061448549831,30.131421128963005,27.772690466262894,5.823114189203165,0.4398289050652887,31.1455316629117,250.89179878510436,-36.38613497640253,eco,fog,highway,390.3070903283888
19.255833294172902,28.929952343854584,34.014563150671506,22.593641867678645,3.633902761776338,31.902667781982746,465.56900041933926,66.19828294750056,eco,rain,mixed,48.70890891570822
21.335967674142243,22.60194322678118,38.2072897932779,7.988633676292212,0.6834415986194148,30.79646490008823,253.2287727226144,59.98922524168296,sport,snow,mixed,62.76564525729021
98.1236399590554,30.150841384463007,6.227595301624987,22.64878148382088,1.697529536359219,35.495751603470886,394.34949477673604,99.6947750948882,eco,snow,highway,374.47179742777126
70.64550084430041,15.914896435582634,29.935228692131943,49.26395117470521,4.713726267503164,32.500242380451056,14.454993320978271,-48.499365059127044,eco,snow,city,284.94134366596063
86.21985019860576,18.954311204923776,0.5322798817768355,14.18361726179825,2.5143773882957006,34.74314139157517,364.0407064312968,-87.63978144408392,sport,rain,highway,270.58943308173093
39.18964396163662,41.597687885068396,17.278717337272262,20.007989736641193,4.837132160415069,34.08582837644464,473.4186930687386,-11.399346970231036,normal,rain,highway,110.77335908818121
70.8835374568544,37.5503930109427,-1.0075925795400416,53.49861384860151,0.44461229443368777,33.28933047414221,249.7638924464679,-83.31933300668584,sport,fog,city,271.7012268841751
63.48176445777375,27.68605227177261,7.369868087516942,40.82051404661875,2.3877829978159006,31.97510998642066,168.8549565127932,-64.30005698684738,eco,clear,city,322.12546420240386
64.28351081106523,30.514510868516318,36.56791836032296,56.118974902564915,0.31201160138435324,28.0173902702527,323.3252524434486,19.46002827231048,eco,snow,mixed,273.48045151738995
71.42792135839494,26.099966578799325,-2.6954650113456955,51.500643331087446,3.151051311996424,32.90774080441667,458.13060754660967,18.426170268859707,normal,fog,mixed,275.7089622994143
61.78232558161887,37.223396014820175,21.620044756759825,77.33736311758602,0.3935350068425819,30.847659624019983,88.38482526667147,-91.33450445406193,eco,clear,city,328.9745099071223
48.615613237239934,38.52561537696239,19.647713646370168,112.46274586510253,0.8768390127018866,28.94209733441055,201.8471050113549,-11.419049716344261,sport,rain,highway,143.7408773693036
34.83304249424921,37.89855570609477,-3.963082364550676,12.943720613309097,1.2941515503464025,31.55701010889662,78.14514049092058,6.043738573448337,normal,clear,city,143.95805660767226
79.17231978218818,36.67835174503349,6.298952188440609,11.91121791710339,3.743719258322416,33.884426578266435,248.3271161099464,-46.395152436002675,sport,snow,city,251.17420250664347
30.36451870028676,21.135130160783874,18.149075225763287,102.33673333090823,0.8198105940903738,35.69342235758963,270.2110065152795,74.40863637509881,eco,clear,city,137.72527996602935
72.31188755389728,25.139099377214364,-0.6410695505754873,60.76760455829509,4.2331602664653385,30.992839128976655,472.1018073608301,-67.78027047071562,normal,clear,highway,251.86375724504805
30.999954038439398,29.095363049510247,30.031182820640772,91.96860282821306,0.6595196941540044,32.341786389639815,206.2575768838137,-49.21963899875712,eco,rain,highway,129.31775350391948
66.27971529590084,24.92378974282967,38.607825476737496,25.85062843287377,0.17622224535078168,34.80995506690868,283.47830676984915,-68.6011169934494,eco,rain,mixed,319.28681574350213
77.2370440416126,37.648206004749866,0.737969998123603,99.46350878010621,1.9752270948483392,30.671995359600118,442.63128702707616,-76.69067322588839,sport,fog,city,278.5690698119064
29.684250001588527,24.88060572749864,-0.6544017604712042,110.86159490312352,4.897208209856475,29.138057959766524,160.70250008807935,75.7958368014252,eco,rain,city,98.51331649079282
15.394897077517745,19.146962603560116,12.746753589872231,76.2579618655786,0.5517111389438861,30.255054649861513,337.08193448379495,-44.428166986003625,sport,rain,highway,39.11137611706846
21.78763686947567,26.971213561449122,27.38826385700161,12.70548257685627,0.5085922201981452,35.1929826384671,378.5809244110482,44.50480389357125,eco,snow,city,85.81179496141237
64.5397270543923,44.39743298347141,4.080030511762571,107.43537769876066,3.7558325539781197,29.275144867694703,165.26411734350472,-14.403528054950044,sport,snow,highway,152.4163312502224
86.4501765603162,21.776442388007275,-9.00600456513598,95.09852728440856,1.5608084699678266,30.63376848805426,82.17059276532224,27.17469614678336,sport,clear,mixed,306.6588660876104
14.049713911188192,33.36475976829687,17.061031401644698,90.10533318173879,3.5864080861285847,31.717122484002726,251.45477095113665,85.63523923444188,normal,snow,mixed,11.231217630113168
76.07361331374817,27.98919149519119,37.83002838836538,4.407382668709867,1.0000529472168167,34.77690578792736,178.40086506665082,68.92157340864989,normal,fog,mixed,312.45409873746115
40.71867813550469,17.1307370294798,9.563842770347279,95.87550303083654,2.3003599709908147,35.501706269223796,133.231215896107,-86.20272151595243,eco,fog,highway,155.2346588387352
53.067553292757026,29.636298179941782,11.006727709155022,16.55412125620284,1.3264493887445894,31.40648247706604,486.71065534705247,69.04050705584353,eco,clear,highway,215.61799702306206
93.59735948610091,36.06492985944938,38.4450858557019,26.686341143626606,2.2576410743954343,35.45563238682813,251.0765093507666,-9.635296943860581,normal,fog,city,407.54583440701145
39.87743542622609,30.396599274834564,24.73038058133642,69.2561801843109,3.845485462926519,29.291672758862035,428.23884692171185,-29.970854624022934,sport,fog,mixed,115.11983688360932
51.880324054553746,41.163181912397434,25.95859614210626,31.797692750025966,3.8100497023883086,29.254818335170963,97.65870527167958,34.47758509232568,sport,rain,highway,139.67737141529273
11.2314173284613,23.66811049972748,18.13510026855338,79.36178475743037,2.578861438368618,35.59400655707838,469.7213824495653,90.0415746198496,normal,clear,mixed,13.485217383675318
17.343884800435454,17.587475139118947,38.73046054316208,72.9684537238898,4.641859218605255,32.07744106822665,397.2157172845109,-81.17290048237251,normal,fog,mixed,27.60392725708723
33.27324320213056,43.09696834974018,24.443324221277805,12.977951761591516,1.31892051224137,29.48726268283163,404.34607809457117,53.615406050047824,eco,clear,mixed,141.41109201879686
12.506701673896696,26.34589048584657,34.751637580258475,78.72174955098076,1.2015567555961653,31.903922964604494,194.8824375979643,-59.298393848408914,sport,fog,city,36.709231800269066
66.8237793443426,32.292166543609,24.96894328666106,110.8745891789916,3.0690320058771685,34.26568924303241,242.81849653884314,-23.972775434600237,normal,snow,highway,206.79210635421478
48.37585211214603,38.76009378390588,26.755791242019797,19.333188622299975,3.1064851710839454,34.61536292578819,296.6771629493401,74.76460325264998,sport,clear,highway,137.54005088022646
59.333068245521986,24.729409916267418,4.520546107112326,71.64744251314649,0.23270019782486995,34.91175405319394,394.88276810253234,9.15983680246788,sport,snow,highway,165.57190834996922
25.71824673066966,36.484936145328334,5.17393490069095,41.02384463240329,3.038888561934488,32.55656722469935,424.5283760302188,-86.50867040991474,normal,clear,city,93.51753359531797
36.63388264929545,19.06256549453484,29.14923247880146,55.15340061283248,1.872180786745072,34.935568114943045,39.02265467596722,1.6097100273476599,sport,snow,city,116.78146123922483
69.74420273674525,23.73881241616516,4.835314458494981,34.440021489476386,3.7372126266027954,32.080241670426034,452.03119376658725,57.928380328284845,eco,rain,city,309.92461529408195
96.87724512673599,19.3413190840956,18.13850354007658,42.49567636172343,4.040528322726365,32.856479219128616,468.7483262521305,5.776117553118667,normal,snow,city,357.5180757157407
14.537509624198828,39.336916752040736,2.4676155453350983,3.4694187919868735,2.760769097735183,34.069758418173166,296.44370217839275,-66.62215220418955,sport,fog,highway,29.753680515434663
90.13458887697395,21.679477056803563,30.849169040453468,117.78620855006648,0.008525157511325432,31.403482341684068,93.37530662745297,-10.99178498849362,normal,rain,city,395.8937405592564
61.919308118008765,36.522106662156304,-4.4749324386155,74.97599064872979,3.18182905083321,28.588651897110196,409.2074163517447,84.86907360792986,normal,snow,highway,177.4937834021315
60.75276100800613,43.29895191736958,31.47233198808322,60.08467085926624,3.7444063983296716,30.801330854861583,274.29380727479946,31.640798018822608,sport,rain,mixed,187.9532789217749
55.02506816869843,30.83316627206631,20.13649002538009,46.0458419400392,1.244916331157571,32.991553734367685,408.59822685818983,45.97730130171786,eco,rain,highway,217.92259402420828
16.245467731376504,31.20087576782063,-0.6545232586461367,64.72494705888332,2.323230005703944,29.538658957115814,407.4040632946583,57.187301489890075,normal,fog,mixed,29.872442402966158
18.08891665625446,28.83100704293436,17.10176927530591,45.61271984589648,4.828633117058941,29.18708290799712,43.36465784289623,-81.86131516133304,sport,snow,city,33.99268741690938
64.08208050931775,24.776704301809282,4.124941842367022,43.18895129924079,1.4905777669705174,30.3446443567315,303.51071418533206,16.307311853992772,normal,rain,mixed,259.00032900486326
40.68627142920025,29.269650927747513,6.17336673652483,55.673585006641574,1.1157662552087038,28.25689169822257,241.57214963436064,-24.816961362938386,normal,fog,city,168.076715382024
92.55412599199126,33.084225968002784,7.576402079844016,33.1179640405429,1.0542739523900506,33.947383184695354,473.05973499975886,-72.16816726558058,sport,clear,highway,312.69410553531503
46.5931483623525,44.579747165119784,-6.834037651383953,21.605987996014253,2.7940041717699815,30.06972481750671,148.32064596269817,-59.458088339195236,eco,clear,highway,174.78487897654554
22.895331283237695,43.132936779546725,39.29808422007087,66.79270778163522,4.7489355065400325,28.993907173092797,103.0000530954625,56.23209474494689,sport,rain,city,40.29233338888659
74.32469501518324,40.86458874879365,-8.423268593438795,101.13185233803613,3.0434506460017734,33.59303532770748,448.5434280095774,-67.70217894204544,normal,rain,highway,258.4486888425167
36.40180792969089,41.673916071145754,23.124843659213923,18.339381327107077,1.5166156011882999,34.7434241003463,74.35778445005236,-37.516278555656136,eco,rain,mixed,166.40094817123722
57.29232766203039,29.035475498761286,8.561382387871529,3.9281208725062378,3.1928488903372703,28.159004766894228,343.25972936223087,-43.0253323473837,eco,fog,mixed,251.81213780377232
72.8049506954653,34.72332981532394,22.30051454733495,29.617409418484336,3.124211487988937,29.8687981659298,150.00990692090542,-90.27392721708647,eco,fog,mixed,340.79385179654906
91.02377000818633,41.852001688086425,7.812412654379191,117.5664772144573,2.984625678648271,35.56185859895667,283.9228777487388,-7.568310152128291,eco,snow,city,390.2246045278633
81.29720753215085,26.788522949740592,23.687532312942935,99.45096884920072,0.79713103444151,31.0820330874622,308.10971642063055,53.18596843384174,normal,clear,mixed,338.44088542056676
70.87249610854516,43.85287435036406,26.461775473418037,71.5039264234316,3.172833996724971,35.50873650705545,208.68464097898337,-95.56947345022007,sport,rain,mixed,241.84268096284504
71.16698641556292,27.47358186207549,24.527632019982242,111.50986982917631,2.150822262572498,30.193700306965418,487.4824901185479,-77.48970990402077,sport,rain,mixed,231.71696193874612
95.13321796288778,33.03247996179647,-4.301900932092386,53.433494020469354,0.09296029311516685,29.744541084575456,65.91658404248957,44.037335919513566,eco,fog,mixed,474.56619853750306
36.62416877468824,36.294141398171156,22.84466173273423,117.99367230902087,2.6988224357374757,29.71286729382397,195.6995445183785,18.71619813458271,eco,fog,mixed,144.0880721163895
10.100088477656866,43.51776039227815,3.9993774727048663,35.556245414314084,4.946333726092088,28.681829283399505,215.1976634371579,43.0495228097364,sport,snow,mixed,4.023937942478289
34.47591034583788,22.33848822156798,-8.559931471533325,28.836689941912688,1.7486979542199177,35.17145830807301,315.52347449809076,-53.97920902457229,eco,clear,city,158.26661967788587
29.610224166406958,37.38392934715927,10.741533594447699,76.56578413764132,4.827796091593291,35.83868018106321,203.62987909725956,60.753756659480985,sport,rain,mixed,63.52355058125618
69.56511266025984,30.624467584322467,11.677155140190052,45.37847615404325,0.48102870831297273,35.6360704581731,48.51800568608161,-4.02578797794466,sport,fog,city,273.6346477976023
67.03404397889761,23.056714218619234,13.358706667622325,75.16386503715094,3.662250579336531,34.81622511861819,473.7149990904131,22.06039483577142,eco,clear,city,323.50409032910954
63.411524443425144,38.29820519389172,25.24120826953581,36.59946219632229,0.5716499733141767,34.7751032612078,208.03954081934285,-81.56931655983274,sport,snow,city,217.948963809215
11.461909888850833,31.566668405215395,5.4421904571229565,74.15019082055893,1.3678578677763709,33.2886837373519,171.33686360853628,-58.99368332803574,sport,clear,mixed,34.14717650677846
75.59002490055828,34.82921461949027,5.764025655196129,33.08955127020437,2.854204176610622,34.609709695604906,223.36106208700235,54.67157632206164,sport,rain,mixed,254.21207592577244
39.11773712369424,24.68703205733703,-6.97238718793697,6.1166482582667925,2.9638984698837447,29.666738914744382,108.29784106446122,-55.2183117622443,eco,fog,city,169.55445050061005
69.8550390105968,29.43821855482815,24.341060799614795,109.45630823078201,3.876056586170856,31.103301043097026,50.11084233432545,-81.49403449570826,normal,rain,city,282.1704320278562
60.0920585651938,33.52062752964201,18.391304569979198,105.98462422481546,3.0765570361371966,33.12669034635798,74.28923955443129,19.44065645042005,normal,clear,mixed,241.24048606725037
40.84578328851165,27.14732442809532,7.471255634689403,116.49577791272063,2.9680735219028036,34.99817066049277,83.3274135017798,9.587303232346557,normal,fog,highway,121.04528315539005
22.1118640393697,20.95117619543104,25.25944894586773,85.98326114656857,4.561765434945691,33.28375569895027,98.83671910794756,21.578785796658593,normal,snow,highway,40.17069379942888
18.497700789443286,43.849214769459124,16.86788746134386,81.92654132823635,2.260803761045786,34.712175666673645,209.98010611309616,23.66109927261826,normal,snow,highway,45.00612584203276
84.83664998010012,30.344026201278524,13.462247293526982,67.0803684089797,1.126328893475275,31.79159612679438,311.9496345220768,0.0394691729007377,eco,fog,mixed,413.7667238439787
92.65577878734022,37.017611108631016,15.566227183056323,15.113089962302722,0.8089429251181512,33.73842990164035,314.44391901336627,-1.245215886268852,eco,snow,city,415.01495649535127
68.48092420878696,27.331415806681743,21.817406263352826,22.708237313912406,1.999972984047499,35.839846451000696,0.048784780963428975,84.83311305789249,normal,snow,highway,220.22882836080592
19.309070337443504,25.653952920771488,23.000130228729972,34.73636264070434,3.5637637759684786,29.227908457038062,460.47883344919995,6.776344975948064,normal,fog,city,54.65136085120138
46.18244951994166,27.21492895401375,4.447890957035858,106.81876350880732,0.2127174246495045,35.41536553852712,411.42359026616083,23.460040482771745,sport,rain,mixed,158.18245398128443
75.60452800946415,27.275899313569493,-2.9628318304423384,20.756342952369017,0.6452669325470306,32.178911582735225,481.9690197180199,-46.60612161225109,sport,clear,city,277.9854580789916
80.18387956090613,31.325403478258607,-2.168290940474062,110.74478093854688,0.5305673005181971,33.14574424584046,179.99317236509643,74.21864016043821,sport,rain,highway,257.75803757737947
20.639676006197973,31.304096099440894,21.969544295150083,62.73428796617006,2.926250765257294,35.0229520552841,332.3996383446985,-95.12638146816737,normal,clear,mixed,57.65308009070353
10.002764696084418,29.91461447648615,33.6436642883563,85.86835625676866,1.2143232526563312,31.277233380418537,84.01037462804855,11.445352459554897,normal,clear,city,36.2937759346067
74.09233412925445,19.043573547523142,10.47481391727759,13.229338401667983,0.8312971415069825,31.349540599120406,408.516513610168,-23.229940960378272,eco,fog,mixed,351.11466522496096
42.09365583875851,29.882264355015934,-1.5239919835268818,32.284025853109306,2.9638535987151116,32.217454690776805,80.68386147718442,20.78083911209538,sport,snow,highway,112.01813861240647
32.90331984564342,20.073117012619544,27.830124914692732,115.02223298177115,3.8065495772618965,28.152816675974805,162.9928504038748,-27.96559004572397,sport,snow,highway,68.8465808526326
11.16077228105729,18.784073588872957,31.624473720972425,31.937993631567764,1.660774582263322,31.973329447546806,245.41742797349164,43.53758234352938,eco,clear,highway,30.15084251223362
58.62694660853497,42.979371520235034,34.02912215604833,35.58260644693753,2.891023028382981,30.32869811995384,297.2658344263752,-95.93371140531384,eco,clear,mixed,257.771558100072
86.60356618833836,33.148500394431125,20.34157144568666,23.711686180929537,0.49062206599730096,35.42363345913425,279.8165121433658,-18.8221122461714,eco,fog,mixed,434.69288208914577
96.1868481645329,34.78470174373753,33.03642796940424,15.48883983681954,4.67595515228785,28.701882390024252,51.048005854998635,66.25271994848273,sport,clear,highway,297.5615124399042
60.91704555519603,27.053810110000914,-9.229252077579616,27.990916974479756,1.684480926573864,31.674563696158415,210.8380014319255,-49.95985644411283,eco,rain,mixed,276.6341663133203
56.30151949659047,42.26942675744593,-4.638209911523824,77.07922703409581,4.9875284658675065,35.57974536301889,461.45463210291126,-89.4498243239356,normal,clear,mixed,207.55757193845767
17.6550746940317,34.137914687389966,-5.371196647395062,54.64412802042762,4.892938779248911,35.20828200254782,436.1842638759258,-0.6951850869662906,normal,rain,highway,25.609465617190907
59.39855213883398,38.07509608570763,25.630234212736653,66.45070036054783,3.8941172466790572,33.610787538996405,295.3917616273199,95.306692105358,normal,fog,highway,195.18355780668216
44.19811710688552,26.056874070831416,-6.520910822821049,14.683779451922913,0.10033547703483359,32.714888415968595,286.1622877268007,-87.16828769297267,eco,clear,city,225.51700988775642
64.64217527952192,43.80035642457376,14.818218623315353,96.25397365954801,2.7173746019218163,30.24584749706272,55.83759132466509,-85.98870145004133,sport,snow,highway,169.87856780870922
44.9853713088892,39.613838704749455,13.635344931814455,94.09136406958176,0.4341821022000575,30.935656902019637,100.1297261551517,19.023312989335636,sport,fog,mixed,165.4738599714458
31.626921110533008,40.618453890436314,5.535176177912046,2.5907893371210466,4.475690129807581,28.72107891803302,126.31987130204803,-49.98645742437417,eco,clear,city,119.17386881413029
18.546874770553885,20.16582802277263,33.52025849710499,46.0218113412366,3.9481812632370143,34.288866382065905,244.09786426190283,-17.953753272554934,eco,clear,mixed,45.14326332486819
38.34266001300061,23.128896236136583,-1.4783399060001994,8.252472236537738,4.861701882978415,30.590958143230495,365.67802404785937,66.10143059987817,sport,rain,city,96.09468558667452
18.698035085897708,23.568797990507314,7.623139219961992,95.05269352979496,3.041914765748977,33.34225519224166,230.3626778021291,-60.23026316349671,normal,clear,mixed,58.448931064516955
25.920725574158553,23.127276697406135,28.708575001146457,88.47236197508452,2.61086402242169,30.86075821758891,63.030520918698876,43.85998739628661,normal,rain,city,87.40934091800733
98.86025427215914,40.662244863128635,-8.478884280335787,108.23857131517873,2.594869279721938,31.7146435311701,219.67443850569023,0.8971026535112685,sport,rain,city,347.92673153034013
49.96932012159568,15.956543856257763,23.64752001231843,28.368475074373755,1.9322418722717245,32.44001977901116,81.31662687444418,80.99153848285434,eco,snow,mixed,185.00565215353026
57.86845898545149,17.28299966942323,30.81988631807853,54.755505975335865,2.343450336145705,34.41481926712483,375.57367584644226,94.5924000587128,normal,snow,city,186.88381824505174
88.62566758634938,23.21744611889711,36.61339194190836,22.138545259727728,3.1770629156767516,29.689251020325443,83.25043020228951,-3.0078428693208252,normal,snow,mixed,314.1405146428352
99.6012010441619,20.996189239483307,33.814832024574244,44.548192136894336,4.664738037781386,31.19012309463885,241.26699477222834,16.929411823093375,normal,fog,mixed,399.7448620004966
62.44430044102134,21.95578841648545,5.969205841684259,62.66919018802608,2.979421691280155,29.04065257513454,346.7068013305465,49.168508147510664,eco,snow,city,242.7187520982003
83.12264389397545,38.938295677599,19.31820706614763,6.399694780630676,4.285579711586836,28.606084039370074,114.0990319726043,-36.26517162559899,eco,rain,highway,332.7021160593786
39.424692190300775,31.893797816761406,-6.135325342476707,85.78444928128623,4.313899556512503,32.83739484935033,38.01505381866321,-54.651929895350634,normal,clear,highway,130.531068352811
37.5169561702562,15.17311983878904,2.89350017740043,65.19520324452903,2.594163379241296,29.51272835487122,281.6497380373744,92.93703448860106,eco,rain,highway,129.12596623098335
46.243334889510415,27.87968297112586,-5.288881062624631,99.4750820652808,1.737348207488108,28.47839473540879,27.101331752196256,-13.476921756084366,sport,snow,mixed,138.27295697730898
70.52565364062842,27.236547805510767,5.7593645076981925,32.613660142943665,3.197869366660405,35.176783449651246,293.884321484084,-99.68183469684526,eco,clear,mixed,335.0082319741899
71.39725203295889,18.418358083336305,33.759360672936445,108.39853263231053,2.2293867095742135,32.27451535828317,376.7492687931007,67.5436597050167,sport,rain,highway,205.1528046149444
38.371549118450574,35.28425365804371,7.358341983714631,119.8433103636532,0.4072043366096645,29.077025659223878,164.65799583615325,19.932832258217132,normal,clear,mixed,161.1083677254651
21.98889317229658,36.06291565138473,18.09490515007132,110.31581260532093,1.8890455021621682,28.4274090195804,244.17470454034606,-66.28828745593918,normal,rain,highway,73.08216682379722
66.91566308189577,36.626796571562934,11.669042405747042,93.3470970999785,4.970360690246625,28.95888042730925,464.38091911247324,-93.9720613645842,sport,clear,mixed,210.45750099898038
21.549327596988807,36.85412836675776,12.945826214936766,97.48425634485369,0.24255935013143604,31.770697922564914,235.5544320877762,-41.703513791653776,normal,clear,mixed,87.83932982183815
62.06432574063971,15.001584807968904,38.478602591827915,68.84930910535037,3.4833345595046334,33.34772204135118,498.27703069669445,85.57741909473293,normal,snow,mixed,190.03170018880303
72.40799152506781,43.61762411540167,4.807723413192896,22.81846354951326,4.205943525356235,33.13024059988837,78.50120567883646,86.69823400712247,normal,fog,highway,249.20227267420947
73.05503467550065,39.42626301163989,21.366223476158567,81.24488221772607,3.2436295173768936,29.155384690115987,354.46695124164455,-37.79930273957637,eco,snow,city,300.87612396538935
77.8124899593637,42.11945089767856,11.003133478972352,85.53036024719178,2.84874115581645,33.06791161470167,326.309299098627,67.18619856414335,eco,clear,mixed,365.7810839519908
88.5573479409098,15.469298859223024,-6.94269094761569,118.24621683214869,3.5377720848937875,31.238924993740795,436.1524067631636,-11.630935348580863,sport,clear,mixed,302.80931712347365
54.99630927683096,43.01576387357218,14.4665415812118,64.95615795075862,2.1467136864982783,31.71795027439572,46.221605995270366,30.868949827318886,sport,snow,highway,149.83650684127852
75.7224270576614,39.29365586064314,30.667166452255415,32.564281803006764,0.4568086865443838,34.41144324996254,140.10329575090836,-33.11122482578199,eco,rain,highway,334.5620835415084
65.72554618292531,40.11657428876096,-5.0623515659155816,82.04070260874082,4.811858771516909,30.65999498143711,66.08961288016762,3.1945192541970044,normal,clear,mixed,245.60759132974246
26.79759458179143,17.798621541659056,-6.520407630184551,117.52509835997455,2.1615038499209804,29.17599237730683,466.54756113596073,-41.2441106899347,eco,rain,mixed,84.6418037316766
12.312068038246736,37.163340867557935,-2.318423980336667,21.265668992291282,3.3269461858400877,34.987625068530726,213.31766232262856,-87.77712752870745,normal,snow,city,25.519185135037848
35.60872471092404,43.79750068926273,28.220005569465307,39.11975022427232,2.6565521844464763,29.697044606930703,455.03292276753456,-72.12436276169223,sport,fog,mixed,106.94000509670128
49.87303357038574,35.356420242544814,26.199769207236898,65.02571445272173,0.2733653598877728,30.35223896443714,147.20349717941133,-41.86510110535255,sport,fog,mixed,192.941740710577
65.53953499857906,32.11684213873819,18.250888445305527,20.42575618584058,4.763733004962693,33.65272047122098,63.18405068082594,95.25075679522598,sport,clear,mixed,201.8383403977943
86.49633974528848,43.36889033246991,13.411320204631618,2.666476742392603,3.9626861305716163,33.46840253646086,148.2686364930082,93.13443004999834,eco,rain,city,399.2454169917764
27.662114503554907,28.28811365203308,34.416290735131106,40.43797469295007,0.7454894723469746,34.40320017027063,298.58717966402446,65.53266849690621,eco,snow,mixed,107.35001279139726
21.29948109086294,32.978806989314364,28.334891191674124,103.84449618012697,4.908244381441334,29.47093313158353,422.61629589229545,-53.498789780782616,normal,clear,city,43.328007779039254
96.71319527268948,29.290148804830984,30.597112565090256,5.216207918845779,3.68450686085854,30.818239146513626,192.69534661249844,-11.67957189163549,sport,fog,highway,296.09175311036614
19.724010343876643,42.985386640808976,30.663115067532715,51.471487082030094,2.3616082521415445,29.007065911650088,457.4043296267421,-12.043432301859141,normal,fog,mixed,54.08633729534018
53.06419630964702,17.28254180296522,22.135857737277902,91.4640927511299,3.056850282797866,32.32831317734883,122.11602983896435,-22.60535103636323,normal,rain,mixed,190.96539183444833
62.70073559139717,30.033591024760447,12.900731215797293,114.38191162930623,0.5336834100729876,30.34056474030961,346.7703436518834,-91.02393898205088,eco,clear,mixed,315.1326362939945
58.723697881669445,35.60857324156315,33.23388762928252,118.25704788053187,2.8020575500780547,33.5114851280685,367.85667524113614,6.905474844863548,eco,rain,mixed,262.01644085688446
17.74289413296489,38.757196152667106,36.30037088016253,50.636325673049,0.368305360085297,28.00275494387633,136.981459665308,-85.43760157502783,normal,rain,city,69.19004282921203
15.132422260325743,32.490559423324086,-8.80969783708285,114.0461153254941,2.7242762855965097,28.477463987676636,13.48493915026372,60.38373614358875,normal,clear,highway,21.360337877796518
19.49350847149321,42.26753232364362,-7.422256336687435,4.250276793703649,2.763478443813927,31.460482404154746,182.61867102537772,38.26142856895632,normal,snow,highway,32.08727296281549
62.70289154853513,43.25974340651615,37.93716484542186,89.51003255982675,4.372193925803719,35.66547324780455,22.59807365306804,-29.45259867129306,eco,fog,city,281.32847086189753
58.991039887088895,16.929576695807505,3.858030692209738,77.12952415603355,3.62528750136147,35.12681109887346,450.37688770108883,29.427276442492627,normal,clear,city,233.43282407602516
31.036671283306983,27.07111618624123,33.66847198247093,29.942622910338276,1.2477619610756001,35.952072224495865,476.76263146702894,-53.392598688180385,eco,fog,city,150.71795966112893
67.39967276610324,15.703770651634633,9.439755948070133,60.87822008155787,4.442130710939284,31.334641798912358,367.6899579730003,-46.949987008673524,sport,snow,city,212.70334547936028
83.80607518500844,24.882499721233287,-4.04499711953222,15.546448531259474,2.8662133242400287,28.372547890190013,363.3422926569169,-37.17329661491902,sport,fog,mixed,282.10175562019344
13.742106386193438,31.106046539118065,-5.977839989533287,104.59165811418731,3.0318973928701687,30.4476491361581,120.4463347058653,59.402319987065965,normal,fog,mixed,16.242204351436538
54.831694919323816,42.323847915298465,-2.1746050459771755,42.94777026547776,0.8449068461108916,33.406166817391615,36.962788279042314,-57.8617306307831,eco,rain,city,266.88465913311916
72.03793708924212,40.39662967396208,2.4946597433682367,75.12533645588599,4.28886797984557,29.081310478139322,401.0523179304583,12.556245497207712,sport,rain,mixed,226.54183106694526
32.70807343627184,18.824991800159573,14.425917696541312,19.05315435447147,4.65482557508272,30.399777430080007,279.5809657766838,-59.906577115702994,eco,rain,mixed,116.17761921880319
37.69938147638342,17.79091124222687,25.074895028289177,24.739781355744853,3.874953247474541,28.44932931635887,340.81376539358746,-42.99251498751702,eco,snow,highway,115.08433446357806
65.22741126904455,32.67802016270001,39.319928824265,119.03476449637824,4.70376226322503,31.799736307121876,389.820534043115,-52.90374140270173,sport,rain,mixed,191.5789950779357
90.81417640993632,30.96353917376348,12.075337164458553,90.37036733295952,1.5114995206117294,29.671365421560704,204.71713447613442,29.00093421465718,normal,fog,highway,348.51590543183187
82.89319782726095,22.991329242900715,15.909247117155491,115.43662437288849,4.305595841813855,28.72998421519202,72.27329498915886,5.345788891156062,normal,fog,mixed,326.9772782167144
62.481719718962516,41.983592536615056,16.09078506916278,35.5021398254453,2.4444657143187127,31.289726475859833,397.5183996814477,44.25982918111066,sport,fog,highway,189.28300103319992
75.71995459815243,42.82099228384661,16.971717774396804,19.747545194378446,0.8195860147179246,30.80980323499324,226.8828196142037,-56.01131253340284,eco,clear,highway,341.7290414321324
42.834022318701884,27.07834315020488,15.887032855223111,60.36821561745971,3.344002995167006,32.30014189556394,413.4621154279663,-98.17029285479255,normal,fog,highway,140.9024821456619
67.6868975288882,41.70907671340561,-9.561262246904109,59.360193867281204,3.4206013535293947,33.992309242509116,218.84957338000638,36.10191342606697,eco,rain,highway,253.34296428500105
51.95634320148013,26.518466827889178,-9.913758894507964,20.993581650958543,1.4346225687834506,28.90054989141204,108.50820422865304,-77.0292083009848,sport,snow,city,164.17644190664396
27.09425228118048,37.104504954891006,-5.116684093693854,87.98634834976923,0.1374666581378503,34.329004721680064,85.50250832689116,-50.73895511520878,normal,snow,mixed,100.61242934699102
73.15644464895314,29.278266526431725,-4.922169828541058,43.413304132648086,0.9992362954278167,28.210319839001443,371.9608782795839,-38.862769507755466,normal,fog,city,320.9041776201317
60.08181736139398,18.67749469521549,25.244845447739806,22.363827711662072,1.9988877383694337,31.544815219966782,287.4445613969984,49.3604184581736,normal,fog,mixed,231.09252641871396
42.27594237582323,42.838026037110644,0.245801625799988,39.83800734519461,0.8378145552993427,32.69944229508705,202.30145023234326,25.17836213148543,sport,clear,city,158.30982706682855
92.02052710707676,28.622897801326097,34.73570523778064,67.63904395620182,0.9701497411980209,35.65598938511838,246.058378095666,-63.146912694834235,sport,fog,mixed,334.35402511167035
11.884070604405995,37.03461120967211,36.430316478850976,87.17651186165318,1.9569533219113477,32.591384214957195,274.8193026432699,19.57756212394834,sport,fog,city,19.044839895325858
38.419583612454645,26.015214432938762,38.794666894794936,57.82690632689815,4.808933071542802,29.269993546171108,119.70822091289801,41.62959902212236,eco,fog,city,150.15182178338722
15.11932579998819,15.566426357287039,36.95406524435101,63.07139877940482,3.821217577038242,32.140334442751275,189.08278984884458,-22.220559441965705,eco,clear,highway,31.340130650723232
78.98745845994645,18.015910760755077,3.5944160959262312,16.67351231312981,1.5987420061328206,31.16627157753133,146.20573255486752,-50.8094171944296,eco,snow,city,360.57891185623356
73.18967087024134,29.886584384697734,15.488842235175625,109.76291096498785,4.758020344592741,31.83484454080195,194.21192337281363,35.79655458295784,normal,fog,highway,249.3774530401941
39.82169968626853,35.69893071379087,-1.22725149015295,111.44690375904533,3.2282339612936632,29.576776117272697,250.28110675895243,22.17824002829944,normal,snow,highway,105.2097991118555
70.80966119863658,25.04205979737837,30.31048275862166,82.01119085016045,2.2772482232007007,32.006616338490176,86.67876952718295,-84.41756830583597,normal,clear,city,315.3005440782015
45.63435035763548,35.864653775329515,34.421585257204804,2.1157690720829647,2.3415009947757355,29.200318114327015,196.75753132444402,33.33592804675084,sport,clear,mixed,144.24426536405235
78.0628412280191,35.95906768295868,32.56444196487574,64.44890590839913,2.0537223391769595,33.952344645526956,192.74722165346176,-2.2964134329402697,sport,fog,city,295.4269117847939
50.876529646303545,36.11807721983493,11.668347434841746,75.50627665063362,1.1649602627296984,32.751250081804784,143.00190842113136,50.67379139554549,normal,clear,highway,193.05079195980238
47.1051755048499,29.775655620615254,27.93369423433905,119.3585067549732,1.9331609610685285,28.628221532734266,499.24816240122607,-61.85649162403464,sport,clear,highway,139.96428567934265
94.12569239394709,42.44658450364512,-5.121041521186528,119.52803462337562,2.639481920216963,35.11691574343184,36.81375449714569,-48.35671641972472,eco,snow,city,397.49274049350976
32.579118990163025,29.67589553941847,-7.987761469037466,102.91334823906689,2.640136753651105,32.93103683692511,321.47556964286787,8.66254781950424,eco,rain,city,128.93247200360014
20.840260599690886,28.507955804899147,27.66182071543804,7.659719043133624,3.80868451106259,30.52885644102265,87.2193032682178,-3.653294421560176,sport,snow,city,41.55463239304112
62.60888019335123,20.981424570318808,11.267763716434185,114.3931668934476,1.793989285786763,28.365139196218482,419.76199464259116,-22.726925788700683,eco,fog,city,296.2608780982301
97.2389631055761,24.229652620690096,39.777463236978456,73.51934965823989,3.583990146519762,33.05781356617307,457.09826800465044,49.20666288595777,eco,clear,mixed,451.93645078661524
44.0055292354468,16.2700347755491,-5.13728920722338,96.10641245750153,2.890459193843423,30.987522090786694,200.7389913044794,12.950312725656474,eco,fog,highway,160.35029447717122
15.583308726590337,34.00605880848511,32.78138407676168,48.86314196230243,4.809227022634172,35.2609448390279,411.73922471035485,42.05437077882374,normal,snow,city,14.396946463256999
40.537474057861075,22.456072317812787,13.999153276449587,38.36033654815077,1.9264246301699135,28.279022661713398,124.95472467503022,-69.34900753617686,sport,clear,city,146.76917353743247
55.53384888876026,24.124657634563953,31.357509775193854,55.58929745805696,4.506082321303952,28.312819482737947,70.03425366463078,45.79765902910745,sport,fog,city,185.580041400935
24.573070596899235,38.12443564992964,30.856364108507243,17.62494155625923,4.1032127364914475,35.59439429525548,157.93913320130548,-7.694378379941625,normal,fog,highway,70.9274533430409
69.22919962508428,24.816635494843617,35.79960006810387,42.847936650396726,3.1883214229472845,35.71899156543605,170.83700694552363,-93.2464128630826,eco,snow,highway,254.2175601976031
99.79744501091805,22.265876760394264,4.89250056430514,102.91409997219344,3.272572333710586,28.22193781418111,198.67877239278948,-53.10168920070018,normal,fog,highway,368.6387043304353
50.656552838329944,20.07173247401117,37.48996767310015,4.554058351305779,0.4232496730320534,33.72826587953062,186.47947097890938,-94.8487216518844,eco,clear,city,265.1468337039369
41.92557010571914,38.245752065458674,-2.416651982118986,18.10536561895254,4.751123027967162,29.771958818630722,205.57222642525198,-8.625095601791259,normal,fog,highway,131.53837073762065
46.063375015102,18.891187739700808,-5.901561120325473,15.013939157938264,0.5346803174787196,33.61114213028858,355.016682902565,-34.82404788898292,eco,clear,city,223.7425612961516
20.363156055568105,28.612612807510608,11.580775868617458,48.369065124027365,2.8161665437175354,34.94986237326387,122.7900664328676,97.48991198265026,normal,fog,city,64.24317255505817
89.49462412836014,30.20790348231583,31.41614843209213,119.6384281069034,1.6503540022457726,28.806651830898204,9.287797882560845,73.70082339137264,normal,snow,mixed,323.2388934192579
47.33430899692168,35.62169738057143,13.671056531672281,20.80295162536592,2.149259891449259,29.910131334096334,244.84027569063582,65.13417206862985,eco,clear,mixed,211.6905699628403
44.85469702823572,33.99850446998987,31.464333876525707,17.45791795191122,3.050915054184085,28.192621346611958,224.145622102432,0.22330980624909103,eco,fog,mixed,188.48413150936818
69.37212456374269,39.32162018835524,26.484340289715263,109.80668757313853,4.544256889411608,28.350638763555526,30.032494921715227,61.417499870153364,sport,rain,highway,190.74231203544855
49.78300788380112,16.342543017787143,0.471419306946677,105.84606203591588,2.287835617861507,28.236942865742193,66.90070075070686,-46.62607050744896,sport,clear,mixed,164.6773092766057
68.34101219270615,23.893221743381915,37.44408124497319,3.868844399586533,4.938647776532205,34.40545885141132,254.96044734244694,12.129893569304983,normal,clear,highway,236.73408552363446
15.530166111770875,23.40402356326139,-6.9609415685298295,90.2047152215178,2.9640603267574988,30.38634142744621,117.37538000978964,-21.416387736117997,normal,clear,city,43.11872534125656
83.23510093500047,19.38050716776325,34.913985377189746,78.65588417717154,0.8027697132108724,31.945691516575913,438.7991470707235,-65.73161769545406,sport,rain,mixed,292.1495822405088
94.64535575914623,23.675347615693294,5.2221724495187,92.12889718232508,0.9500464741562614,34.30275410877613,86.64624322974757,-85.4773137263192,sport,snow,mixed,304.27820529292325
68.38888475434473,24.292959424287105,15.007404158219966,59.340294575510654,3.5805551779462554,31.959549301653745,10.06131592425813,11.643676594322969,eco,fog,highway,285.7289040565356
95.91093359729297,30.65653385782435,11.117593635036723,118.96550621379546,0.2519889712169088,31.43356850099677,223.78188469553018,-80.47217302395877,sport,rain,highway,310.62737268376014
23.628908293296696,34.91113436778768,-1.40827215415419,5.261642245315583,2.4017078811111343,28.09258565191567,493.08155530412773,43.60061933719649,normal,fog,mixed,65.38132179850932
52.96745705323183,26.43301540835442,7.907343320084657,28.124590368456687,0.741095549017583,32.54431602029405,316.9362631532382,84.29369574523116,sport,rain,highway,151.91503823365179
64.16260605509025,36.58410693940144,-0.3532781853602369,47.58551843683381,2.166093175889225,28.997944625096693,177.01486063096223,-67.57877805768781,sport,rain,highway,195.89038292411058
62.3562982679068,25.0849601573874,0.19432377302619308,53.97335298788438,3.749587110358598,34.11718592632821,8.434005733929162,-5.812284297954349,sport,fog,highway,193.29962223589575
46.131560118013894,23.70851031944281,-0.647158198680982,110.56408832394224,2.2940646412071706,30.061901790520157,242.4742198711134,47.754918611965024,sport,fog,city,144.7203904028728
40.427596842963524,31.23564167571073,14.450869017329712,67.20052368927107,0.8172555449046348,33.39349928646924,103.23300106921512,-42.63206779339463,normal,fog,mixed,172.13540960970437
21.414162029537692,15.711490809173718,29.896568375565778,5.413319462447266,1.259626851783212,33.16978822259743,323.87704272332303,84.15290392658744,sport,snow,highway,52.145985226671165
45.256820550605035,17.39367370902001,18.44850168806205,48.943555611079425,1.837697943260912,32.93340482344016,291.50424686565066,77.69311177398217,sport,clear,highway,134.112876972905
24.639473359493664,27.53908630759581,34.660329427542095,49.97884948428839,0.34780591743207356,30.13561606029754,132.60688769359245,-79.24912885406441,normal,rain,city,112.36730613497247
76.09291088429966,43.28738134175269,21.82722442883621,115.85891261253417,2.921688180405609,30.136718217404546,34.44136710933582,-94.52004569363197,sport,clear,city,285.48144239650395
28.7947841945131,36.645353395302706,24.46700578163022,71.90365092253299,3.037668956390251,34.90438434753064,377.50959902016734,95.29169659588038,normal,fog,city,92.78741977196862
15.270877475608046,17.643797085016732,23.38036148635016,76.27812853907265,0.31075963566283726,28.102458661043414,292.73204729647114,91.29500495422621,sport,fog,city,41.84810809174277
59.712952403551085,40.38954038342621,12.472959659187058,85.5903637501525,2.01155660587081,29.452181067631663,421.0631247543142,-15.542879106807362,sport,rain,mixed,192.80553105967638
63.57067594474614,36.96902311824543,24.466941110004143,92.4047178818548,2.0700034144236246,32.88136734113588,129.90000781835815,-89.88733517880551,sport,rain,mixed,216.75796663076326
88.4721755152455,33.3283957710796,-6.514612676551942,76.2061284242987,1.6690978427630059,34.53637003522536,326.43103239020604,23.77511054920558,eco,rain,highway,360.29269078449425
61.92834511759137,39.60878881827532,32.992573595783156,28.46332213607226,2.788698701655559,30.866764069382867,59.34025026434247,-41.31797852226875,sport,rain,mixed,197.72723375377998
41.09327683511012,27.123295432288714,28.89060717219587,104.88550972093971,1.729787450300559,33.2275476688864,145.90495395842186,87.34459738011086,normal,rain,highway,123.78102747046461
82.27106933736884,21.645031525615583,2.261497911583941,87.85437604927563,2.08204639738903,32.45725135696189,328.2695559386848,58.932385010860685,eco,fog,mixed,384.57757220462474
58.62510038686789,30.36070167326278,28.401622712704118,89.02445821163471,3.987617737208028,28.516320835856284,412.79065257239654,29.918756826688707,sport,rain,mixed,186.36442893073792
17.135225616807258,31.465252667804215,-9.367869929999076,119.5868087081699,0.8105467771510072,32.97400157544543,160.46275087167345,-43.09923049729429,normal,snow,mixed,37.44557477468096
60.9265504281922,31.14979116029736,0.8623286240440216,96.3031841835979,3.0955734765171043,34.51122777817995,399.42677827825065,40.25371588834349,sport,clear,highway,180.38892290545772
91.72166908794962,31.95221374440316,-6.743138066455203,99.49816837861839,2.5279720084542276,35.93958656239528,338.87623013664125,-42.16634664815919,normal,clear,highway,341.5245453723613
45.66813629483985,43.46114754717543,29.011345830894733,114.16866188521901,1.5253581873967454,28.237120581213784,174.33738575379994,-92.47380316962479,sport,snow,city,138.1030398403007
36.66932217098201,42.067368692886944,27.79370755891936,18.136079981867262,3.6376732824520537,33.28046538067095,438.1984688722196,1.686917524054806,normal,rain,highway,113.61357795201572
22.912251131621804,41.27151109676818,30.681801190091534,59.727285177368145,2.7559417977057397,31.316396425183697,254.6145330177156,-2.263091042261806,normal,fog,city,71.22778725385763
23.63009697418216,39.04250432725881,-9.775915333723558,69.6680428308945,2.3868076348034766,28.078303109649642,324.12341127304114,52.60119460524669,eco,fog,highway,56.76226547304337
48.949433590763704,43.30284321795856,15.0616363339204,39.513087506694916,3.3383465738560005,32.914887549668094,247.81567095174006,73.13477647088894,eco,snow,highway,156.3215564285502
63.611184174537655,17.954839250382097,25.241809875866828,100.72840126734067,4.011451539906804,28.979418388445083,226.359980245384,-29.10630226114759,normal,snow,mixed,204.79401669440185
17.25538646526416,22.953697843372183,-2.2299435630492273,91.49035459748681,4.863343950167881,31.028534801513093,423.9888586194282,-10.105397959265815,normal,snow,highway,9.17349814865951
94.56117301226492,29.851678369637547,22.489536375631232,86.50596894097488,3.1467518418818674,30.090936739907217,147.35220751931288,-5.919916071094363,eco,clear,mixed,456.22653235531243
77.96202557006764,40.39603479370216,-5.794495034515714,119.65793277098003,4.3721999270019145,30.889307218168796,18.31461118186234,-35.15518312552413,normal,snow,highway,226.46273551651933
62.79615264552964,30.154971345681975,-0.9337071947843416,31.12576480900686,0.005457705114784717,31.941564652007596,439.8913217724806,48.67738472503805,sport,fog,city,234.92729918003636
84.55948038450917,37.44104218024766,13.78984074973005,88.25487020105055,2.651178463629456,30.873676259916117,412.51197652559154,4.420237041259895,sport,rain,highway,251.21883447228487
17.216808113090195,19.168797157467488,22.6782576340551,66.16853698870807,1.0732377438509904,32.42185496471632,183.28023728480636,82.79115487772796,normal,fog,mixed,51.85816035666157
52.915498995981196,22.572414389296807,-2.7065436523051956,37.55870189926513,0.47096228541568586,29.90919752186283,92.72556935260562,30.062154379117203,normal,snow,mixed,197.30277408620225
66.7083814175497,36.95328285113017,-0.7388334584531044,19.2704244867751,2.6598550853219605,33.082894139427054,337.76682152423547,-57.62068822120552,eco,fog,mixed,306.5415683721944
84.57876155064604,19.942020266631722,0.22231835328314986,107.50606044810566,3.7341325307454705,34.830104032998825,39.380451817819626,-67.03827025059272,eco,clear,mixed,401.86867555370424
80.51226040443409,25.5406780396478,1.9350402349489233,71.45465792494144,2.061362612371899,29.7925363753217,211.87737776940423,-25.523132416741575,normal,fog,highway,303.90455191622823
34.936232474205966,22.945987734407144,1.3276924263145613,98.99206051689535,3.3505372467221743,32.06301772684498,42.93116077001557,-30.614691948605355,sport,clear,mixed,109.94608389431187
94.67921526032839,25.495850826674356,9.757455424881837,65.44139808018538,2.44859626920475,33.18951827639911,298.9548376643814,-18.573635027497957,eco,rain,mixed,439.5173232371983
21.19112572877833,36.24972147233911,22.689482541836142,26.397249678482346,2.18542932979713,32.517009049707326,13.60419190481499,-63.28178593911158,sport,snow,highway,47.50016965562761
88.76202567590369,26.03541543428403,11.901589156723482,40.505857572039034,1.4512832021793032,30.925195569537806,314.6191878171558,95.64453400529786,sport,rain,mixed,295.9088059166765
97.38462246441567,31.657899678238206,28.79869543749441,45.78466109682558,1.9129675725050226,33.137597664045984,336.60278664469826,-70.85804542625422,sport,snow,city,318.56931861213747
25.9438170900363,17.99795631163229,25.96342529743074,116.75217750044428,1.7489781539721394,28.22596964968061,243.57223731257554,30.529754844864186,sport,rain,city,68.99002449922693
74.98594577834068,39.15053079703883,-3.673654297546216,0.6759934057659001,3.2309359200744074,30.959249855971464,87.50366464880594,-97.38615298708204,eco,rain,mixed,340.52373753689534
13.625696690019861,26.096658769443746,-7.557918833962804,118.27992276294084,0.5800925563956977,32.260897717128024,50.696969313603624,-18.607792336197377,normal,rain,city,43.802212422892936
46.488054262523946,34.45602477100027,33.89707819998031,117.65539621317967,0.46318184343903,28.164905270686916,156.6461740685016,-38.163320180992734,normal,clear,mixed,197.62113760619906
56.46549692779066,36.76168804985498,-6.008446671856329,119.53809486361638,3.300064971042302,32.0611906374744,232.60333980000618,-23.595072452116298,eco,clear,highway,215.0237701089126
62.25807033186707,21.289827663351012,-2.583040964014346,57.190581470356165,2.7314903493944036,33.234035686125026,321.10415842242224,-0.38453104537727256,sport,fog,city,213.34960463537678
94.23435234237036,41.5402495486005,-8.893336222094097,115.65707635451996,2.151000483713288,34.07366158170436,0.625063759249811,20.07500030486355,normal,fog,city,411.59732004944965
70.50256185647751,33.48672754820859,21.41681826493269,47.47190182197928,0.7622144220395177,28.906992651275445,355.5319596176816,16.702268958860003,normal,fog,highway,264.88502746825725
53.31501560973133,27.861754252544443,19.118528157917428,3.155332880206405,2.0551355593465575,35.92451899913356,356.35596606263823,26.142734024222605,normal,snow,city,197.5426162422329
82.87075326393004,20.470055507346586,39.34518332176278,26.921662364611745,3.948658816600058,32.84934161068077,222.26890324624992,68.9095365107581,sport,clear,mixed,271.7893372560029
95.5479538858968,43.2690281370362,34.3466198158586,113.43554939248615,4.448106178946285,30.90555034089864,171.70322287397588,77.34343112293027,normal,rain,mixed,354.81347460453304
11.985953381406176,37.65204612394875,10.542158874045484,1.6517632002479976,3.512882849821101,29.99274283565371,421.15428233517935,47.45006011215952,eco,fog,city,20.49355155664347
98.42691450304348,21.240736881997467,8.579292045626751,65.51929625075701,0.2995608794044041,32.583174893467316,392.293741015614,-84.2115514151192,normal,clear,highway,384.12390442619176
17.751892515731228,25.131323241726733,4.8426017139992545,9.072190667361486,3.352048883005593,35.05369317733257,491.638044258862,92.25847830198688,normal,clear,mixed,48.757109893230826
83.29481013418852,39.2902277426422,-2.3796539981059315,34.36758941130942,1.204927947731473,32.164523169130916,185.96540266947602,89.47961726940926,eco,snow,mixed,344.31168573971496
35.23012772962713,35.87032989646017,-3.095817169899547,10.571142085426398,1.5762562151320254,33.291776444839684,453.4163024285492,42.34075890907073,sport,rain,city,107.29751008500105
21.896169197848458,37.97352878147173,-3.385814599519729,103.14343453356676,0.9793660397999226,30.86157151632448,43.70094294647614,3.487814280384754,normal,clear,highway,75.47275803321848
49.58700757424514,28.23603306638797,-4.294262140661073,70.9284851577247,3.878778953101023,31.10521830471178,205.73303312542612,-49.876328332821565,sport,clear,mixed,163.31428993547266
67.95609215028522,36.494287879265,2.0256021202768455,108.25277588619754,3.243010613186395,30.289400846175134,232.6870593743295,51.27022789977519,sport,fog,highway,194.96363045838572
44.28566605211275,26.594811685917414,5.333431515655821,82.6023839448274,3.0591752729959043,33.645098354945915,220.4371581017291,75.57203574325783,sport,snow,city,121.60350313468793
14.910886745442905,21.337887508145894,38.07894855194579,116.52349574941196,3.3398630483463805,30.87350042733252,312.54909421556187,33.037520177987574,normal,snow,city,21.070528650346947
63.95150256928449,33.980311045240796,18.923662550094285,61.18531857124879,1.183861307019517,29.525731232329914,85.10391941908446,25.81452657235414,normal,rain,mixed,261.95627538724165
91.21629484996072,44.280417767963826,39.37978872566405,76.64526981154495,2.2232220716268083,30.955204569329904,433.226085863126,-61.39905908588277,eco,snow,highway,332.26288494620457
44.48938293525265,24.31802914185989,8.623347391283662,69.15705838668678,3.166268607744946,34.83061766266205,275.88200926981966,-28.440695421162076,sport,rain,highway,126.73868763258423
29.469949986774434,28.82908776637619,12.88133162947205,58.11125153359353,3.182970138091502,33.90601634861539,452.10477400663217,44.62724440650243,eco,rain,city,113.80871636797399
49.831961133953385,35.22004113209561,6.228932958263957,101.51512385076151,3.959259313775653,30.67712675570851,1.3158220107423735,-96.62025222975532,normal,fog,city,197.90699526352088
14.352643994390277,31.245188463674637,-0.8556174551723661,77.34301628044322,1.4355198334405528,35.25447171869362,314.9940567964982,28.252855437777214,normal,fog,city,43.347071507939226
83.84388260322473,40.302833871271474,-2.8417646111210413,96.15747178265674,3.851680608484112,28.598661080939735,206.22892342741645,53.33406020204961,eco,clear,city,398.4961023241135
84.3706729855168,37.85228119408548,37.25395989039159,94.36367239228959,2.200922403084679,28.398030331309144,252.54953087472876,-33.059102745843674,eco,fog,city,423.2952454517708
62.92004170866656,16.74891611587071,39.34053408993779,22.925419278635438,3.350863460294674,29.01976283828193,371.90225539014267,-84.76644615984219,sport,clear,mixed,209.56375208893022
41.779260004455054,44.95263701771322,-7.7545251745634225,78.01962390211725,2.278596900326434,28.931638046868827,113.5758741683448,63.823875776799696,normal,clear,mixed,157.87805356676964
81.9805028001205,37.57207361158402,-2.482706263411673,23.957762301760095,4.7430508489547165,28.702674520098725,102.44971760719402,-71.63263410299545,sport,clear,highway,247.3242697933733
59.921832230953044,40.917099488823396,11.17620461505113,69.99845738925251,0.8965113237082223,33.29074089598394,351.5039088685715,-25.839778806045288,sport,clear,mixed,218.14098855317548
84.33390776950147,34.535931362860396,-0.6833261827796342,81.29216213355606,3.3750254429117854,32.80673903724339,260.68287947209006,41.45082101355598,normal,rain,mixed,330.4253404934933
66.83129133247186,40.688553841402864,8.194019681344166,119.66820859051042,2.8826750038407942,33.180844084653714,116.81954903084518,63.39719753028672,normal,clear,mixed,270.69365717734365
80.59649258915175,18.371489247861284,-3.545182507018332,3.665037377968603,0.863655204738723,33.50692843329624,242.0093173347077,72.47638369770317,sport,clear,highway,267.9513453650784
63.8706693895984,25.432135066779466,12.825587836089511,10.94908729364651,0.33003167905833963,34.05503801984544,229.7792028885798,6.083438322223117,eco,clear,mixed,317.2351349975871
47.27269613940996,41.29262830813478,3.5847308084629645,9.24320356454778,3.9957219448583183,29.657415419891283,345.7222137076558,-4.825660708826888,normal,rain,highway,151.90663644658036
96.21512739335238,21.049656338006766,7.595252787933042,47.80335435200881,0.7872566682313259,32.9784281058784,1.3305518096397018,69.66345540360595,sport,snow,highway,282.5490963413448
58.70024423909603,17.34726295740068,-5.28436742686262,98.59060337829764,0.9325334139288799,32.64038927469099,293.3801328857415,12.615419009494232,eco,snow,mixed,233.4769507514433
64.45805666864845,38.64356819835657,11.406402535507084,101.28675993445628,4.892171119945196,35.54928020642779,302.83907525613773,15.730145683046231,sport,clear,mixed,200.46032636296732
29.843887547327434,40.06458466929888,39.16288054807849,88.4375514865382,3.586304257383154,29.85894179391719,372.7550685939599,-13.205326401239859,normal,snow,mixed,77.25114146350957
66.30857104845488,19.879566545697017,6.441652344059516,107.62538901959373,1.2524342080061124,28.46978347499465,444.61523301772456,-25.43720561579208,eco,fog,city,325.455809188089
61.44468845346495,40.63037948348146,33.82146374212175,38.743193300334305,2.9547448007580064,33.227960557716344,220.0948985558444,-3.891828542034176,eco,fog,highway,247.74136381672682
26.635455815232245,35.60303386791509,32.15995708118426,10.578557310275896,2.6705591920125666,33.92138272189369,171.2601121544422,-27.030501260774557,eco,fog,highway,91.23280590316219
15.362838761782935,30.602480496497517,37.60292091486053,6.978363358782014,4.2223663375692375,30.265568046460405,51.160188755643155,-31.290710006152295,normal,fog,city,39.63247531060287
64.3923387743294,39.90750578344155,29.505475613354726,102.25592635432636,3.6466037391631216,32.56678744751735,168.41792244661653,98.73286840157877,normal,rain,city,239.88666005680426
78.73230424152885,27.577477479568973,22.979841352940745,87.65235532244296,4.158605627465929,28.476288524273205,34.242332222203856,-32.75730118563038,sport,clear,mixed,268.1178464367315
57.10612338298074,20.819818686701915,32.82922221137288,83.8338367213345,1.057532939886812,35.68035872934631,401.4101026707274,-48.72325049346657,sport,rain,city,205.80277015127163
30.409536278768112,23.54558029831841,-6.217765967132518,40.76116062548026,3.201096021835026,28.87939978639335,403.50307392291825,-29.215182031474683,normal,rain,city,89.8998606308313
69.98697790237314,30.154920548799446,13.14153285994039,45.588622634187146,0.2012042920919016,28.540564289215965,208.61882864738905,18.156268127221225,sport,clear,city,265.3401540248141
17.2095153948642,30.939923780195272,39.46281193075294,114.9736234679183,0.3447030613961005,28.352881275956953,129.82061693824542,82.19809732463301,eco,rain,highway,51.58425353945786
49.76503343217591,39.16742479323701,28.48000756473661,7.656569291752202,3.5676351635229864,31.41817525202682,59.01003772613589,57.57285003955221,normal,clear,city,201.60627151835675
24.703008255857817,38.74058170957004,38.10376890186115,92.84780843253512,0.12210051321965676,28.77727794765752,425.6185830109232,68.44822781514029,normal,rain,mixed,84.8214919209729
26.601314595389503,32.44099671613725,28.981717806673956,37.155998845007176,2.898825044502546,33.9571859276446,438.74763919270265,71.80172213677153,sport,snow,highway,43.65739543279757
28.206455424238328,38.42356450096429,33.74409837210721,4.68655420950673,4.20202549222265,35.190993285011245,133.14480729490703,84.10567928937348,normal,snow,highway,70.43651397567858
44.80363513395801,20.75320374881013,25.32648161515955,89.10841328909473,1.899709042090143,30.081751458598855,310.88027423388183,-52.98575341822402,eco,fog,city,216.35727009651126
14.603518505835787,16.50193581279883,28.025100220861994,39.70942628140495,0.22420218419956395,33.03018495401119,129.32683239519432,-8.326793792512888,normal,snow,city,54.81882156891199
45.801409683618836,41.209014679041005,16.158900491975036,86.6577022491356,3.569237248143634,28.338707576094542,112.5633135717894,-22.960466684710696,eco,fog,city,203.5264436790395
56.05367024032308,17.266634812883087,36.21188504070665,84.91852597417441,4.648432262320754,31.092515773542363,10.604025315707643,-23.624601077299914,normal,fog,city,219.97956400558905
53.49648564696927,22.40065289231992,31.251945531168083,64.17442505197381,3.5858569602913395,30.34353690742183,288.5797087930312,30.456730340436962,normal,fog,mixed,210.0915779090369
44.45056903627365,35.85956848873154,32.19424828328161,93.28477550526586,2.8922362150138765,29.82895277152287,74.97077159277859,-19.639387936451328,normal,rain,city,175.73883427256115
85.52319472636772,27.283438128819274,23.650455048152615,69.72459890054921,1.1501441493953002,33.157787917029594,6.185591433465976,23.26606118344074,sport,clear,mixed,319.5908900617286
23.07940231784537,41.28941909746526,5.22899735436245,34.39642234179128,0.07687812022248497,29.04182357086829,52.425582168408646,-23.544127254438436,sport,snow,city,69.37361504320084
55.51270694032366,23.939393839868085,-8.218510230493033,88.09383612773028,3.473360542395266,34.885684186375904,156.8845957939069,-37.7743634551154,eco,clear,city,258.8288718617278
15.583727526089888,15.356140400080779,36.782756470477224,70.69677790532683,1.1551308792214647,33.31868725094988,334.5815950558558,-29.384564311363846,sport,snow,mixed,40.49726975992391
16.404011099011875,24.019669216822322,19.306017440274847,1.5272738027904653,4.290813385911788,33.68588142950446,101.31152666606258,60.75141120275197,normal,snow,city,29.27654445931759
61.64792647093867,32.34225147554495,4.907148557407012,108.19730133243712,2.3318205941630565,35.482754469261344,443.7952812658359,20.210207245778207,sport,rain,highway,176.0068067848634
60.94165823990389,26.278151262098802,-2.5432446076231097,65.47723419891761,2.653177911862281,35.538982972020115,144.244205191475,94.79954660332291,sport,snow,mixed,177.81414659985307
89.02301615600112,31.046182672762658,31.476158275037733,104.23527185754381,3.7696827213318334,32.41321859055389,165.613144711825,66.53124527594653,eco,clear,mixed,406.52074632216437
60.208630809406586,41.29794356505056,31.82600972237894,105.92842067786935,3.897153039016716,31.963038538287844,108.98858997598865,-2.8438783331917676,normal,clear,highway,212.36548371776965
96.38119183643651,42.37455162691106,30.725398406526573,53.39599880821062,3.213254165402841,30.68305286581528,126.90266853591919,-51.524732981184826,eco,snow,mixed,392.59144250073086
14.382536355993679,22.979221939623365,22.254134598339313,60.91919957414771,4.692159077063715,33.72457288161975,37.06755727657091,34.781822291029044,sport,clear,city,11.274043251954406
18.820691630266694,28.864214198097024,8.300769379593795,49.89052652107223,4.911492181602097,32.305671095838505,147.38528935809475,45.32920546238714,normal,fog,mixed,35.9265990154583
13.965927541334326,31.474320457243536,5.203514239012851,53.93241303696546,4.7344272218730845,35.463000637921,429.8087298003115,-7.164804041608193,eco,clear,mixed,20.78413116671731
26.674916530018603,43.47337370664741,-9.57226149409149,107.41765907660734,4.120895926719718,29.909007589700842,344.2122706978067,-54.01557351786186,eco,fog,highway,70.16089111785826
58.714309984751026,44.95851957493154,31.680377934412014,94.57728167614933,3.5281261012212575,30.482021490003927,437.6341019328083,11.447663572653028,normal,fog,mixed,217.5065463885922
68.10149632846853,22.0622174652458,-5.628365125317877,15.183081157869358,3.3166292894083376,30.52872357935975,52.42950718967832,-49.23414952811067,eco,clear,city,325.7476645330052
14.10266421538019,36.80939614037446,21.53774990203838,73.23693378481151,0.5187508846026695,34.447987636453654,227.80831542107956,87.99966352608752,eco,fog,mixed,55.1539088602681
95.13738008610393,26.340931866995852,15.20374734200442,119.50879684636107,1.3574217340955625,28.79232265473722,114.62743649005752,25.776849606743895,eco,clear,mixed,463.51005366005217
85.7948838985343,15.243245906586397,16.33446794631756,71.46608414789829,0.028441117646885172,31.64519296791184,360.60779527807404,-41.61380766615703,sport,clear,highway,286.85628732388375
36.69512339413838,15.27757567307707,36.335642265388664,94.30459507117266,0.6870493511699594,31.42064589578438,485.11891236294525,-56.85386233309509,eco,snow,highway,121.96033868689786
16.946877720382115,28.81698022686767,-8.419249436437894,92.28737680574051,2.1961473858459417,28.585116968110068,407.67973952514393,43.344656677024176,sport,clear,mixed,31.012422364601548
25.289836589715154,29.65004739013004,28.669611231438616,42.03810310467943,0.7326827539453667,31.286375988354777,17.639083375503184,41.55865604835057,eco,clear,city,141.13170710572183
21.42499723794754,15.67709089720328,-7.397380081634644,44.621916324475066,4.50831707338379,32.10702386627185,158.32984732211708,19.426446301714975,eco,snow,highway,51.15777638160529
21.095540136905214,35.60782250322907,-8.09231970323114,86.88917061484838,4.02849592667641,28.520837540039306,14.289845225261777,22.860205035844274,eco,rain,highway,45.30776243837841
56.670551979916056,23.820101657848593,11.490884907069095,59.99802379258021,0.35805956044759113,32.07889702755734,20.08348346549277,20.773800565124617,eco,clear,city,302.3603469670702
32.12626982440602,31.79679304607848,-6.846241282851664,68.46848509564656,1.2445685773363302,35.67390323746721,39.75765208220694,-27.97931063789656,normal,rain,highway,110.44862412702925
42.232574487623,24.027572194962563,29.457197564645604,85.54869484378051,4.095359423057544,35.83131458529226,138.16346448528094,87.48288200149469,sport,rain,mixed,120.7088024284021
99.05548000458901,20.014029446079213,16.47815468241686,93.30900324468602,4.015230632799367,32.25343822871849,152.10138381906557,-4.144307147416441,normal,snow,highway,317.34451665234144
71.58828240328103,27.215212157966256,-8.548060867011278,32.581989327968564,4.727252750588944,32.12077546082367,200.2267566174441,-95.93441997088203,normal,rain,city,275.08701133821063
95.40826003423012,21.968200943715022,-7.974965675904024,17.615251132435553,4.987738808086801,30.28406533133113,202.46554723314807,-30.327731522334915,normal,rain,mixed,356.54379340121693
22.8300899529804,31.04402930757504,20.63342648697397,35.015357606847026,4.8813503162056096,35.97692377369681,385.7045059215905,-73.9434842704801,normal,fog,city,67.70483990899474
44.392552734931236,20.964855908594398,30.305590882920242,60.904599011049065,2.0506899286072073,30.19383336820181,70.70162178944989,-27.32324179042331,eco,rain,city,202.3098424440364
59.92586229541188,30.252179299338813,11.889976563738678,41.056958075644694,1.251642219010161,31.62321040351965,78.87030790212884,21.652497007146536,eco,snow,city,263.8578556575884
16.90822556998642,19.721355446066028,17.72903357678122,68.20353106171126,3.7920509521353125,28.023472462421413,313.294525836117,-95.46710509561518,normal,clear,city,34.80168599230133
10.376869926516207,35.12924128457355,29.99147270249508,6.415886895075413,1.496364463720154,30.793858327273096,285.8710760962483,74.0401062455737,normal,fog,highway,14.663941884867851
70.33909004172259,37.61813053324272,20.52530870209096,61.170049393652064,4.032001800656649,28.571522404870592,77.00235274105621,22.06182369363509,sport,snow,highway,184.79595314031155
67.76375651212918,18.311827027498012,1.2380118829409739,44.15818883252495,2.669773651989622,33.95059816308106,426.13221342695954,-40.92562474820105,normal,snow,highway,208.06055772551366
46.97099289996506,29.034072361120174,20.65260129347393,64.16001058714589,3.9696363761747695,32.488115624239455,164.52970705060372,-37.75896521514368,eco,fog,highway,170.8568912372424
54.06796684288294,17.12615101964621,21.41397295326068,50.70400258619721,1.3793993985850523,32.577375018301254,183.4836742722431,-6.86636469676985,sport,fog,mixed,186.0262748706215
47.389870053288064,32.945473366260074,26.705349044056334,34.10710207650509,2.540136577769104,30.292090287197624,210.23004041729425,-50.3816387996413,normal,snow,highway,140.73160047635523
12.160454036039997,22.93212893788936,21.043709377840063,108.49294865491629,2.82011896801091,34.51917032202379,161.35093536946786,-99.13161444781076,sport,clear,city,19.475766262673567
40.18344455957162,30.828733705161234,38.4621065229019,22.17179861056283,4.71554033860066,28.026167402650003,278.72752613631326,-94.68851036414736,normal,rain,mixed,130.9961810755251
25.937402985756087,30.523830281528735,-0.13558456414657627,81.76386906966715,1.3329878841520864,30.668809433313537,194.32386157909926,-28.451865605596026,sport,clear,highway,70.28281363237338
18.858177019123186,42.73063038581401,37.55453397835382,110.9573655098897,4.683441196424473,33.275979923670945,129.7173629726438,-75.15566467827834,sport,rain,highway,24.464581331603373
96.10483905004148,31.472496677061688,16.91697451750081,64.64039516225196,4.024294577328579,35.26338029933537,452.23743385538717,-95.52726507058362,eco,clear,mixed,455.7567445047386
63.94237525379491,32.48995439154947,23.5978070247456,105.16901862953785,3.6544702704334764,29.876927655401865,154.17537007007738,71.85385400696808,sport,fog,highway,181.83976597078959
75.57906558129424,27.04959377293141,-5.0269201273905075,14.982177411994124,3.934351345925626,32.328800413819344,349.24446273441094,-45.172537271429356,normal,fog,city,305.79836217299544
38.38273689395058,43.472388095484504,9.028797068905352,59.25465243076897,3.027125229400285,32.30393136426657,173.6133851784481,0.6245154333602443,sport,fog,city,121.10572934438254
45.383241654461365,38.31557728318829,28.468957323158634,54.84303365771272,1.2204000523124292,34.9933949523496,217.60999343873593,-64.11818316167538,normal,snow,city,165.74333745678496
31.323159450705113,23.562158709085246,25.345550754949514,0.9742568444393829,0.9474748441992636,28.404135116478738,117.97176170066581,-90.65500555124754,normal,snow,city,114.56970170520776
18.72691038688823,40.32628757328696,-7.993030591729491,53.19088096312014,4.331707179251953,31.39580448856566,376.1648096936271,48.973259897716275,eco,rain,highway,32.669149480572294
26.112847369742543,27.9718908055527,17.32971317486223,44.28357076591174,3.625697012979166,29.45972539833545,368.60162571312657,-75.00862907064331,sport,fog,city,69.64757090038833
81.77626407668373,39.86001430600782,-5.586090351579528,80.37584733295384,1.0660214138047452,28.172260802388784,11.11997290405009,-94.85661951926826,eco,snow,highway,312.43430635911676
70.97912246653982,39.68664204880506,39.792821458908115,112.59957342918223,3.075466829372008,29.176247524163863,30.097020150645914,17.446065652681966,normal,snow,highway,220.6881046512239
59.22359883869292,20.66610560288563,34.864829426664734,10.294930591444382,2.2377324070711193,35.811765382785595,461.1882273724698,-97.30648551571008,sport,fog,highway,184.62113005981593
52.75808855800913,36.03423394150731,-8.945966978573152,39.29716640575477,0.7932758498154696,29.71878807616214,444.4134236189254,-12.742811037935681,sport,clear,highway,157.29154244146932
93.0190855290512,23.71928907919593,32.93247894513154,53.28776848731023,2.6592855467858216,35.4802461866864,253.04359638926516,-42.23279030443676,normal,fog,mixed,388.44294633875796
16.546145300080155,23.924780099780044,35.97148002792038,54.622245364125995,1.4075954623320863,29.64203474104753,246.67869577916824,-36.116403012449425,eco,rain,mixed,66.17716037713576
35.25407319141244,23.89044230641742,7.6774111281727535,92.97716650107046,0.48122062078785777,35.45036181907587,406.2120871918963,-99.22019137719404,eco,fog,mixed,165.49045391258176
41.494406821364265,36.76704742679844,25.975082752388296,53.2074799000129,2.334791492727054,33.23696748160251,69.2250734424395,92.86921607655907,sport,clear,city,134.26571964115365
80.41832309915091,21.89478125377608,12.105187310388946,3.2593561744384036,2.950542760467809,28.905748620015416,326.8495606729795,3.3926204967075932,eco,clear,highway,339.2663978921933
99.32631581457743,15.027175057382706,22.761624228817205,85.21249135113976,0.23453205190575255,32.65532124101262,237.99149724362977,14.502426608336762,sport,fog,highway,327.9830454490295
31.660346328143774,36.457105604479,7.015870214909572,106.1795634174806,2.010463747054984,30.54811230032223,371.66551465781146,33.22449698240558,eco,snow,city,117.10168161662261
88.68766007233725,20.13554231505376,6.127961831663416,61.66856550596074,1.2883095991834264,31.06522524782456,15.051395655995226,59.50435820995338,normal,clear,mixed,380.65549806017606
84.75604843886121,18.13447185923504,11.221694442878952,69.73302260382064,0.15325295353616208,31.521367662679786,296.3627748619693,21.581823261835154,normal,rain,highway,307.32707512201404
30.219165787758996,22.125483617821804,-2.7216120673749424,19.55237267628553,0.628312748057529,31.381656180242675,278.3641076077788,52.439621098661775,normal,snow,city,99.56737424718442
45.93993221793003,26.397015669681117,31.556948221769133,26.477513361474845,0.6951707940918878,33.312871123864234,420.4241647945927,-10.252941127424876,sport,rain,mixed,157.72873471254093
46.87055823632672,29.27718982419602,7.434894768081833,28.220428694953412,0.9143712405898557,34.146944548726104,338.4181487775139,-25.74497191910234,sport,rain,city,178.4091789502092
98.03986016739024,16.337101221378923,10.007477695292259,51.689036985755436,4.016887857189606,30.633421513608972,440.0801791978188,64.62678149643702,normal,rain,city,391.4666566414589
26.28027112410085,44.117199978820814,34.70273063510723,111.37742650747705,2.197459332390696,35.39491169348552,443.63666082127946,73.0621048346926,normal,rain,highway,73.54374704479716
81.92421739943039,36.48189160258674,14.831190703158569,62.61417200578633,0.7354299613519344,35.507730512151014,204.08200044985892,-72.43866604261325,eco,clear,mixed,411.2180339724857
40.07734427557989,24.695821959730083,17.212695467543146,23.051717424162316,0.5014848346394463,28.325523497209147,68.71706687590657,8.532037392012228,normal,snow,mixed,143.33752979159752
75.77833111985443,24.560917718561917,37.82490623885492,31.930528304273956,1.4897022936451954,28.11927031106415,315.141827911094,36.728486097231865,normal,fog,highway,265.9287420181899
47.800990386609655,28.45627648105378,34.33631915724946,46.081803567262114,3.9900775935222614,31.400530641208487,436.87304920425515,-83.28025267360664,normal,clear,mixed,176.75875742517445
62.0523786804886,33.78734468289099,-1.5266645555780247,74.79107708313593,1.8222992396982174,32.72516200790127,37.47667209738037,85.91936334855032,sport,snow,city,189.87299763892995
84.9350595993518,19.391191997669033,13.660751495905252,52.80397836048064,0.7994868014696904,30.223237979616492,278.9616365423321,4.021954543426148,sport,fog,city,325.49479095021917
82.37490084854957,20.66789441294857,38.564811371427275,47.09338130123099,2.0205809077307997,30.075310008686195,57.49976332991197,29.091483463350443,normal,fog,city,354.1982904327175
87.97808651857301,40.78303748500653,8.618314911430133,67.76743204787937,2.7765577864352875,33.426670637673524,13.497995877600976,-64.35145038192927,eco,clear,highway,397.53847744983875
15.365559281019312,22.687647716672178,8.578655425810002,29.020199394535858,0.14792091819006925,32.81363427724456,339.81767697041676,-47.11306200891454,eco,snow,mixed,70.53433925113694
72.28454977357703,26.405849939255326,-0.24848841054228288,9.468392710149862,3.1382090072008655,29.337174999944878,340.92480593608195,-75.79975666375952,normal,rain,highway,239.93872779940563
22.59886390495866,41.13815552850351,-4.283844294043739,2.929717778666654,1.9755037650739466,35.076007706121274,300.329022498181,-47.200255629222234,sport,rain,highway,59.329881842721946
47.42367112165699,34.89443488199468,27.01523953779909,30.151099616055248,0.04862937565597192,33.43980856128856,429.6114019508986,-1.5206469416402513,normal,fog,highway,177.26177780941322
59.372957354921965,25.251356380250648,28.501523435075825,10.991044097336244,3.3694469947319043,30.900609993352067,40.43821989673918,66.72591989145926,eco,clear,highway,244.934048895923
46.246553627214766,35.510986371738625,38.45064817514999,40.360876622492015,3.561938177813241,33.468997519929204,52.630130849379675,6.744683004072698,sport,clear,mixed,142.22060627835594
56.76505082227067,15.590496461442411,28.67091054526815,92.75202484317067,3.1441989427934143,28.901224694142527,432.2677189897236,-51.10728035378078,sport,rain,city,191.6275098928905
99.68736779187573,37.06927980034096,2.1676247016799355,85.95531965842059,1.7096510879921112,31.74604899659245,251.63835994313155,-91.0757850218544,sport,clear,city,389.79810931923623
22.169558234156924,29.610481215487184,-7.994171085574227,73.31131473456345,2.6480242703298056,29.351875276476473,136.52640441911862,24.393967181400896,normal,clear,city,62.41748040841486
70.7910440802783,39.395464418533834,39.27186921848301,102.30002926553745,1.935788530667177,28.331449969027492,369.07848899264366,-15.968020526670387,normal,snow,mixed,242.16301224921534
45.64008697470537,43.63912956019405,7.022534777180287,33.848114945313206,3.503108650798472,30.706610162306397,447.201861302201,96.870773363414,normal,snow,mixed,134.6218611993735
21.970881901659588,42.77365648483705,5.598577121621037,106.20645036359588,2.917900931168443,29.205883867846268,344.8016431014811,55.9519770823386,eco,fog,mixed,67.26470676231057
24.286308703687858,42.277951303660224,35.29776048746913,47.9087003603015,0.40899556913724877,33.0681436556306,395.9662983392245,61.67256385467388,sport,snow,city,67.75744702663219
95.43457956210553,30.365098678016615,19.254994927249307,48.10719819199519,3.215467791094987,33.392543152141684,141.24862009759624,-97.55299542392063,sport,clear,mixed,347.78215246081913
89.16413470405858,25.80426342416814,0.7435586924567286,48.64219363506258,3.4361920716890078,29.189538449812826,144.3876797052712,55.55906658081142,eco,rain,city,418.35982625119465
91.63377643735197,28.951059741920183,34.45481213581198,11.771323948917773,1.8535109030734969,28.19690404482741,432.0619401773162,-61.07733786490144,eco,rain,city,447.03238834963366
99.23794982446479,35.69688009940082,39.668042752737165,117.05885979972669,4.378928904798522,34.34248449308129,307.43142432760766,17.15917445766118,sport,rain,highway,280.62962571420724
28.748385100766615,41.5199333061356,-5.666071942458464,16.6208133390191,4.215071774224813,28.016456165828497,117.08137583686823,-10.515685536856267,sport,fog,mixed,70.79198908823146
41.98954036276555,21.209589090003586,33.11258141512436,40.906286936302145,0.8758326194986893,30.75130471347031,262.0809077311061,14.320770115535993,eco,rain,highway,176.53092287591875
70.22971269323801,42.54579475385109,9.5257848842197,38.31603843921086,4.521331542429342,31.95666638436536,342.93023573612464,-73.31129411540076,normal,snow,mixed,239.03606266420272
53.542228587458254,39.45540695909668,16.203622325335218,8.961531938005155,2.2043618574753876,34.54913750830746,109.274540625394,-8.62166371777073,normal,snow,mixed,188.984001791556
47.65505800405002,44.36568045534704,35.74079878824904,18.2712156134252,3.618748263171467,34.708469141969125,327.45320410386796,-92.61106280966737,normal,clear,highway,159.68205262639393
42.20301244020337,41.407553198450614,38.66895978875586,5.383000342246298,4.07048503483618,33.799515524883645,21.072424908883892,-91.80013036807384,eco,fog,mixed,181.7417121689025
63.4402568749107,23.3981198907572,3.1081955204399687,35.08853922726161,2.5255621053484494,29.977580980319182,151.8458115020806,31.54762615481397,sport,rain,mixed,208.399422155415
61.80340857760738,18.178677340321432,0.6425385479956898,103.99883088346878,1.9955096968540786,33.761495474553364,336.9859058630574,90.33967469443598,eco,clear,mixed,286.9604610896734
24.531205065781606,18.367232159747658,-5.974172070424407,40.73306468848614,4.577256843075491,29.972313583015534,74.67453274495078,55.47858374095662,normal,rain,city,60.54473173182476
52.45658537665952,23.73669955734828,18.0898926331069,14.843019848085506,1.154267764677116,29.716865533853614,111.09951532124946,-6.168843885804591,normal,rain,city,223.28288772125472
59.81245985888649,33.425511719536175,-9.319780227466586,77.48326420607016,1.2848503885957223,32.37702363384426,439.5466451791947,-88.82585198152542,normal,clear,mixed,239.96020468121614
61.325824485825144,39.129609782915175,10.59491488049683,119.59210944658926,1.8081015700671854,33.4308355506725,337.1605497158042,-90.99597010857916,eco,snow,highway,214.5935208270949
28.909647362111663,41.97750920944694,-6.330799167399572,27.878854743831308,4.297328889852828,28.424414127293446,249.45935512833688,-68.42154777838837,eco,clear,city,106.1184590313411
76.80442530270581,33.712601531076984,10.261289146466698,33.54852064446833,4.693941321065379,28.480180808996867,105.44669606372614,95.16210078680533,normal,fog,city,313.80167767084595
12.267918533896268,15.168939382441613,-8.003390536719536,116.62164651369463,1.1003385737743092,34.27336549453432,170.70482829112905,-20.26778671176737,normal,clear,mixed,30.950617477594275
41.934866998884644,20.589503295556007,31.760863030438443,21.453154506058457,4.319350738156227,34.87597800772384,287.1652491436796,68.681458374529,sport,rain,city,120.9645207103158
80.21913836820701,17.991786115601037,0.4869496969282938,61.34568809509966,1.2910147973428465,32.835527330735154,77.65629695233423,41.02848778971941,eco,snow,highway,308.83480413809644
60.75036289498621,25.8997342670703,6.415435517895599,28.758255961931386,4.85320623374944,31.43062407765509,240.87203994909444,21.085731843213253,sport,clear,highway,175.9247518208597
33.504618925977425,30.040529809012376,33.5023998303196,111.88222774814926,2.9870394599079115,34.762531836793485,204.4871970690112,89.56522233074833,normal,snow,highway,72.78375895350285
72.54578074087429,16.301915357356826,27.313303066610253,117.78252174915528,0.03543233723691197,33.83053626220264,238.34367071380913,-53.917685876195605,normal,snow,highway,247.031237121583
61.0651849740466,25.45433927386966,0.9519180821029245,97.76374153440185,0.17064952035588943,32.63675358745015,52.78041064014971,-9.022067506169279,normal,snow,city,234.5555561786646
81.66192485107484,20.375390238759678,-6.405029067125198,37.77405789753727,0.7374226540235423,30.558056975590105,53.24854352251429,72.94459313491907,sport,snow,city,264.5754000370888
76.1522667570841,34.41210498776621,25.783688842766978,48.4184970336606,0.9378657890937836,29.58396049325453,482.0554763731607,10.35226152844875,eco,rain,highway,315.87882367176496
64.90971298326112,28.9281710797302,9.535127534405465,29.076682039970564,3.838095614132983,31.349384314172127,489.6838668623843,-50.71097207477779,eco,rain,city,286.77991278551576
53.93599077797326,29.859529408017263,28.30399995591106,106.89095604107898,1.1138293820847496,30.29458060768169,213.0823289559091,-58.21671663154464,sport,rain,mixed,183.0525466551039
21.986391310077106,27.83075364100383,12.264738618760521,109.74699332257897,4.845708100249299,30.71406870187569,394.4977268254187,50.57620020846022,eco,rain,mixed,51.58988143777282
33.51997160968454,43.68059131459701,7.30012064861382,50.26447946952566,3.1805602860146913,32.12504844249626,327.89571346153843,-97.44222114958225,sport,rain,mixed,96.42602005173316
47.71895256253767,21.442053753646896,12.560270410619825,78.78396838836022,3.4625875462675886,29.352751655612877,58.458427309194484,82.8384154805766,sport,fog,mixed,155.25243573057935
63.93693583057498,30.499927795316232,27.427949283533835,19.866381572963263,1.0890825964260376,34.449413440590604,148.3393286673489,-96.3164023769594,eco,fog,mixed,323.4001393362633
56.23370696937744,37.08052105096008,35.11101432701871,52.19230804360908,4.463531570475424,29.16423569371814,156.82570432226024,26.197809376140825,eco,clear,highway,222.92986322061117
35.93660733635765,31.705332394036876,-7.511640170571223,75.77989280081971,3.339072864099657,31.84794911536762,297.88721742961195,20.949592288401448,sport,snow,city,91.7291552730351
10.581792201073949,42.87062657150403,16.205577061347757,46.24837422216235,4.3220281217093195,33.96777070464349,289.988356157235,15.682230210956206,eco,fog,highway,2.2850281696517527
54.66152997107326,26.339050669238524,-8.35822854580612,42.91194308237519,4.782405486156135,31.88016566151677,461.75434685137776,-5.131389826648885,eco,rain,highway,188.5073506829237
35.70633897060188,28.91027417319534,13.420477251217935,0.11987907203311998,0.6282048855479822,30.88817650870911,395.018156988137,70.48606653772222,sport,snow,highway,97.67452224243115
76.11474706394816,17.655669456441853,34.26414145484502,96.51521565325369,0.48293615134472834,31.79913044658201,428.42383230148687,31.86657405809686,normal,rain,city,326.6011494095421
12.155163874343515,33.26997333155785,8.079513321015483,106.72051344257379,4.017039132948178,34.78936559099312,445.61430680550467,56.372456299878706,sport,rain,mixed,0.0
62.634503017521176,23.64635905344318,36.62252105403216,116.33562354549986,4.3306302954708515,35.92345358627166,400.63833627749017,-76.89563880416203,eco,clear,highway,245.1337793104107
94.73268137554588,19.809271185467065,21.53042358253047,86.31256620830587,2.9188071043899284,33.049146314315486,166.44063052855384,-90.02027250851152,normal,snow,city,346.7670881511787
25.696834040034958,31.33593878713524,36.70776718965032,65.85507748438614,1.830002738752603,34.347552341189605,107.50648566725002,-94.29429821404428,eco,rain,highway,98.3919930824952
52.448454167553585,30.96930790139732,27.858331270625982,32.31414237704512,3.2631481803761186,28.11590948927431,285.8836690105235,-70.55880290528145,sport,rain,city,170.63511375004362
18.227979263542437,17.276149236721427,-4.828241667561885,119.91593711561981,1.5283203629622866,35.04291527619658,344.7841582266594,33.40157805088316,sport,clear,highway,34.47932914493151
66.31137210352173,35.94646360483418,1.557568378133853,70.77034254385266,1.1919284607673408,35.632398079423346,193.2839844815829,-1.1956488517658386,sport,snow,mixed,211.2918001770384
59.547851253660305,33.71316571952559,9.70852272917531,81.73848867965354,2.4407260476363275,32.601354734060564,424.16932498225515,50.450451232414196,normal,fog,city,239.56641336829477
46.66289717915491,20.670518482394918,-1.4946558993961983,81.88873943463813,1.0807691380318984,34.030438896481755,480.2832964089917,-61.6539326515785,eco,snow,highway,169.84717516290843
56.923931932636705,29.083045864621315,14.745580238833025,101.43021549086177,2.4185180415758643,32.1019579436806,284.697863068676,-26.60739160590768,normal,rain,mixed,212.65090821417877
90.69171926221091,36.6096874943568,13.56840778507453,1.1607046616303052,4.78303252731786,30.289629923644718,228.29603110810913,77.699509709909,sport,fog,mixed,298.3564530988048
27.666487207996035,30.883072216238297,37.81295990136906,26.42963285176462,4.1989201780869525,34.8179837758641,421.443558471259,87.14290920570667,eco,clear,city,93.90168911668434
12.030806053481252,26.864672285507105,11.686394144798886,79.86408002040167,4.708154597500112,32.774693695967535,12.134773494693329,84.34583099783436,sport,clear,mixed,4.0004356176848335
87.54983962291908,24.670153742428308,29.28134021439989,107.41748841894814,4.031644874236793,32.63506467033125,64.50630791712403,63.661008840152505,eco,rain,city,406.46347112571453
61.94053741491158,33.31181599932161,37.09552724257399,82.24065383056275,1.7737546797313835,33.27305763072965,422.8288295031339,37.6471757195784,normal,snow,city,223.88603445793981
90.15926099156582,43.17326094930722,33.849441548699275,49.618954979241614,4.060226192757796,34.84802532663079,366.01429282399624,82.73557880549274,normal,rain,mixed,339.1281896824226
63.72507010718553,35.1523452143245,0.43338122557959124,43.38665950443139,4.61457871776607,33.85524900616772,208.06834910216298,42.83631836652782,normal,snow,mixed,204.9168198411233
82.91449809637322,17.242377109089464,14.801494712677215,88.55376099399845,4.735178939185272,29.68899355372596,444.4259288622025,90.78724974509876,normal,clear,city,334.8952152364791
48.67060270196332,28.820549204464015,7.386989114796286,88.94852365646321,3.415989253424985,31.734588355258555,175.72914382269354,-95.04233359262231,eco,rain,mixed,210.43960377161181
77.48739381594419,41.72472394531883,9.992934756860777,72.84695910068284,1.0568332190755658,35.84238665588965,316.9226789334587,84.3284171789154,eco,rain,city,374.5088390111128
92.17373202008704,17.833872774032606,8.040341312287563,34.97604289168044,0.19864576682345425,32.4364857101022,317.167235162958,11.14810722787496,normal,fog,mixed,398.00415308695904
61.49106673499857,44.6662713641263,31.317960508750204,111.01857820686523,0.7360011408007788,35.50596282776639,92.1659463071181,-77.64044963590834,normal,rain,city,268.0332435832077
26.27066355061416,43.472081809362635,12.606952756122372,66.2255930542367,4.827734589469727,34.50695589050445,142.425868082029,-57.017746052541064,eco,snow,mixed,78.14124927092452
34.19178535271784,17.348234421896276,16.18471661223441,94.85908274979967,2.310484120963847,33.32818753447007,458.0034613480429,70.43185678298272,sport,fog,mixed,96.50582859545378
27.87801192076652,43.002399613486645,39.12236785235373,25.716991459419795,4.274930074160287,30.794921621278043,91.70742689670853,1.2233909693031961,normal,snow,highway,69.06909027607244
32.21713248361596,25.89397770778387,-7.0010363904241775,41.284894633767344,2.3252207677914556,30.434554780203513,86.78731092381226,96.5635446990473,eco,fog,highway,116.43223017432922
37.57739044159327,40.34127501227587,14.397881989537439,104.94954196648109,3.304087917299197,33.1473685223807,239.807736866937,-76.4937780990058,normal,clear,city,152.7189319467929
59.96204080778696,27.551500131398146,28.7030853473058,6.012843592796209,0.12070388561166823,31.460489926771288,46.09868411892049,-17.49930721997417,eco,snow,highway,228.0982903758259
62.91924665174495,28.225653381075475,-2.4419020905886732,61.47783735079945,1.2493247135968337,34.39002898253382,447.3130944921867,-33.62511138384798,normal,snow,highway,205.8111155149079
48.3849772517675,34.02729272932628,20.576579730738697,57.804657581281084,2.1813464002129463,34.083653916321566,50.07456915623554,3.227087212984344,normal,rain,city,205.3240832929249
65.38787018387518,38.2343225782795,1.973238976723339,90.14762266896986,3.153155235770816,30.497043893908113,308.2787384203972,26.687563773943708,sport,clear,mixed,223.88016002542633
17.341743305022934,16.01367452844746,33.370205661228376,33.82725247191989,0.8576059402658925,33.62183026449409,169.89092822265906,32.325893876330895,sport,fog,mixed,50.93452829637098
17.900941335234396,32.79467986581403,6.354983270003963,26.288018623151935,3.82275732135245,31.956401520777472,402.1364427355169,-99.74082401764439,sport,fog,city,32.455891860950786
25.46465143218926,20.60198982292113,6.453140845045478,111.13594065278805,1.8220235306811867,30.586336806511977,294.9053728837693,-82.20791324368642,sport,clear,highway,77.47059564411782
56.62697482363103,25.37848553589609,19.909693925894675,68.60515823501578,4.087176346169422,31.30373274211712,194.1530705397191,-92.98723326880962,normal,rain,mixed,207.23955744863915
29.25952108284822,25.439059984656495,-0.8218545940045647,12.56274819403854,0.48984545197533647,35.162814937698094,491.93649227240536,72.91982927965546,normal,snow,highway,84.96830255016161
35.49559631433196,29.07181020663461,4.2444319451530514,23.164339465718527,3.3987829384118595,30.876141536980324,33.11549423276533,-37.34154936806888,sport,snow,city,110.80194929920086
46.028155255569466,25.024092356285202,10.831592505970576,119.85912714170979,1.466641666032551,30.299194186555663,288.89315161533835,-26.587311624727135,sport,rain,highway,127.0541370894668
83.06795116093419,18.220833553520034,7.6818931570055184,23.47307955026309,3.9769158706130896,30.8144577656811,494.7841557720225,-9.925750210661462,normal,fog,city,344.60102357218875
11.24759223215741,19.368862155763544,16.24386090027912,73.25706136244145,2.010852135212053,29.716947489669533,345.4763216065085,69.86087945071515,eco,rain,city,19.82955203632409
68.44409382129601,16.00313956683293,19.982007203448312,50.41536947947417,3.3267481613178322,32.35707989917063,369.8848158210965,-97.16674780757302,sport,snow,mixed,194.8679744995098
70.19888779366168,29.10747255986263,18.33337268750823,106.27189138198024,4.671526343182367,29.179491490580258,16.04557228974296,-76.27634512402992,eco,clear,city,333.06875740948675
81.87902023209729,43.63343084558966,22.708415599596613,90.62023107543934,0.10313316006882178,34.53955029149533,10.681581548481201,37.03262442818007,normal,fog,mixed,357.69204949587095
93.94776451542819,18.470256709443497,5.387475830391011,71.6341675514179,0.05558391167186816,29.80464197796501,18.055055991096413,92.77850454151942,eco,rain,city,478.14005222718106
11.812406405436084,43.38793479009246,-3.6786886422485976,1.2886778157578993,3.8513962608835675,32.784440220317165,495.86195108811603,28.557284259401513,sport,snow,mixed,9.074577695619029
23.840533496189458,37.00084544196281,28.040377071553856,105.57542489921515,3.2319652575403905,29.00020399135915,489.7598803704257,-47.77530630649536,sport,fog,highway,46.79312968332429
89.75541646503937,34.124964088024896,32.5390191315341,53.36009650064595,1.4648986025221633,35.82762518571461,167.25446288213092,3.9728857573234677,sport,rain,city,324.4580070038764
51.26667059683138,34.35833265970689,2.8503116111216116,111.78931836222918,2.471983513871312,31.636603671149178,145.49090813291443,94.99609511628685,sport,clear,highway,147.81715964466187
60.81315750401171,39.801829451888466,10.354597807900987,59.464681542504145,0.20967832799434372,34.57737072607051,72.97937275892214,5.6153093135581855,sport,fog,city,237.8238890653678
69.67244833508326,18.207595931394643,14.928460848177764,83.30693870192707,0.9622280268062039,34.14918268519987,164.5701495823792,-25.298474054359517,normal,clear,city,317.09880696618205
71.11599440460736,30.142629706966254,16.66634213764682,8.315117935997058,2.1224818726358374,33.70954437716543,185.07496527363514,-23.314889032255934,eco,snow,city,290.6732467131107
93.85663629848574,35.91273414782276,22.974508554382595,89.41819842321429,4.170222081107411,34.61891896963688,374.1414083795168,93.40670171834614,normal,fog,mixed,357.05152010650187
99.72544756705027,32.60461335220691,-7.919838332233933,40.559523757430746,2.398335914300424,28.803708869277646,433.1467764598674,43.783305346341166,normal,clear,mixed,408.27584502611796
74.81417148378462,39.98337213069884,26.073854136700852,42.163081719813704,2.9318125226298934,33.4279775797757,373.36755987069404,37.434571124409445,normal,rain,highway,262.45704691880206
35.84990882846357,17.168151270340545,-6.901449651029487,14.238701365126794,4.368768959968902,30.12661788219025,323.23755054778627,-53.58913566185064,eco,clear,highway,113.09787793177253
89.17771620649093,35.721031184974976,13.414428383643394,17.622857836824274,1.5440945679442264,34.286973312532716,382.950039044399,11.896927552714871,eco,snow,city,394.9845663031467
14.429882308668544,31.02083191154153,31.383556778459706,22.291086744745215,3.5034966055102794,35.65495007878311,369.2487395759027,-28.650960295537303,normal,rain,highway,19.584595513813326
30.79727675870466,26.374825919398305,12.560765663919813,39.384740228570685,4.308336293391267,35.211916238741566,237.87484686519738,-51.95969482921004,eco,clear,city,125.08077342244934
90.76471457173434,25.208249467020927,-2.5455125615876115,107.03638953307265,1.0130785034808838,28.919617779789327,167.9257012306789,79.1104572028209,normal,fog,city,395.4389357114377
33.05723629954194,33.62497898322579,39.251692250297985,44.19122858760966,1.7823908257391623,30.95641936538257,141.39035843879978,-23.368838247477314,normal,clear,city,136.9003836201414
29.858595365957363,41.729861239327946,34.46427310371316,86.92352478758622,4.899050869446776,30.914582057580798,339.6777297563908,-43.44256750572044,sport,fog,mixed,65.17640202695974
22.43127638262225,29.88527778303346,28.5656816612507,9.929700466784567,4.916092823981055,28.978370130876243,479.6520622226126,86.3440793216736,eco,fog,highway,36.48594216226059
87.32005818822249,39.7416949223076,10.575580144960519,70.93185591263911,1.1161496514696894,28.78500842677462,290.5273594678151,-60.53072070877492,sport,clear,mixed,324.0687292068528
55.0052433271978,27.064691455319025,-0.8077136555351103,57.826947752452746,0.3322291944631406,31.079121079753453,456.26325123613304,49.10095694330454,normal,snow,city,198.2741413771213
70.74038827487394,18.071833883795296,37.070559070925064,117.35495363454055,1.3546080565502643,35.93657240397209,7.11468548647376,30.549428892852546,normal,fog,city,302.25378252702995
31.51597456675267,16.845172093759157,16.61755632585695,101.54493238547556,1.9886597865184363,32.5515412085302,397.23532336800287,84.0968856744571,normal,snow,mixed,97.65916484650916
78.22363789100949,16.540031139710326,32.617773019374255,54.57957269263797,2.2050280046558184,32.97425302883405,426.8013289800398,66.40942751345565,sport,fog,highway,239.42452544761872
78.40049904658886,26.4045042587301,7.104750287971289,93.01713168544066,3.094031536652118,31.76815128014946,315.4969189718479,41.0590435879283,sport,fog,mixed,265.3940055442869
38.13382224174701,25.117132525075263,6.7644158539735315,23.164648955253302,4.497513800657732,33.29864441843218,467.0304996808648,-37.08566786058087,normal,clear,mixed,131.1670506301993
46.961436970925455,36.53811070867708,39.277024033701956,67.48035928701337,1.6517400595358123,35.65329664595816,294.9564964406498,-0.8861977458901578,sport,fog,highway,145.3094355138414
28.872124968718076,37.28464504754598,16.091652424742488,8.954286668244983,4.249922677496042,32.709583628915134,120.26845126337466,88.89915226943597,normal,rain,city,85.75566901187143
97.89049209906139,16.525619065012194,-2.965228806962685,41.77068387020197,0.46739460463313454,28.520307677769544,107.85861472409714,-95.3594738837013,normal,clear,highway,383.95309631841985
68.10423193525705,21.633697886670447,0.9837338997353697,27.103461794660436,0.2093734948660736,31.94312455334559,277.91813334635765,58.866364764007784,sport,rain,highway,227.4466714619562
94.1089492643964,23.227855504766993,14.097213969636037,86.2691778390253,2.5202259156173064,35.94201018601561,453.24196524810543,-49.637929909224134,eco,rain,mixed,432.0226815129608
37.30469892662198,31.428359524284282,-7.876454475579433,58.81088294572337,0.29831111665302446,31.099221764754105,36.183972877538494,-62.99661134124166,normal,fog,city,166.19163532624245
80.37018216972008,19.33545671720851,13.126699268915026,90.12845746176126,1.9624490061711508,32.751049897715774,302.1952561054555,-53.555077115536086,normal,snow,city,305.6979622651416
78.92727794962678,19.01823658200001,10.947042104006382,61.83545251577347,4.483890584346172,28.853094107430536,384.9017364910123,-88.04980170063057,sport,clear,city,275.95656776609883
72.24900866798873,43.31366667623874,28.966813265974345,10.378133058196624,1.2074151810373668,29.129443989892536,57.70103481178457,98.39596485723357,sport,snow,mixed,216.43224253087206
96.90750777401203,39.12608721893343,7.747098224462089,88.24411796790321,3.529878875624516,34.9974516252317,58.384845356006466,73.97382864502899,sport,clear,mixed,347.25708140891203
45.4199802495684,20.41964706273511,39.12743807697997,99.98751167853668,1.5118269619503344,30.402757026012893,183.06399833479404,4.211193726445472,normal,rain,highway,150.93134645352154
21.764559123078158,27.19703423716473,-0.9615040349548423,108.4237471095351,0.22460027621067802,30.443610186836743,136.94058677485842,43.02063571141838,eco,fog,highway,87.41781804094425
70.45379733196546,25.668659977726968,19.549334248406744,68.63903343680498,2.783452907051547,31.097703968018624,99.15707944684488,11.31907258470153,eco,fog,mixed,332.92611929769964
75.63788204294856,38.73012222196222,-5.515035149587268,90.43024307993942,4.174267452683758,35.73182938323618,99.34708680567262,62.31578889016646,eco,fog,highway,297.9189996890585
61.75545161129332,30.30638749434366,26.6931991996991,90.24532042591525,2.047342241713097,28.67512396829501,65.33451621241792,68.95303831140228,normal,snow,mixed,213.30441146377723
28.613610382005664,18.83549210980401,39.73768440309858,18.68997117587332,3.086469132290435,34.55011282041068,305.4270065409762,-53.44191436935974,sport,fog,highway,77.02707190190358
55.40103475024198,37.16976189468731,30.95693188758161,19.70648249514849,4.500117988288629,30.73246301172789,344.0628017920435,-8.050445869950849,eco,fog,city,241.89586090674584
38.09707629122165,26.906639346747568,17.785177036015064,8.506260697095133,3.948472563684939,34.7957442078838,351.46811343952226,26.969546837914194,eco,snow,mixed,118.70261734039173
48.471987535002015,22.88772742896441,14.237067869984603,38.38963621683617,0.9693819969640965,35.93404519603634,266.1769880693031,95.688166121655,eco,snow,highway,182.90401677792735
68.06967182601974,26.264958660621605,31.751498063342346,56.82103052892774,3.666919796825029,30.789339281693984,476.45313483278335,36.53787581923294,normal,fog,mixed,253.0783622463748
77.06932684217512,29.932696908206893,36.79870423553621,119.74774233050603,2.50946512580076,29.03485092969884,440.26638879503287,79.52700214883146,sport,fog,mixed,252.14736916287305
30.90022218112088,25.293465492510283,39.46032628990465,51.719201048180345,3.7298340394304237,29.155003983863427,478.81557133314,69.22241019741753,sport,rain,highway,58.01307490561991
46.4792824582258,22.257173177752733,9.826961378224205,87.1491106208845,2.472577752611091,34.06992712759349,194.39773906358897,16.412612735712813,sport,fog,highway,135.4936985576384
34.224541389246625,26.95506086411941,39.545873739725614,83.20764315270415,0.6397908205415143,29.159372418705093,438.8915799775123,78.73107201237778,sport,snow,mixed,90.36691792292785
27.87684524756822,15.575187322496948,-2.203687391308425,24.53783403006955,2.849547233446196,30.083372548277094,381.4373497034419,-24.51565443495312,eco,clear,mixed,105.31670564042439
80.50484979962546,38.174935382889416,2.67748879659546,7.020858173932369,2.4606699619866994,29.635186749296636,169.98645151700654,-24.143293910337718,sport,fog,highway,248.84511602046268
91.83274249932931,20.128346807027576,-5.54919376330519,65.5208101840305,2.589608668207209,30.84542851224786,53.29662925210965,56.193128648533786,eco,clear,city,471.12175446045194
43.32089671161191,16.317138408919117,3.5869258242240836,84.03667107773713,4.394512268229351,28.5949326011975,341.31062494840387,-73.0912668729978,normal,fog,city,155.50680305982354
77.61510319363902,34.61096078715238,28.396877580900558,119.79021482235072,4.474185233531257,34.85393985925806,68.22616206094018,-38.83495650831621,normal,fog,city,322.0919246831795
90.72957604279699,38.21808386471017,32.64621790892249,43.033326273740485,2.2676855338285917,34.88117049440795,146.88790350055604,21.71449017466847,normal,rain,mixed,365.59492334013987
86.15117894772084,39.414873947785296,28.94463225512859,107.56374744973161,2.278660206400442,31.303463187861517,250.18228822189366,-15.986880226610282,sport,fog,city,319.0903786607783
26.453204968530333,29.805275479818,21.553288908384815,45.83189470430237,2.57593479436308,32.8967005521878,339.9412675742365,88.14474197764571,sport,snow,mixed,50.930845116938904
96.06626933620252,21.16104554069956,15.69832562613228,82.72940501166154,2.5979463916712846,33.13561256723444,463.11382859865245,91.70121392382731,eco,fog,highway,397.20050289779635
43.900879638651624,37.1168303174948,25.435214460682324,71.79035166204623,4.751935720895563,33.99406492276743,296.6200224244983,0.5162617627578356,sport,clear,city,134.77064885303972
40.531659505645266,35.99139231463012,9.54167746336109,6.35745519631163,3.2470023368874674,32.16552070035241,335.70654983604743,7.812378073136259,normal,fog,highway,128.64744788011174
15.61881945500023,22.388122023095196,32.06541757498509,9.406611236431019,1.3872849744397198,32.082688363533485,155.00692507548902,44.92541836475422,sport,snow,city,41.819925324061494
53.75562886943947,42.10223267588379,23.859504698839274,2.491690766935317,2.6576839847699496,33.050430218625685,343.6463082142694,-8.547014953165302,eco,fog,city,254.29934883557368
19.811225407683583,18.13114374248487,24.890234924720424,44.50009015127874,3.1361179145399145,33.62438716535902,218.89506036503724,-61.98030641190464,normal,clear,highway,54.908502601124496
32.36858388346834,44.48064718773977,16.79679965645356,89.49612585192129,3.1988586050698227,30.773523016234016,428.4655914418869,49.39383372458616,normal,fog,highway,90.30412623882846
38.52483595905532,40.80743432932394,34.26144921055863,20.730647278886725,2.9262711311909135,30.64296378615052,196.22525695073716,47.557177870599645,eco,rain,mixed,163.07373325891905
82.79436911425157,35.63695936437226,2.600736683952624,72.70235620606749,0.8886807731076868,30.157747232767274,234.13601082827844,-51.0037793216441,normal,fog,highway,320.2017145521001
88.79397853563069,43.162496648394985,9.057382668052536,34.65933360372935,0.1679659453975374,32.39077244250199,216.29387845512892,66.58330395620152,eco,clear,mixed,433.145725521747
37.22196857153227,36.669335049711236,28.88212848388445,95.63911487748865,1.689215261834272,30.881245516446178,405.56141715369256,22.729839284032167,eco,clear,mixed,165.59745939799805
87.28283091201165,20.71370991090138,14.637444806466885,95.80753788035891,2.137610772801268,32.32250614166105,476.84959850595266,-52.73967793692691,sport,clear,highway,282.41031396434647
87.15078436328119,28.26468414338435,34.460700671209544,93.04974179597083,0.30902119788043303,31.247878126615372,163.638150491637,30.407828833740837,normal,rain,city,384.73018489818804
78.81858553463861,17.14509072994906,7.3199659881426165,62.98002165616521,4.0748366900992306,34.69387346042129,237.5139503810384,-53.27809474188785,sport,fog,city,281.87631917096195
23.202560261366337,26.689722668643462,8.466508440982238,34.1480052095822,1.7203871875513688,28.585041917963686,352.96313334661784,-46.95340918399644,sport,clear,city,69.81280560062721
72.12905622106561,37.248090592116256,34.436789469331266,97.13328526543614,4.568163730892524,32.5776847488374,447.69081101736555,69.60186136063123,eco,rain,highway,268.7310890621837
95.05216581225119,26.59330052792452,13.218516009102053,22.332067432708982,0.7720505392113258,32.604990004697584,246.85034842301036,85.89831384796378,eco,rain,city,470.8773898626424
71.42864308904413,24.908825264044022,15.806229210124336,34.77115224343872,0.28467478468656715,31.0697384843096,54.44675411336364,-48.623468328357774,sport,clear,mixed,276.4285353304004
39.845516419705056,32.860671675309355,6.63818576678397,22.073724739274596,2.411580521931609,31.368167156505145,184.33569175066077,85.61020741703715,eco,snow,highway,138.96364997049457
55.052138568774815,41.16613586996685,3.833497108954095,80.90521924651772,0.9456466841285333,34.40105088706343,275.1809427200565,-52.2402306995293,normal,fog,mixed,230.12964983628066
68.11525390159483,16.427495776383374,22.797435541919597,82.34832337389817,4.686996377889306,30.245389682082678,208.7623029830163,-76.54652689148287,normal,clear,city,281.71340111071163
55.951336785565324,26.564113040992062,-4.007966922939806,78.30119913441037,0.05151699226869477,34.9712303314093,93.27786339403504,-88.35522438574776,sport,fog,city,224.2096838721641
20.795764755787282,19.74722225445788,33.96363205914546,49.87217602376014,2.0630983752951746,35.17074643307755,18.494747671608746,-51.57735183347334,normal,rain,city,78.72554308054355
38.08576401868186,35.86062752195609,28.960156838255394,12.020520864171989,4.6337388567258415,33.204954435217566,343.70433303994747,-22.950691864552937,sport,fog,mixed,116.8099181398124
82.21564274982693,18.171736812934046,-0.4625868147098604,109.34035014180255,1.9220910336488417,34.182861709664785,496.36859538857124,85.50967602186094,normal,snow,city,302.6370049397926
87.52762414859657,34.944232757407335,24.70099729122827,60.92771568146858,0.46554640300230377,32.903580226835906,459.60331694830853,-51.56840005879426,eco,fog,mixed,428.6652757428158
22.357002944401323,23.585426123937218,20.131646064281743,48.83666338933098,1.5144747143089354,32.202072909972735,341.63545543040675,-26.906931009821335,normal,clear,highway,75.61002248988189
95.71480771588521,20.96750441211674,-0.7732474631677952,70.65898718979518,2.490051969172167,35.73342203400183,420.7649042582146,46.83117494871439,eco,clear,highway,418.1792733461946
39.59403560637484,43.09057673474956,3.6601753025116235,23.1348522982927,0.9257584367166655,30.261239713819712,127.86380923359658,-39.585182402543694,sport,clear,highway,136.66757352914703
69.60823648576479,15.555737302378676,10.44932518669172,15.905853492584928,2.3328085257163096,29.233207573144895,311.2172180392232,36.87363033591612,normal,fog,city,293.0711667537587
77.6642631361013,28.133318156687068,24.962136762273694,48.66302657495323,4.181715978929187,30.299882905140123,30.30210769948272,-13.584436150299524,eco,clear,mixed,363.68222256443477
83.07516111740951,15.648809773853813,21.936170440850297,27.266483291989264,4.363089850983065,32.91700486703556,353.59196365622887,-60.71100946816554,eco,fog,city,399.1509248337836
95.1174732003337,29.507791443129868,16.611742383834898,29.314835344459745,0.24630367355366056,29.48146750480915,484.9361695121343,46.81178019382722,sport,fog,highway,307.295773095351
38.162759322594034,30.031421333832547,28.420527155701713,107.10137853342353,0.8045167902628675,35.270512345810516,430.3986536089295,-94.59223332866318,sport,clear,highway,115.22862582666693
87.26558090963991,24.64987414184241,27.896886980308295,63.691101262298986,1.3764506788340207,31.28819520532314,267.2204373858187,-41.533034985404214,normal,snow,city,340.19583258738
21.851821309258632,18.96485332575071,20.892957703112796,58.01628771880213,2.974329254438009,34.79970302633475,394.3701096563883,-28.76369216632426,normal,clear,city,69.92532474297779
73.45368157182335,26.29162613203426,29.349504169241264,82.73755124743168,1.8049737939623356,29.993892356230532,471.9494049740823,-8.356349002472797,normal,rain,city,318.31488778724383
76.77799565625872,35.16788819797698,6.713168738960459,114.18577364120875,4.220204567230377,30.50534684066198,108.00878896960769,35.973846395227866,eco,rain,mixed,329.86230338324003
70.99509170811885,38.471874259333774,34.06247641613028,13.46382773646769,3.5833593414146883,28.473787177379972,396.629256488689,-8.119001162792628,sport,snow,city,214.972339278654
32.70832625216377,30.92251807164427,20.74550429009704,100.02414805311086,0.502280115567541,30.062141537484592,134.92347898442668,18.864822457243264,normal,rain,highway,112.27398695641118
88.5738832313683,32.69503183319267,31.118175690621527,70.0823015841415,3.122787512560456,31.92251055170641,438.47371096983323,19.15581568356346,normal,snow,highway,283.874350388299
25.19726170333555,21.01849113373958,17.313955239514197,17.53984245742047,0.5650631267348921,35.56909534178594,49.177252845072736,-25.345670020798465,eco,fog,mixed,124.3182253450418
14.827131236874775,23.619909996829485,0.9219122494340191,35.657918242678996,1.2751783481823002,31.111223791131984,89.10920943492073,86.79425315093968,normal,rain,city,46.60949291803012
74.5718491550721,19.856868301570753,17.12050643391543,57.883369975768744,0.8893531676711403,33.11795103586677,360.30823173590085,91.17076617528855,eco,snow,mixed,306.86843224969437
52.79281437094603,22.47886050013834,8.555583188829406,82.94125734929075,0.8653097460035247,31.421680939750303,87.38875193162448,16.37017681889317,eco,clear,city,267.4733486320574
86.41882179628085,21.746603406765953,24.874951801854728,29.112842034414264,3.081977623884296,28.37433480614353,79.02715095152219,-85.66182394091362,sport,rain,highway,262.85220951174676
44.505742695243306,30.58346359173713,13.789689586736788,64.18545785611079,2.8180246127708077,32.02826100717362,277.733438699436,-1.7744871488128524,eco,rain,city,200.31661932550605
25.145072965694155,31.880662673721883,31.805640246384385,82.16059528990341,0.8801407639386344,28.527309173631366,417.4936188545354,-63.11613464119856,sport,snow,city,65.76306249525034
85.27979732228827,43.34842262464514,23.903625616095837,53.848890101700746,4.950864027092159,35.06959939678029,134.23371263731454,-3.3570956254192623,eco,fog,highway,350.5773907483844
59.40186684760645,20.867119413045693,24.227221651566197,103.5631153344211,2.109183661841469,34.024295695607314,420.56909135274253,-62.30336910029164,sport,snow,highway,155.60936566569723
27.027621315131938,34.25027130484488,0.8577666745532486,104.33509234084853,0.48534664077468315,31.02921177001893,403.97669827298733,40.771049129776884,eco,snow,highway,91.19095680736797
74.83455987278012,39.517778069625685,39.21248832456452,56.48294611685349,0.6028450847755756,33.12174932953032,289.55270047966775,-83.9141759867315,normal,rain,city,312.1991547608323
56.00022746405505,31.807243913491575,32.083760463574436,116.75108524906796,2.9194685686329738,28.896225242506656,323.2813768436351,90.66081527918482,sport,snow,mixed,150.70319123158467
64.38816840162877,22.65010957503227,29.450244228034734,9.070211088653677,4.8953470169173645,33.62043989570121,20.220593305954104,-60.924822113329455,sport,clear,city,220.42391505599355
51.48085043859237,22.876506900600006,6.510761258001374,0.40348539875239453,2.859755508095989,34.581859271931755,183.56777915185663,32.131267209849085,eco,snow,mixed,197.4912795095206
84.58380854362058,16.177591592129996,16.781582642361595,45.680191656470285,4.745207383083186,34.57396518830588,131.69746555917627,83.39247014589787,normal,clear,city,341.5353786788538
84.6606444114745,24.16332679645445,-3.1448405962835677,72.13164736470111,2.220664253790134,30.274220381525247,75.00193036373621,-50.42273720318751,normal,clear,city,373.42413258025385
73.84499396419477,37.338110370101404,16.923798833135297,75.5040188939593,2.1792055182600603,30.109969562214612,194.82966457849076,86.859379807426,sport,snow,city,228.57298788258225
19.486123965681607,16.42553271621331,-2.705537675835636,57.17348835525943,2.500036796579411,32.171181503221426,177.45209817371642,-22.265066867945478,normal,fog,city,61.34860128165748
85.4968475713662,21.57885847514492,17.65189219948006,14.98599758887754,3.487127290777776,35.742177295438786,364.4458390648635,92.10616345051801,normal,clear,mixed,348.4751262877447
70.39116824796189,36.18697495595346,22.436094007745282,20.459702614547307,1.8380798322566632,35.36418382084868,299.04817023837666,94.2727716269051,eco,clear,city,340.66418491976657
72.73217494038695,38.4795468846863,9.509798362495118,102.2577580622411,4.319430163394785,30.877107854047853,456.55003440100967,-62.38401898615204,normal,clear,highway,252.2254562850818
42.66845563634845,28.65955230185785,14.927243916564663,104.14933580871136,0.14640692384073117,34.238636049464354,72.70379152791945,66.21746738621087,normal,fog,highway,159.66012203787625
89.13516005413061,35.942230154359464,33.78266938372929,80.86782454328642,2.198820975142212,35.370542112731655,29.874302661762997,-61.315797433289944,normal,snow,city,340.89417297331255
75.28344402113717,26.63856505964676,-4.5718427648595314,79.70615667346588,2.5549592498995892,30.08741172574084,267.3038937455643,-54.71187593378368,normal,fog,mixed,299.25095803184985
20.133141987627504,19.797397350723827,29.586644649982645,71.7218553633369,3.035161191315481,34.64236519682352,0.5135693053925361,-83.17469919532034,eco,snow,highway,67.11335597987596
46.70002309655464,26.944484805687196,-1.462272450190179,24.351106284238586,1.3803595618293163,30.14316501527341,393.8594715674828,-68.69261070036441,eco,clear,highway,208.122889037534
89.77423257641276,32.39903460609429,-8.16460085976858,51.39008403118838,2.1373998549291766,30.746257007097686,252.9864443425047,26.44379364942158,normal,rain,highway,309.96085307379633
14.24770315276411,43.44159845558671,-0.7212698627476115,83.50735817560545,2.4226887510702833,29.59056552680603,244.03278802894678,-10.149453989642709,eco,clear,city,38.023948826589354
96.52749576778446,17.06252856266032,28.252159498524485,64.47027264040064,3.434549893416066,32.05663839258171,181.2479893620872,58.18884743376702,sport,snow,highway,253.2424425307989
71.12463114876064,30.221822815348816,10.256303666843,2.2296400866119015,3.86772092367907,34.74648715408993,187.4869180743813,-33.60063703467557,eco,fog,mixed,322.8873144323039
66.82383798790389,24.867593346321733,33.6260258423091,114.42681680641181,3.6891366367189358,32.2244170994841,215.56683912532793,93.72491346021178,eco,clear,mixed,297.09424560312243
34.350333083919224,30.249350828300834,16.23537705911329,101.37792630865721,1.7079152614479265,28.98752007754478,8.016172213015093,-90.02549183612507,eco,clear,mixed,162.1901449291267
32.391260986525936,15.71926342129595,-8.887482403683451,31.265401693168542,4.997252614959818,30.01420745781736,41.77289360810232,-87.4128091195117,sport,snow,highway,62.517182852189194
94.7852397539736,24.39076064104744,25.835680480096336,73.97507221995554,4.243326558935897,32.50289493825071,252.52401000561852,40.274979763627215,sport,snow,highway,250.14581224300136
36.84452088107105,39.59604442581015,-4.488354563938365,110.78872604738253,1.3001168657248448,32.665499644564484,75.06113260990205,77.50777699457194,sport,rain,mixed,110.1972620721374
79.79547670470994,31.618252015639126,29.468981673096224,11.521321453638166,0.9755290283641377,32.61524722835896,389.3813041734991,59.10003832682989,eco,clear,highway,354.62800081797053
45.38096183863713,28.51747478448352,-1.5948725097409984,60.36353769560407,1.5701062529169523,28.616027940049726,137.2425870022629,-2.036582426617258,sport,clear,mixed,162.40323959655925
22.53286637062336,23.565752151460188,7.2723192902756715,54.74916310155534,2.2617242649982243,34.02956714107803,48.949818674662026,-46.071727738995996,sport,clear,city,78.57091346907309
10.964376792582305,23.941275683740677,28.063571481268013,49.22460063402388,4.253996891598069,35.275425591912054,117.6049629517249,-97.30969413905702,eco,rain,city,9.106463274739195
58.983160331372574,26.49304300771753,37.71156787382108,100.270633067151,3.891811318972672,32.0841515818392,178.54911507789407,1.8902907839551233,normal,rain,city,223.98887189507928
97.82009366940395,40.06712129893681,8.571697532336618,45.67753760369488,4.25623061752938,33.7506342941749,17.658304297441806,-4.872760538144689,eco,clear,highway,418.5412026499853
43.2222574428284,44.01639620424805,31.470011009946788,7.639599988920911,1.3597855745516423,35.31212393629241,70.83776219316451,-31.150820105952022,eco,snow,city,191.24643589555106
42.147310059374036,28.159661440511236,-0.4603867262080641,7.900529059716299,2.967306112259181,33.14098203958413,161.92337723875983,15.614557594496986,eco,fog,city,192.4710384771723
40.968245606449784,26.800585162432853,30.358988510124554,5.129352782953078,1.4162453113868723,33.394605795448406,155.24023690488204,45.762939476254644,normal,clear,mixed,169.5987030500674
56.84894535743726,40.396523274595886,22.87470296281255,49.097450624884466,0.5451158035974657,33.771235307071635,400.1933482799196,40.1776472456485,eco,clear,mixed,272.95761081558175
49.65983950818642,27.807159619089106,-0.3628246393815786,86.2087533238032,3.4209887173734033,30.08401961163252,421.62773765632653,-47.349431643156905,eco,clear,mixed,219.64318523541485
89.1923164054313,31.560545168869535,5.125198017570579,24.446695431661855,0.7149877559771939,32.66142299773462,96.70929957177499,17.06073772291863,normal,snow,city,356.6334641767968
55.49687125511413,21.928249937962335,-3.4114555701482,77.57622245178594,3.3384888085323574,34.737400916355654,61.96994195642369,-70.24510428320032,eco,rain,mixed,234.98507737726484
55.69820543697119,37.305076073372256,9.148350553215664,82.4506166524445,3.239821524527046,30.369301842086006,317.08124216070917,-75.67963122232908,eco,fog,city,252.40958935207547
22.453443524850094,30.959649548123455,0.18243205616387037,30.624254881871753,4.051242222120085,35.17736399677488,402.3117778477157,57.17116725182359,eco,fog,highway,62.23524978113788
98.44655868193473,39.271036507210255,22.199897681523673,72.0669187272755,0.6977730228178219,32.96305559812505,481.86154861206575,38.74918041910718,normal,rain,city,421.9686939003338
32.497560178194675,38.42198190086009,39.725255211027935,82.18420080322169,3.9174007425440545,31.385398811464448,3.3981423732571403,53.585780126325744,eco,clear,mixed,125.88593500286716
16.60276607136424,21.450143048100855,-9.399541845786793,55.99363473625508,4.996382629731185,32.98546369120234,206.83905671340224,-69.50754515915582,normal,clear,mixed,26.872033843706205
69.68316240776879,36.46906651673287,17.045990664364933,40.40599167361141,4.2552122429295105,31.214879245512613,366.9939170471928,82.92371787409198,normal,fog,mixed,262.8953058219011
63.58297331411854,39.00163223854114,18.683329877450486,74.29818618891927,3.759060381638331,34.704284814785396,414.2796494371772,-73.37767735552825,sport,fog,mixed,204.61234611249543
47.363108859347115,25.383217223471853,35.71043948404059,117.34165047936683,3.310826773473538,31.858548640540775,31.14297434154889,74.00739363954577,eco,clear,highway,179.87191701412354
47.997301049261026,20.178273387068238,15.300266738346878,51.22096912427737,2.108907423427147,35.209706878034694,340.30725973206364,-29.524141738813753,eco,snow,highway,173.08936371685175
80.6557528941788,15.078964667387645,17.185070982245875,47.008211554214526,3.652500839458011,32.078464646782614,144.469358699485,-78.91318139317214,sport,clear,city,291.783466779684
27.614137608968417,28.527109592794446,13.58264006641943,55.7120282911336,3.6208901757022662,33.2829471170991,37.29847966656269,-42.646207886894814,sport,snow,mixed,74.70904524029413
83.82279870504007,25.57298194616525,3.445215228074069,9.146207213405786,3.1574914134364414,35.981955368054805,244.55129087733363,-63.7103971572234,eco,clear,highway,353.7607058799257
68.38724025055163,31.647295014762268,-7.198543337554316,66.3795935605668,3.9813918914891424,29.17572672806833,79.07667160207299,-1.8660562616571639,eco,fog,highway,272.0543455264633
47.707279640157196,20.641232777663575,10.432884110491806,39.44368646607163,2.2438194421341735,33.893833189867244,368.5037590308424,89.94906960795373,sport,clear,highway,133.61114909980958
51.222575492548174,40.78996642999425,-7.370426437966073,14.570654679751499,0.6062635606619532,29.110977823327467,370.63089984972675,-34.425767683496304,eco,clear,mixed,236.61135500274492
33.09824864674862,22.732656468843288,17.52462347329589,55.950808934084804,2.795338638046187,34.71093092611517,421.03388249375473,22.419797136422744,eco,rain,highway,120.67872800779071
77.69028994272773,21.7928881526295,5.364682162114656,0.4060783888772912,1.3252176435567131,32.77162704929609,188.7843425738761,78.34417514799273,eco,clear,mixed,373.2496055106712
56.158726807474096,29.42142169453068,16.68012007627139,48.21422941953107,1.922165487145751,35.50527648485168,6.654898615321814,26.014785939246394,sport,clear,highway,175.49891263742143
38.87690884748592,29.965530712328228,-3.285151780240666,12.68823215117406,0.08707451970613012,34.92765281555894,129.86796918723985,-27.560171826047124,sport,clear,highway,133.95731400770927
63.644510418485524,21.452556863552786,36.63149828696798,2.915124407973635,1.9139529395894166,28.59897629975059,233.90584976263844,98.16782543517584,normal,fog,mixed,243.56601836795204
99.61610068461907,23.15582180177747,34.72606217749674,98.93700554934026,4.044005530677273,29.098420333430887,347.0056397080252,-62.517279711893266,normal,clear,mixed,409.7650965303323
49.173605169089846,20.091157174657347,-0.5001745398857746,109.94985639391618,2.713611834691274,32.8093674288546,191.0202928433707,4.651202979101598,eco,snow,mixed,189.81985044924184
92.86222607007576,36.553805349695004,7.172214164700495,24.920957803092797,0.049002634669855216,32.1465171195366,268.024198033569,59.341099747359465,eco,snow,highway,354.1588941549463
41.05151559321095,38.102670937622456,20.67463859259898,64.71579166011135,2.3492191011992363,29.348521044907557,262.13179372785845,-99.87022608455514,normal,clear,city,174.40862579541732
14.92594362324873,28.869854923778476,-5.215689634704686,33.354978855718194,1.4572582382270372,29.034873826173197,82.49117467915829,40.40865042848739,normal,fog,city,36.58236477336648
28.3817895731586,36.42261068055052,7.728391055807542,59.22929264066186,2.3877532769858556,32.51192626753291,311.5247500400063,-46.70022065881228,normal,snow,mixed,90.43581755743642
47.68256289949158,37.07806175812337,2.5556143409503047,52.39575850729923,2.0234636072393855,28.391372383799997,219.6258641026989,-66.05465546162458,eco,clear,mixed,216.34583875023455
29.767143573511213,19.148265830334257,35.77583643583483,32.28612660965828,4.659896097786907,34.98988242362751,403.9593508262465,-45.16110732634171,eco,clear,city,104.49764382388155
10.020433439642998,43.9853407450361,32.62553181446026,84.04722955623572,0.20588649481507904,34.45666335842096,345.30560406444994,93.36328516795683,normal,snow,city,20.862466293547403
92.35013839727745,39.63095841289293,18.99163706334319,15.178915118430506,3.417940056409661,34.28295977368872,55.73459309877732,78.3870518479371,sport,fog,mixed,323.4456526185583
85.9491470107836,21.134503835874703,16.01731684357871,6.368733860564055,4.255132981508708,28.127977176325928,244.37920501828424,-57.2491087072595,normal,fog,mixed,338.1650996439726
76.80630083382525,20.584951072382108,36.53628972726986,92.1210519644735,4.796192923252377,28.381127547301904,351.2471792470937,-76.59464537631109,sport,snow,mixed,213.6761362879412
25.103313608142578,18.76983436738748,36.621389148940764,79.91160374648157,0.8881811327214795,32.39871296920583,43.505862903671314,-27.169479097106475,sport,clear,city,89.50471409678465
20.832721858898744,19.15135687625755,38.46650626758302,59.823134897567755,2.6565240098309695,35.95540551115342,396.2485162783158,18.467296020014686,eco,fog,city,67.5782060669702
16.084427452514483,37.44485397086088,-3.7310557945906178,56.13477245670499,0.21794788658605957,30.738529607770815,111.00225732219971,73.42892571622411,sport,rain,city,44.18883719903053
75.16262698956291,29.089627708548704,-1.9721094618414892,59.689365538971145,2.4959176222754427,30.75499853124275,251.54239773684483,93.21802500801556,sport,clear,mixed,259.58324352091415
93.59271646190967,38.48802518219601,23.836834933994332,52.442889131840744,0.6272904477049096,29.074223734895867,470.28064373631804,50.23067363461976,normal,fog,highway,352.85815978640613
48.74822388217333,37.387646830506164,17.071723830492246,47.1470754997415,4.189483373493567,33.394686429916014,285.667117411142,19.801442540331166,normal,clear,city,191.27405139369532
20.722660479644333,33.13838140515665,-9.076704755338202,59.962872346334436,0.5693500130268242,33.17341351195205,212.0272258519737,-71.53359477379661,sport,rain,highway,56.877341039354505
56.11535386588959,35.590998197360385,-6.901248200524032,63.42182053917125,2.566441801932476,28.810579331033274,3.3974636995713348,-85.1943247253378,normal,snow,highway,172.746264639459
41.39487167127671,15.550671731374253,34.404019112940254,83.02827769003451,2.6054803449637687,31.73929829654681,66.70681138703904,19.205375705840225,normal,rain,city,161.42543476951496
43.73424319149979,24.353329404150657,33.44353977696932,85.3448592880827,4.858252489658027,33.336599270575796,289.3319425489938,7.812821153385414,normal,clear,city,155.6558050141225
65.91975617401366,34.134665377782305,7.863546099802257,45.31548961681735,3.274903470194441,31.948129090575417,246.9125203268691,69.21762154682042,normal,snow,city,224.7967839049805
74.68463019359821,15.280348604587326,34.552530846526736,49.62486272921865,1.4392014653840097,33.39490865491804,181.91458782341567,-35.47882982897923,sport,rain,mixed,261.4344901584137
19.954323898584477,15.989308310477803,19.68375371989509,44.84366036834676,1.2039965496906924,34.53016317945192,461.60794269705866,-92.06182853003797,sport,fog,highway,51.30634698871652
13.203120772582874,40.55663947411149,30.295282350945094,64.38429283508525,0.6412410282253245,33.48652346497414,166.2412687129704,-15.258346181793357,sport,rain,highway,36.94460737387521
99.48972724171433,35.520745850762154,11.371553558010714,54.40242454970344,3.7825736202452975,32.92891388664419,268.5753782220533,93.83646078754785,sport,clear,highway,306.59527039560703
30.945551402399666,22.961091993610317,-4.3300836327545635,106.75157557634323,3.453783280911693,34.82872205555594,284.356704762065,59.11498098730462,sport,fog,highway,66.46840283197477
14.844747241761317,35.63888520356127,11.686353132300813,83.56335202997671,3.0493856365405296,35.20470854295831,263.73419503196135,-93.24556527154537,eco,rain,mixed,35.08601387477525
27.0887796186328,38.773700074177896,12.864989899844897,107.83876605053347,0.2042022147499417,31.111091497406434,238.79269577004965,74.93578077963508,normal,clear,city,110.625763032951
13.506206171361779,24.203828493303035,17.54720969203015,85.09643898713107,3.8141443319714723,29.385999101791086,168.53186800595404,-5.662102075736513,eco,snow,city,8.682137999725771
45.26298051554545,16.081121324975623,-4.7208643547786,116.51905782285769,3.209437885742396,34.542883232064405,454.3818165198097,-27.046393636408837,sport,rain,mixed,135.52143572425013
82.21616060061919,42.98337374063203,39.570093152480574,76.28841339063229,4.819444340552442,29.710024858395865,225.40163087957237,-30.65209183944168,normal,snow,city,291.1712205547669
40.71200047819485,25.355395148868915,2.206841040345317,115.62601657956657,2.9360106493840603,35.43160535799269,264.2244336730378,19.02885060777288,sport,fog,highway,107.36847000385684
49.97650661905299,18.19445289854119,-0.0723798231453543,18.98038684913113,1.5197595333085405,28.18302356177523,328.2389919151211,6.119883688152498,eco,snow,mixed,206.1906468923513
70.80280962106949,29.75570614179442,16.340145942796827,6.297321699528462,1.907602760946601,35.37016946095443,33.828021215767336,31.325448833652615,sport,clear,mixed,266.8801591303742
55.800466306289216,38.05403386992401,16.86040896974443,69.49502222446311,0.8792035268911624,32.7134639408965,390.6440707316226,14.72829300800933,normal,fog,highway,205.47815880148946
87.53011174191919,21.649419438526774,11.991036891662212,118.01918469597298,3.6145709110069255,34.19793693210305,256.2536550430178,-71.2110850316563,sport,rain,mixed,290.6362029556734
87.94321075411808,23.0847015040009,28.594607316262724,50.11262967628761,3.538608300108627,31.187940696515234,328.5884679224834,-48.55279824833636,sport,snow,highway,236.0161652688302
10.891962594203829,22.281449603957494,15.832720036430135,25.445203463155153,1.0032500773883812,35.93373033527104,386.0060327068457,68.20591442036684,normal,fog,mixed,36.750620273118905
80.02416758348792,44.75019158495034,20.484772757249207,62.58497390322168,0.792446615911393,29.820411420530323,437.0496953821073,32.65170293912598,eco,fog,city,393.48389745754633
51.46602402175065,20.922112011916276,26.18731927038928,77.85583494946663,0.38502466601097296,30.114749301105398,196.1102084764655,-10.319874917051777,eco,rain,highway,219.0734715367263
98.99564871732967,32.26560650898372,-8.748744921806669,37.821443461906675,4.559878718408793,28.41145955229978,405.71494634112753,-63.47971363322693,normal,rain,city,397.6102095523915
53.490886828789165,42.757939249708926,18.53220912725224,85.77232301991114,1.1653491684742556,35.52378690449151,129.41844778295086,-98.46179280453762,normal,rain,mixed,222.87199753882865
98.82063508494677,19.40689706633338,34.209723561418464,117.01374084548709,1.7208176337590197,31.648234428789408,330.1678254786832,-37.622519362276385,eco,rain,mixed,456.1704609134144
77.9112425085163,44.12562593603101,-9.130562853728305,107.63557460527403,1.4025225418874532,33.39881931775479,51.3536503398197,-89.03060861466625,normal,snow,mixed,285.3673182326345
32.37443961519757,43.42431703186874,10.259105190048054,34.990244821463435,2.068123013053955,33.499525819702725,10.015233712037608,-3.543173382508982,eco,fog,mixed,144.59893759945498
58.45554813582619,41.53715961174788,36.3113725102915,39.2068419773518,3.5702439969124167,34.99601673826142,47.881563056319855,64.3602905516417,sport,rain,mixed,182.57405224372422
99.29220755307244,21.436695639900066,7.657720114126889,44.58494693395063,4.352978168631422,33.31940200517128,159.69124328123792,-42.92026772354054,eco,fog,city,489.5398290191478
87.17775469767314,34.0216516803295,12.936441210012042,47.34633340723744,0.9129937476427008,32.4961694584335,15.547306912332138,69.55083231100991,normal,fog,highway,334.29899741143925
18.7630204412099,37.8267441888372,39.07706965221564,12.038339903193531,3.4320617187058255,33.68254819352835,315.2456360936313,40.91287921731788,sport,clear,mixed,37.44864926498109
73.57347971289965,44.58083784589289,-0.03380705247131033,91.43554066671472,1.7628107112124258,34.00776639202501,158.2722691911324,-74.94753412902693,normal,clear,mixed,308.51194877966293
41.10216272837317,20.41271466244111,-6.737240543749703,43.84071163328406,4.902635841486464,29.487423569987854,368.188033857149,28.91237825391667,eco,rain,mixed,156.05379171552573
10.628403569231331,37.98077698557889,32.97112954306522,105.57839720465427,1.4945957964203842,28.877336311814023,22.95756813480282,-69.66403853889136,sport,rain,city,23.087027576555954
46.31328721242996,25.16403509781339,33.42326706061843,111.23287477441305,0.035964780039299815,28.598790803884505,108.35078327374909,30.958184054983747,eco,clear,mixed,228.72831761771326
31.127897955247416,20.268793967040068,13.603891734000658,2.931757116922573,2.578199870099226,30.992427956180293,204.0017126648493,-71.45710305437878,sport,fog,mixed,107.01281151411432
83.69823434684244,27.641308236415647,15.710358723864314,118.62036839138474,0.7536554213796887,31.984001918701964,191.32578114702315,-21.497726796886795,normal,rain,mixed,336.834565098567
40.35975479611889,38.81507736445849,31.790318480891806,85.20272778002214,0.2224721340919955,32.925199186318885,65.49933641817024,13.318854047638723,eco,snow,highway,157.2629960883792
84.47713245584353,28.945494111121565,26.927974905789753,62.44706711915548,3.4913461597385425,35.66427615751688,497.06840679082853,-89.92516571521165,sport,rain,highway,252.15623947144633
10.053814495131578,31.125693006091456,3.2574501108505327,46.743313004706394,3.6612964125422827,30.64630256165605,142.21979041691796,-69.33833102909452,sport,rain,mixed,20.691047754284305
37.70372350235073,44.854782306003635,-9.155332246424077,62.22217591316555,2.3034950655825126,34.086992416618195,360.5160423257315,-35.91823498955071,sport,snow,highway,83.8026427876555
31.704869287698575,26.973278986722782,13.985008126677286,38.954966877413334,3.3844275837828866,32.25086095675908,110.0133486058591,-7.5359828456277285,eco,rain,mixed,120.50812581643822
31.021062496174988,33.462022641277194,32.94561630478207,74.7225376435858,2.6911972412356695,29.760719456695334,438.925605363042,71.69745878428688,normal,fog,mixed,98.97840670764592
16.136795778891642,25.957326048461155,34.79173383450811,11.157633173374947,3.149005538609658,32.922443433030075,193.8791550748462,-62.54538232920357,normal,snow,highway,31.167063134580033
26.841184336945155,26.78356938986115,37.81130985380769,74.53471234941722,2.983519865939806,35.737409426317626,450.45124449455227,-30.505809899494878,sport,snow,highway,54.6443792745044
59.99946128970579,35.869222603362246,33.978161880639064,33.0413820166133,3.329113820277962,28.99446639401018,170.91745981698554,-4.8447527439638804,normal,clear,mixed,246.87900690530145
36.222496555397,43.13660928284651,19.002177764904918,2.116179486281564,0.9981532433658563,32.05823811639383,4.321910748456725,-40.84428880212625,eco,fog,highway,156.57677418834112
47.565530409623314,31.270768514769642,12.230279961805046,66.32469193954532,1.343533100183501,28.412866833204227,258.5102155392307,25.149555744174165,normal,clear,highway,170.96537085181947
43.918019231246966,38.051997868463395,28.742492326704955,69.41373070232356,2.19981574753846,30.5697303911709,262.39396807554823,-48.67951304480598,normal,fog,highway,152.0597574455252
88.83144324999051,17.676196764508916,26.991081718279823,51.188280565384325,2.2306400470959318,32.96482142075193,59.91709139431778,54.470084222648666,eco,rain,city,432.95450760066274
91.47690991094639,21.33474112295781,16.907171504072718,8.674347906038022,3.8720585579345213,34.728455488246034,117.4817867096462,1.0308189702366661,eco,clear,city,460.05595422207875
54.3661274490274,30.063949227585972,-5.633631372076544,107.20115433650298,1.8369682961476603,33.84262737380857,391.74779549067466,-82.73902330777796,normal,rain,city,213.50462543410018
39.714035528404395,15.600351708863244,36.30406733934594,73.37169686734667,0.8125257802959118,31.70285422572379,18.377912314329613,25.39977904639153,normal,rain,city,156.39087216746557
19.612063360212726,22.585649362876765,12.780126875083106,13.88559594827635,1.2573298524553795,35.27378205683317,244.76334334334032,13.848700759751466,normal,clear,city,77.26814182493705
95.80625914438855,30.522038694748986,8.166689095813215,61.31166919129772,1.0736675119211418,30.421717320190165,265.2040617067814,-32.28052915866546,sport,clear,mixed,354.4139418249691
15.420425041026771,15.448835947689021,21.478369758438586,59.670517913816575,3.6583000962801098,34.03186728180133,344.356030338062,-97.76858432219572,eco,rain,highway,31.096376688959957
36.788524981145244,22.936388586781252,23.691898058348848,7.248224255151237,2.3516980731299104,31.7920721739813,18.728133700067595,-59.859691565125495,sport,rain,city,131.92852393264903
36.82595810530037,30.420924584276086,0.5343958515150717,72.8231644323537,3.5431534898549173,35.189086037382204,292.823163545232,-18.85809422352949,sport,fog,highway,103.08934147954074
38.83611575261934,32.19447743943737,31.84694224049781,96.99916787058773,2.081098403788135,34.37946257323008,1.5490182890915971,-60.017193241340514,sport,rain,mixed,128.08495307495627
24.785815894516837,42.772550791659164,4.496854683118892,89.88096650981738,4.448678012519526,35.21175729045676,132.58918364459532,15.498224187935563,sport,snow,highway,43.61450356743729
80.48452878313275,34.36036869751824,-0.6658037042841656,24.356329699702002,4.917601538613673,29.713982791536587,249.8421276582406,42.46497878525136,normal,rain,highway,276.0833860641637
21.02480757693903,27.44207407589981,10.31999264272487,103.47510354650537,3.349212543513058,33.34520345692967,455.6406687128086,71.20353135016714,eco,rain,mixed,49.027625958836275
67.14159932378465,42.910535313992035,26.528004044873263,41.10505987912211,4.319062786181094,33.90770726465312,63.29490800276771,29.396523736749742,normal,rain,mixed,246.93739894468806
21.14614240352357,38.54648950163383,38.27290892199017,113.58100539503296,2.5396663358603133,33.93931412226075,84.64456450163755,37.801844250962546,eco,clear,highway,61.57972005786156
16.34820738336609,21.00026763338243,30.46406321857166,8.609755707085647,4.673104201769539,32.0320036037387,334.6250321919138,21.688373046104886,sport,clear,highway,22.59725587993221
91.84865533172888,18.92527084046459,37.017418883509585,58.34504262238112,4.15793242836414,28.09000417878362,187.43084691119944,97.09721152254073,eco,snow,mixed,358.3712950865359
27.11158896868351,35.27434907228199,-2.9697097961736603,71.6549252613059,4.958892858830196,30.0914462709526,311.71070096143586,-47.79988618401836,eco,rain,city,78.34024311465025
83.91251391037339,31.796494967309513,-6.441160056816161,29.71801181695257,3.115468676638903,30.58640700003505,498.7270835671336,-46.748263897448325,eco,fog,city,396.8459688348719
59.01677839964222,38.69020841378267,17.88523809533356,92.56562264642733,3.8960337013411426,34.816292938254094,493.43583067442705,-74.73327171562806,eco,fog,city,268.72480231848016
17.007086764789264,37.164151502360596,4.514874152201717,75.22748157728604,2.7143406998910673,34.72708653683376,176.85678974721068,-2.8631348260935283,normal,rain,city,48.624287326214755
95.99033722942607,33.756346015725455,31.402748648463643,2.1731324745546665,1.2956005213571142,28.837440832302267,251.9626769124163,-80.76765927381561,sport,rain,highway,300.92458266492395
32.22650502927033,44.59146514886677,23.599393570116305,73.0042308835483,1.7737758556487888,35.59868705417006,452.34507931469665,-45.970680620379255,normal,rain,city,122.64120414061516
87.36808108173459,31.00769190331226,38.536408199289724,58.97738813021357,4.47002707365658,29.459659893211928,46.08383120427878,-3.463814245721693,sport,rain,city,293.46220342087895
25.192900520610777,18.393172695051597,2.7396177865652103,23.523504204420924,0.27973973299310284,31.31487561040737,226.15195191842352,91.51912318600347,normal,rain,mixed,94.6206668649337
86.85485939276676,39.84820694447965,14.289205717761618,119.48978724714355,2.957399430372041,29.721255728886042,188.78867415822947,92.76259876803348,normal,clear,mixed,350.53638731757354
11.190593161476459,22.55560087037127,15.062023871267662,107.65946337931379,1.8624201625205434,34.88265975063486,147.44138633049863,48.74804682731116,normal,snow,mixed,22.208673692368585
56.06024109125326,38.31906444431755,1.9588397428688094,35.10092340348762,1.9334626900277785,33.99521625487449,497.1021059611741,-22.149967684863014,eco,clear,mixed,268.783807535766
79.24983214794011,43.71321288000154,19.50466997440039,64.92851049583396,4.422856032068837,30.82823045510243,366.77464698618894,73.03225467530922,eco,fog,highway,312.8501347040608
94.1315965743505,35.90386541893024,12.164299303961975,37.980256789234886,4.269111872731132,33.45502900820844,194.373496196461,75.09116038152806,eco,clear,highway,393.09630392616117
91.82819225858384,32.88090482849403,12.33607779949368,93.05949019632936,2.994211877862343,29.47493507337234,414.5109458327096,82.03947615931045,eco,clear,highway,382.5831550267587
83.76623825928804,28.811585270251218,8.136832398624179,111.6397719835746,1.3645942370216697,31.05837673900801,244.83305035602842,28.005009643042598,normal,snow,city,324.4307462626723
89.93722146951737,25.932295979862097,-9.153532378723247,43.05943282972603,2.37728173081012,31.016860706704865,436.41220618392936,-59.641440878423914,normal,fog,city,378.39599034386947
27.929771725336884,25.590142529155088,16.10476184573945,96.67010989723529,2.04146696894608,29.903493453771183,133.18992281528918,-81.78384544586365,sport,fog,highway,77.80234738753522
35.576586614055586,34.091181171287715,6.762391785016558,59.80890512558459,1.7680901460124765,35.01049639666306,111.80011369353271,82.955100808026,eco,rain,city,156.92266102152578
36.007167242895264,37.53819350813238,-9.934006550783517,47.589427357389276,0.5139278927864821,33.43076588383301,123.64334062372379,-88.8907783756794,eco,snow,city,156.06987466092428
43.93485379015289,35.355512084532435,5.397185383096602,112.61062225185238,2.7155694335766016,30.239514484510394,269.2402880625262,-40.82198811240103,eco,clear,city,211.65273975115497
45.398860334666985,20.95230303580688,3.9314166544878493,61.24856264628377,1.509156489372418,29.9369660850323,145.65669557756732,-2.607646592452582,eco,clear,city,228.67226527915503
59.00997921892079,29.819615404304734,9.67240766118179,56.08926003089579,3.304039714637642,28.143627767993912,73.55984207319204,-95.60466142530484,eco,clear,city,286.4766045797786
24.389178702979727,38.749202165491894,-3.407400517830153,80.69212823548116,1.5960196791276537,30.77265803033884,497.313959252866,81.38245173564877,eco,fog,mixed,86.54813670132766
72.21219974073904,29.271122345671685,15.384191231754222,31.34810412219413,2.1558174656740086,32.214170266522544,450.216613720705,-42.575801025553005,normal,fog,highway,258.11366340757655
25.080988537405585,31.098698392064815,24.6220176259065,38.97514449459789,0.26180187097203766,30.221687535267012,317.50621874653984,-94.29904021588496,eco,clear,highway,109.1433923533732
37.92776338940928,38.134081445124664,21.509278452728623,111.84550034863473,4.962690349527389,33.60366621143816,445.771436961973,98.71799944530369,eco,fog,city,137.7958796021036
55.301061754553864,34.83795918795275,30.187747378459534,81.42358145243308,2.538051916375879,31.29399623209013,467.7313687539094,-37.721363836496934,normal,rain,city,222.44647369598988
81.67965053711296,27.28034762647178,12.600414399354058,99.19645773252067,0.12118797082086408,30.53054269608534,338.0541459329178,75.35298149707458,sport,clear,mixed,303.8124307688427
76.55223099148546,41.86238133582657,15.95458651698641,32.533411432251555,2.7061532938057202,35.512461270322646,259.3398893456541,-9.30510921582382,normal,clear,highway,290.9298483771523
68.09809207694701,19.87701205990436,30.520097042949168,65.25482279158464,4.351769996528248,30.10240701830511,441.00089610733863,32.625180210999815,eco,rain,mixed,279.39044220759865
24.019593452215314,44.865493457709746,11.385058540961925,116.56755203873979,3.862760671331013,31.18606096077325,283.8984984564548,-51.78197009252905,normal,fog,mixed,72.48556864751312
59.234081105402,18.565577354287115,25.079967494979847,38.244467883386115,3.5045334206472707,31.058326308166176,63.400271426936996,0.575065395404394,eco,clear,highway,235.3953224118593
17.87018516198969,15.448499133127168,11.730118435899591,19.257177158045025,0.6973232729951745,29.929586765369987,183.4280002287529,-48.4697615149946,normal,rain,mixed,67.50871863616824
43.96268591169857,41.70056703446294,10.886809725578132,61.30632098695968,3.288685394937362,29.739813918483335,222.96047586768853,90.21677625302073,sport,snow,mixed,102.92168201345021
47.216487726096325,22.348605250978682,28.010281226458012,46.538530646985144,3.8314918900613018,30.41904015050723,467.68450806779776,-87.81091751675075,eco,rain,highway,162.82614603739725
13.583029550117844,36.89098882340163,-1.2581542266894417,19.149267934405625,2.8620953198274828,34.91388935944945,329.5927361529112,-45.06521449903052,normal,clear,highway,34.26091285636426
34.658928952297465,39.33046124796208,6.929298597078677,106.62616592440416,4.463745022601758,34.13666309783432,437.63878139794537,78.62177530997573,normal,rain,highway,82.88805111799792
96.00845205398404,40.769591730963505,1.208613837345089,118.88686926645335,1.3849489089244271,33.44799611328042,378.79585041996813,-3.9928084985432406,normal,fog,mixed,404.75358024684095
95.82693470467206,44.747827069925,7.955497148379855,68.22986168279974,1.210723498696253,31.656823941139947,154.93044326134148,20.016822380834,eco,clear,city,488.7186420785033
41.70943488272854,23.821191301199974,1.5187411183012003,92.96121220481449,4.347848724713231,32.062031877060825,359.3544965320916,30.338674299128513,normal,clear,city,148.00889227559742
13.879009805349165,36.30730025781777,18.970281554332733,103.08460434555595,3.126991214957262,30.137110763947682,97.6498679619373,-85.81449764528733,eco,fog,city,33.29593546265949
26.118544539536337,18.461995748424847,29.908540130892263,84.11784072261923,0.00723610260499663,28.59452731068734,204.07290585873383,-96.45225181828299,eco,fog,mixed,125.931828449242
45.299601409018614,27.204278740705483,29.330653060895095,5.298725893407745,1.7656570425552625,30.64832445376386,403.04592857796604,87.56821034226132,sport,fog,mixed,152.66769685438115
95.30017281723067,40.439150799377714,8.225048227439622,18.916107806018132,4.2892799290733725,31.96467004793893,305.96458095761415,-45.699430940623856,sport,snow,city,303.41082288806655
22.70791571834664,26.02974138177325,39.438020294713084,8.518702938166376,0.13659755820871644,28.45850437215466,412.7062529763075,-23.937377912894235,normal,clear,highway,81.77443712789741
78.7164259301391,32.73286141606842,19.692718235290037,1.1855527970467872,0.016239641307544406,28.70586641645685,127.35179117502565,36.41863414470993,eco,clear,highway,351.1578323583684
19.781428543722285,30.11320331173902,9.970015088914739,36.71956905086839,1.4062964526256487,30.10420186307654,374.87441621364746,-52.739224585455744,normal,clear,mixed,64.86942174170278
98.31318196521491,34.37854593336135,31.77696396207127,47.08271525778717,4.570000185046389,30.936642988742094,101.16218072091826,46.61427403350365,eco,rain,city,458.3362061117975
44.34548491982215,44.18683168163085,26.49370063213204,28.923567880311086,4.507387907350082,31.14653448894964,272.65208619900363,-8.351563567346005,eco,clear,mixed,174.3473025512896
79.77110850091505,16.672065795042062,27.46376684120522,7.7525577703585125,2.5938097290075395,28.943088530304042,216.76729722721566,71.3219610574782,normal,clear,mixed,328.27584744689864
40.833197453001866,32.21884552504889,-0.19303251330642013,63.58357090040131,2.766184355698113,29.80657083627831,278.2379288854035,-44.29187284690352,eco,fog,city,193.13933985086652
66.49019894429279,40.89086337750854,13.416215368427757,32.798318394857,1.6600400565859441,30.09317801650887,67.76671201413626,-59.235503907340295,normal,fog,mixed,273.0407534850782
27.281447626603306,29.441481352452826,33.091406541230135,95.52445858362748,1.2186833101390493,28.54107900960997,180.61393775650586,66.33767077497441,eco,fog,highway,95.74063953181843
23.141891736726627,17.355815578247185,15.201900381437863,0.9663145950337437,4.0761092710605915,30.60879760471758,333.4519154330868,-34.73478700143326,normal,clear,highway,51.59427958740747
94.42577256113182,31.816180572503125,24.172637171052514,101.10324615451323,0.5314743024982072,28.57777258204406,279.2653970405137,-17.626270799899004,normal,fog,city,421.37096781524605
92.58825501139901,24.962216724714615,19.396686651713228,114.57044147351483,2.4367718543931787,33.62766274487736,274.48487945590983,58.7415665375986,sport,snow,mixed,276.6840127046266
89.87220461915942,19.648253560138077,32.117839385919105,85.93620757842835,3.1719862974854225,31.088382132458484,255.4150560656272,27.115307474915,sport,fog,highway,277.0487784698628
66.28901051499341,40.47103539850419,4.228041988080131,88.03728783150798,0.5184014518551461,30.614019115027,471.9424550194392,-11.654821913546186,eco,snow,city,293.4378652108475
82.74413900946504,30.64798538973365,18.773763894318243,112.02747739232798,2.598035477361731,29.012177372028855,467.2848489698671,-50.0218982190884,normal,rain,city,338.54257366160334
16.21332432202374,42.998292371372,-3.838266599509801,25.088554236041894,2.887606439562216,29.812029243559167,180.07248639914712,52.84019377035284,normal,snow,city,31.36015226941851
40.131013770161125,39.18049513809207,24.51053883497339,119.3478681850292,3.7124803025368243,29.861641671512988,175.9475057921024,-63.91379310198859,normal,snow,mixed,120.1078510382622
38.233281228144065,35.78915381321002,26.598391917635603,92.81774440542503,1.1741802457376642,35.88163371898642,277.44922828653057,85.65592011728563,normal,rain,city,150.0887443366346
67.20807897573519,15.150765100959358,-7.858133940550079,87.18848499933524,1.4666375164537915,34.682795036067944,47.8031420696039,-69.93678617540056,normal,snow,mixed,240.59868162988283
42.03619961235765,27.834703699147497,23.789548181399255,43.33086947943513,2.8476057331651674,28.122098333067452,151.50335038375795,60.98673838945922,eco,clear,city,185.62934696301113
23.365610347931273,20.924588449560968,10.734507708289318,65.49329824867327,4.915632049908071,32.93469272614784,115.43378290058637,-15.150226654373242,sport,clear,mixed,48.75300932613048
63.682036787218934,42.323937331466034,-3.795156194515883,78.47013459280164,1.087465914100572,30.04728077137539,111.69483416821424,-62.79875341329759,normal,fog,highway,240.00666319338526
83.29455286021734,20.23751954029081,10.99537738492338,74.44114335806591,4.92951913561732,28.835015430556673,319.2527629476339,-19.524212352645762,normal,fog,mixed,318.95086223017273
44.39111450139759,23.581801549778564,-0.28835351522091557,84.59815661730968,3.5717126652724063,33.644798104958035,192.17516717207468,-55.689636760013286,normal,fog,highway,151.60898393031712
21.904184358863354,30.505103032034974,10.777976606165826,9.885808689409274,4.130410348150116,29.052844395746796,85.58218737915313,-72.80126983283053,eco,fog,highway,65.8069751732106
27.701937758154074,22.900908569942377,9.216951397926387,42.67781193980361,0.4482063411816961,31.549926236237887,443.78592249387975,-52.168920213888306,sport,clear,city,101.40668519805831
31.373497465244558,21.295940318373635,26.91958184680287,52.08000199145726,1.5021009371531613,33.057321318719396,437.0743439688971,73.47969450765052,sport,fog,highway,91.19239370334276
36.990783369508264,32.97297975308257,28.710777908317937,31.275515744995978,0.28868139825490524,32.43595804923991,431.2314617661176,-78.81152250403517,normal,snow,mixed,127.36769566921487
67.85155634556781,17.667885682650716,20.351432719227333,20.71527243230685,1.8577349750158763,35.821032786421945,195.3724711288964,94.50791755357815,eco,rain,highway,283.9069920234826
64.08509360839471,16.74503276162774,-8.865657890877623,16.671297589543535,4.906448299600259,34.28594090498018,28.491226755226194,-99.00030926246464,sport,snow,mixed,165.33221421944694
72.64718754103353,26.167358855582144,36.5511139535497,43.96600707079021,0.5263653110316924,34.193547009019916,53.37100894721802,31.647630878248634,sport,rain,mixed,263.6986323430916
42.62517860783618,36.61993363523587,24.311664004822383,59.2130040675079,2.8118639118559976,30.844763152648248,138.0240398856496,71.3023969676172,eco,clear,mixed,184.7628245635841
84.15978866919805,31.64420274821844,-8.290227503940558,7.557172817599285,0.030353114069061604,28.067163936673133,109.98500205432732,86.79152962535287,sport,rain,city,303.23763251487856
28.367889504018425,27.686294054003366,30.941644960705894,113.57497135086594,3.5634140802203134,33.87528743736551,436.9928100744177,-71.2028813086491,eco,fog,mixed,91.8957619223442
52.213667276633856,31.972546926737472,0.013307735899806161,91.829198743291,0.9859634618602053,35.99785667436538,493.17909019462974,39.64169929046801,sport,clear,city,188.23265940680562
82.08448493872872,25.96354453959821,18.96105947855534,87.70221278225598,0.6479226856238146,31.247032861948924,408.3368311659012,-78.53015676887054,eco,fog,highway,361.13878243607735
26.21427829593573,43.08439006296339,13.331718497509357,20.743262998647232,1.6850890608039382,35.88414799165694,364.92445137459424,-29.47770122511328,normal,snow,highway,75.62798647385821
19.887680236670466,16.64714672732323,10.991939117753834,72.45609216146268,3.855221489694908,29.13366487627477,294.3120699636571,46.385271501398734,sport,snow,city,42.083871202508504
89.53155709191907,35.20174437089506,34.48568600621988,63.56699361704009,0.533065431556054,30.37209881309374,384.9541495899364,-30.805354767386618,sport,fog,highway,292.13817545613387
40.86366964832763,41.73847994483252,11.868064578130735,117.89626149440326,1.149194978993477,29.365815453939767,473.51665609619545,-37.325054343786434,sport,rain,highway,115.93006893792197
71.54831124181288,39.1165412620576,-6.232794121342463,89.72061240961895,0.04232210808654768,31.801407783414525,300.6723349535405,-76.78907623951837,eco,snow,highway,274.5966418718753
12.281374383754464,20.5212310446434,37.331936360747626,69.09142604594774,4.84207431347809,34.37585121205776,77.30662200991695,-86.7123811343824,sport,rain,highway,9.874017327877187
72.10421995685047,23.87779046940865,36.026761561981374,102.09751997641466,2.9607279999443192,30.72529353230363,81.92915863435985,-76.94440174364858,sport,snow,mixed,212.2416557008689
38.44911803922734,36.51143816121314,24.22163447907994,18.611312503285138,3.5994981819234972,35.24983149721497,291.9314015642931,75.09495498904488,eco,fog,highway,134.92531270887727
15.016676822869757,17.528116775422966,13.394626406601247,1.8259835629172638,3.256915855780073,32.35864330663828,166.73426989240392,-97.76029492381495,sport,fog,mixed,36.503271261531516
64.88314853933053,39.35585099497752,-5.357026352823937,82.82800000974278,0.7218227943483718,31.723395309935018,455.1236876224847,38.57317390705782,sport,snow,highway,169.6089671350424
31.672343446585593,36.567208338143715,29.53740592887381,11.797375228468496,2.9746996949699707,34.29628673756221,305.82116691798615,53.724845977659555,eco,snow,city,109.33328352134022
44.8126517846692,36.888199477060276,-6.226104278798552,13.852036798021103,0.6570779757063105,28.811547976334275,338.2463067116802,13.577660825485765,eco,rain,city,209.87889037166445
17.252273105786223,18.007241108027742,-6.569950755242717,89.36168717094367,2.0061822698156395,34.1900197696854,2.9103550504512854,46.15507223662971,eco,rain,mixed,50.63396282649812
23.24469259854508,36.532816344486925,16.869192121968403,32.46418129607869,2.844815679626465,29.943616001382615,249.4242760313115,30.453933805020057,sport,rain,city,62.403566218490425
36.817951194625934,35.3945437565991,-1.9935879907679883,75.43574586826715,2.7944055705107793,30.2465003774659,215.58236069445584,-8.888302181061476,normal,fog,mixed,131.2283554279183
18.078355050414142,39.92767472465552,-9.61348663298255,110.08883113112981,0.5953671299137048,32.795630186560636,352.93592838376645,-23.45791442474659,eco,snow,highway,52.62826249225232
91.97436382176836,16.247878687694087,11.15567154978931,37.976943796543,0.1721798482326109,35.21547540036964,191.31933016668285,88.2663976810347,sport,clear,city,365.07504042064426
10.544233886558057,15.693320054033766,-3.139138419496703,26.057298940790258,3.9911715693690692,32.62725559816692,488.2875159435812,94.38759851409358,normal,rain,mixed,0.0
53.54741969778803,26.19021299635682,-1.9742292359654385,12.787546048926206,3.6296121849800267,33.19159479035589,335.1015907782009,30.25428072500594,normal,clear,mixed,205.60903509954804
21.09227123192963,19.46364851547459,-6.154468063233267,15.655483370367133,0.4090945228236903,34.21275671684219,329.9591665712947,-60.54023202030565,eco,fog,highway,84.96080194353308
37.69111805301537,31.751534327106658,0.2546876861804961,7.4667234454611275,0.6370775940077672,30.074598071939896,459.6705723789913,-10.420167512442504,eco,rain,highway,150.16007946692875
93.3453603836439,42.520467045202466,25.774208988719472,10.517085459568815,4.462918881948101,34.61786938243314,497.60241694917283,-0.6925019834785928,eco,rain,city,428.4525615741524
24.552509794658818,26.74439191002047,30.446365360889573,51.840550657098476,3.8456445081089,31.343681192537197,98.91034463105663,51.59401049213233,eco,clear,mixed,90.56479464184191
96.92490877464994,40.348511318178126,12.62668220146503,38.50380540287637,4.980801481083371,29.4052455479293,405.266571607364,33.55542626446385,eco,clear,highway,395.15672165388816
28.521493929047953,15.007226235535994,15.327690794070882,84.78729771875976,1.2699372460251084,30.800944635689,81.15974766101375,2.962885885579027,sport,snow,city,91.90070438982164
76.74094976201467,20.055439303775525,-8.36724827028987,104.42899898964022,2.4390149443440743,29.969048893745803,228.52172652710496,36.07291155743141,sport,clear,mixed,260.34359097062327
59.200953840758054,15.912706189622568,-6.534186931434157,94.17278437708612,1.1822978803117783,29.829708841085168,50.09270216623507,-95.18863065324521,eco,fog,highway,244.80646121694443
89.60308548370833,24.84441541545206,2.878386282475846,63.67647079987827,3.114000692386549,30.26050558975333,311.6854892335824,55.327064376872755,sport,rain,city,310.2433255133665
59.85939299528179,42.24568787089508,17.194921035657377,12.29305394791841,0.5770711954565899,29.447446517936715,234.25908170253751,-57.67355319861114,eco,clear,city,304.5009535597549
58.11032972406778,17.908563707969634,26.97755743674965,85.17207407298642,0.6362158637151655,33.34161405666114,314.3494741628575,31.28182791222983,eco,fog,highway,248.40240936551362
27.59122003315599,33.19229330231401,20.250153066901653,43.539446967224826,0.3594394570256132,32.639934056280936,338.9803763077065,-77.20534957259817,normal,clear,highway,103.64675302892954
24.960642584649285,28.544878173583328,9.606392749339413,10.278047269849221,3.4679304113208347,33.18753514386743,309.716125015619,-77.10783281505971,eco,clear,mixed,102.57022594543179
92.48402360039628,43.15404637097437,-4.083796349843091,101.09596886551508,2.4703628871660337,30.749797790625284,147.01456130368658,-92.8684712326596,normal,clear,mixed,394.8050567942666
39.50543789650307,18.675574276112815,29.038661744359473,40.585982061900665,3.0886560817731503,34.15786722059235,418.4795786218344,82.04656203070235,sport,snow,highway,90.51823303269859
43.48740294666064,21.360835515066867,8.189302579952855,26.189859901388562,4.396505232946795,29.03686992763332,275.843099687562,20.911751538362395,eco,rain,city,180.24760356255786
78.38412925855495,15.886259058344798,26.802700724139484,104.57424775426118,3.701642423776793,32.56909367569088,244.92558660840157,-27.607612754170347,normal,rain,highway,266.1279144489856
40.49411341805266,28.018057488941214,15.648942095717093,108.2560642136406,2.308614590833455,30.203623777971792,493.5319021174372,57.55554820386175,normal,rain,mixed,129.79954855258765
95.68562019751025,23.33498698693963,26.93310267809126,40.67650046298718,4.921779941971132,32.22087920558089,141.75395335323842,25.216440124933087,sport,snow,mixed,281.86305511414054
76.41349920989202,41.09717801670963,35.36447807262859,42.57617031376481,2.281280505709866,30.58909740192191,264.01515244758656,24.016103582588073,normal,clear,highway,284.1625772561632
63.7686318316078,33.14822439593265,36.0514758026901,69.55542330997729,0.562253366167666,34.324094120730365,341.16228930399575,-2.591441127398639,eco,rain,mixed,295.1563739811773
89.28056444902772,33.42272213927105,16.75533900003017,88.01297925727897,4.96327373626358,35.13017471070476,62.61296646661679,-98.41464426635827,eco,rain,city,413.22426408412645
14.464531751453448,30.957320906439072,15.575418238281937,7.577904228823615,0.1141036500742365,33.94064978697305,177.11986207326768,-48.30749871501203,normal,clear,mixed,67.75255011387969
33.13564229702879,17.75551011687603,3.2839232751418628,71.2012388626166,2.7494177974387606,29.404669702793974,400.8443579986631,-78.18466107998341,eco,rain,city,128.11751570762067
51.853270079881895,28.350560511760655,36.789991576464566,114.33840741402979,1.5454774434985463,30.198935187106898,118.37911729991501,32.48197047055521,eco,clear,mixed,241.1197409091086
30.42806855243689,44.9851556912555,12.895958359981044,31.451267661594443,2.517760755084924,35.354864524147324,246.64518245180332,-50.275835642600455,normal,snow,city,98.42464139681546
76.95146685719368,40.05687872538044,-3.6204380356311425,109.05926569163205,2.7935647629726077,31.49776102126561,315.3153029914855,-9.96666718975861,sport,rain,highway,227.29260330912234
92.72872279483526,41.80377162501348,11.635245731327498,114.02020089157124,1.200479481392438,35.52944327479413,335.58117665380007,-29.313940342023415,sport,rain,city,341.09324882830526
48.1393107937831,39.69679077739498,-3.6473374880998026,32.29843691653077,2.784293778686309,31.139613510898133,364.15522102391293,-71.3602524149272,eco,clear,highway,186.5373922387944
40.79193401007055,18.09125080292948,15.126584212853754,90.50422390624206,3.7803055600276876,35.61419728472531,432.9886585214722,91.67404657654384,normal,fog,mixed,128.17169667490742
96.53956589238096,21.823447621943988,18.06377574281061,28.6530009983472,1.3325491862199916,35.405911901866645,196.4297215168188,86.68386232544319,eco,snow,city,432.87400535115825
50.03671895447867,15.093649540692288,6.887788074679268,88.51333940785592,1.9171306665695353,33.28421511989293,353.31596298192807,-83.0783627926719,eco,rain,city,231.62391629672226
54.01435604043549,24.105303746343345,-6.4174692884257665,95.69039655465912,1.3412134658202897,28.070616387692024,366.0873238851258,65.4730707055993,normal,clear,mixed,211.96181478141955
41.648488510771486,18.258222070394776,37.17517678166195,29.66468444527793,4.1027986549410125,31.202677455807496,150.1370650634951,-2.3252634567253665,sport,snow,mixed,111.13936892154322
91.85936257109245,29.18380035904749,28.667655674171478,85.9043452299882,3.6249112960479835,35.28988103756477,484.0789751058206,54.74717691617025,eco,clear,city,443.25548472718367
61.20599349536657,35.313824657217054,31.94405402525605,97.45254466369079,4.355982186092037,35.080882312864915,432.609586761031,-69.76857381724662,sport,fog,highway,178.493265014702
78.59571284634802,41.235158851142316,8.34341971431147,43.02946465282941,0.8502494645082964,29.49910240076891,144.93066434978203,-73.54517244449126,eco,rain,mixed,377.99977837506475
83.06260465157978,37.476514952726944,28.041551500972524,20.124333118767233,0.36789819079875774,31.193459967752823,337.5343383434938,78.15150017904082,normal,fog,city,374.38361406788465
40.766413772553236,43.157567873355156,14.268644758459711,11.035748078101628,0.5969175192933668,34.684079423035776,358.900317229647,79.56389836821216,normal,rain,mixed,163.08682920629434
49.03248981883421,16.616948711813663,0.05417442030229758,69.04580443319303,0.8050916641211819,32.62302282600044,215.74181813768968,-6.817567449278243,sport,fog,mixed,174.1769003694899
86.36245969656382,15.365395062496244,-3.7788311546393363,117.37177431788558,2.6654133033740117,34.778393867569605,431.8716429704832,74.03155952297959,eco,rain,highway,341.2077018243877
42.69298165082292,34.84014341508638,7.252543466102843,98.75403840266594,4.8545603518138245,34.6125390755885,345.11467675451985,33.49179030072605,normal,clear,highway,128.19687149238328
81.45416201066662,23.680572306667386,-3.122394426243016,52.300756672146335,1.7861770830839103,35.25985605561986,329.07734257635906,-62.998051477801596,eco,snow,highway,305.7309003135004
94.68930903169934,22.605030483173195,39.913448810203434,64.39450834259503,4.792541346801026,28.937764705556653,110.4201861423591,-34.209147063570256,eco,rain,city,431.5054640740992
66.08893357612062,24.92661263081383,-7.540550488398897,33.54334624941827,0.1910039749458986,29.161721131628127,203.92115567479124,-72.78786989826602,sport,rain,mixed,230.24710964824112
76.74645587067,23.093881736770925,12.057179968453827,19.56790408320763,4.634361014073292,28.66247223175242,216.96124456617494,54.789733786186616,eco,clear,highway,299.34542467494686
82.45875808370214,30.343092189047617,12.604676119519208,57.84973898787279,0.9057630365248559,35.48215072876345,366.83054828951026,97.05014493914993,eco,fog,city,414.0279711988664
86.05356840069783,28.204453416723975,5.031596429083777,55.62018794006222,4.5623749285967445,31.801299075023145,309.1972726287762,9.275665313202325,sport,rain,highway,256.3963322427462
45.554800407111635,30.37285654129969,18.567578285347267,62.63159433645122,0.2811371505773058,28.514602267859587,42.93029531313353,31.17288282297855,normal,fog,highway,178.21903591884754
14.613711325839835,35.18140834501308,-2.501148792422766,114.33655026767289,4.741097237475163,30.57223922011233,153.84897594362002,49.21851362672734,eco,clear,mixed,15.394812377620042
46.16886441130656,26.61391526913445,29.19561902936168,72.46743601737266,1.0039913215943042,30.811301129039734,236.52375223077277,-55.148179513901916,eco,rain,city,223.89232738324165
70.63806068056809,22.539230614264703,6.622385912381915,72.69262039468485,1.5135703003658034,34.47647858781406,368.3664729284965,-32.79975047331317,normal,snow,mixed,252.8233712827485
50.53153472027135,19.986016104262365,19.567129489932086,15.362971543329213,2.4547117205147906,33.883815137367385,371.78456503983705,-17.535757735153055,sport,rain,highway,142.05070797294619
77.40668357743587,25.484223585978768,25.78196180334797,119.57866394121845,1.903604406177376,33.51509639650055,245.27165428581839,18.917662429094435,normal,clear,mixed,325.59648796671416
42.12841865217975,37.254194257385166,34.45210588450806,92.74139330816023,3.3376398463157497,28.17490842073103,58.4661911303388,70.09851562975513,eco,fog,city,169.61279459003163
67.12697269936265,37.70114730334409,31.789371822610008,105.26440129128058,4.874038836250387,35.28556637141103,146.4517016864195,-49.159291082018775,eco,rain,highway,245.84110251669986
26.777782436857713,35.00716160052631,20.41545140517798,49.71604941971929,3.0321324540247034,29.724442135325933,127.34619112353462,-5.822239854442216,sport,clear,highway,75.4608336948623
77.44324929804613,22.020845259206236,9.419659019194345,60.25537149427499,3.607427047182746,33.03249123754142,390.51320515412056,50.30678224094234,sport,clear,highway,236.90149847469223
59.112637193172326,32.64258737564093,15.160233503748199,62.65005709947318,0.4400262515285075,28.494552344091353,89.99315700282679,-82.52300009907515,normal,clear,highway,235.4929108468241
28.365794969194052,32.12068984730544,28.436739668940128,23.291344714752622,3.1390621453500267,28.652208734976437,232.46061119759608,2.578691665235695,sport,fog,city,85.00535634097471
36.27200561480265,29.527985943291764,33.87727712797365,82.73869875923486,2.2692488852320656,28.07661836904098,335.35940175719503,-71.12405932685499,normal,fog,mixed,143.89212678388606
77.3747837723649,31.499369591515926,-4.810903591166406,108.3572068340948,4.428911789598142,32.52742115636264,482.3930764750185,7.829779345469873,normal,snow,city,263.2485320580815
53.43411120953686,29.75371897871004,9.242813124652674,19.64469817661028,1.9410554982155097,33.035037356935234,499.62029011222,53.564552263087364,eco,snow,highway,187.23886597678703
29.442829635376498,31.963690982223245,28.80582992067503,10.35819281833974,3.3972707202495958,28.40369842586583,476.4610717777195,-52.61051779101204,normal,rain,city,105.61688730734134
97.05440713332679,36.46517863863386,11.582588129698049,88.58626866484106,1.1407686412953955,30.323879078112313,359.12117262676753,69.89568909694097,normal,clear,highway,370.73318907011827
74.36125178351992,18.288845832103192,6.611388203314192,32.784219800757846,1.2968626676209798,34.811635313424134,373.2204165110458,-33.03917798364999,sport,snow,highway,215.6242021747738
96.14213492858165,37.48877256447071,10.566134841163482,74.86350499407952,1.8806121546113679,28.810466934583314,379.60504880450867,-61.843027288445974,sport,fog,mixed,330.5921852261647
48.43945408243089,19.076584503827824,20.14223733931754,83.49100055906167,1.5203176875325135,29.73237731642665,431.302438273145,-6.935320985829591,eco,clear,highway,196.30316726894722
52.759030662254844,16.99883995231124,39.990257206690075,38.62929162981862,1.2693941969503741,31.395129667779415,475.892731426104,75.21501642104104,eco,rain,city,232.8833592153439
90.81596945665173,44.28239058664403,14.64962145522659,97.81735169109413,0.24834352950404648,34.73819282106493,222.85307226016377,-86.21338776517942,eco,clear,city,486.7968828521545
57.254440622084616,43.709753066113244,0.4247237477130277,65.99867785370603,4.183731658762295,30.038792435801632,208.25543902106347,-34.485706756670936,normal,snow,mixed,193.70335502695175
73.65510207151004,16.81309634821692,-1.8576712360452632,104.27992895421633,0.3215076544564216,35.97709612290674,230.23223118931534,30.632633793822635,sport,snow,mixed,226.1417040884634
32.6955589745977,28.297603244248865,-7.8825126261792855,91.5952263070737,4.436827578014838,30.84209450510823,329.90858572829706,-28.483826260882907,normal,clear,highway,92.43200402835805
50.205382183237646,20.587348148993243,17.940861745916074,104.22907584449446,0.6273269453403013,31.091589267868983,387.7226981388823,-85.83520105347688,eco,fog,highway,225.85018320621853
21.11048792293196,29.560346914032543,17.22860457444171,2.4193658541472907,0.32630868531329515,28.976849633846356,435.2721954506646,-33.60020624390525,sport,clear,highway,71.4547540160512
28.53820322892655,39.90531728998762,0.2616963390154581,29.220751288631366,2.8150238199034856,33.44158320685224,228.1053771413028,64.19187722730607,normal,clear,highway,83.88874940286807
10.084907374086798,43.51835324228671,24.76647032262835,10.800952853512635,2.5122089628736086,29.94772146227585,181.68631309006471,93.6075045010052,sport,clear,city,13.785856561602788
13.533854648379421,34.02757960354612,27.05535208148404,53.0499620627219,2.4561728441594255,33.03094076236037,491.6763073511132,-92.04416052045632,normal,clear,highway,32.92364239243913
97.95554408592363,25.61717001635451,2.9549102691055626,106.79521459383818,2.872521637506989,29.78526182722341,115.94381050361314,13.856763527013854,eco,clear,mixed,467.3583072282035
31.811832562308606,33.09976696933795,7.204988201486827,56.1048314720243,1.4352830305957787,31.102978137811743,111.00241762623864,-78.93931339463037,normal,fog,city,137.31681544831963
69.69796385536017,24.360039183253512,39.52358361736283,101.96556534964729,3.314746367148056,34.85337673563534,357.7037274132478,36.07930583120117,normal,rain,city,268.35730583548286
85.51897289196503,42.29470922496181,8.713223392536708,39.261388562318146,2.512011098535916,33.91124729179256,89.82864780132115,-98.4215547983898,eco,rain,highway,359.17624392673133
59.559441331290785,41.11201389317511,28.040083587805093,40.74840873663029,1.6737173347866263,29.236727199549787,199.70449987306122,-97.05167485852535,eco,snow,highway,213.33579990717928
23.783005007556056,31.74695250838983,12.636271331497,107.46740763922531,4.132503334903641,32.86166533899281,146.19341115712598,55.37596528611479,normal,fog,city,55.930304883865404
75.53047936025497,24.74396746141082,29.667241393048798,51.098057581404184,3.6386054816335505,33.02912521339047,84.35522837847431,-85.11293546054044,normal,clear,mixed,310.726474907042
64.02262690896248,23.80169026748935,28.451161939132398,94.77185853535997,1.9680517097231098,28.72454778801489,289.85361954894677,-38.96366514258715,normal,fog,highway,234.32911056884026
75.81255304126375,16.002539841151783,23.387801259926782,28.39722574582816,4.238088926144364,31.726445234687485,186.75574537731444,91.60808482076621,eco,rain,city,331.6756649707303
79.27719605713784,39.47462553075886,32.73891731477896,113.85609956131626,4.601291250558871,30.085347165340863,231.117086424223,97.04942348949425,eco,clear,city,363.76702707725275
97.78693309162706,28.51149639117024,36.960924743884256,68.94938958366853,2.6843313354218123,31.737041142107863,97.931502412758,-67.71942762278664,eco,fog,highway,421.882247464594
61.6206952024039,24.75398785200793,18.999166022604193,91.11882822940822,1.074762250784604,34.216567930583,383.9334013358783,12.180384287170028,sport,snow,mixed,190.72728620265622
40.747700142154166,29.133310649932618,1.8734453611372857,10.741883975386258,4.578960782734934,29.266076478482557,157.35604172537288,11.829765698059987,sport,rain,city,124.50961416087326
68.36181012102134,39.56213971363956,9.931448082203751,59.119707099663444,0.9473981004775861,28.98643364470435,171.35908951344942,-9.523861893477331,eco,clear,city,361.7616073963481
16.15966383183635,18.738426231225635,27.915285675664663,108.12461972808279,0.24211613208634575,30.154531960846185,126.07698105005632,84.94003165279912,sport,clear,city,52.722007741230854
90.76575864894276,40.72967964725482,22.54417425619348,105.24463548519654,1.6374350443656542,35.61820360277267,217.2017860595169,50.80678182483206,sport,clear,highway,291.70331707543744
20.74429102043771,41.92526505325062,-1.110083071737563,5.617674868107305,3.634831722305199,33.98259368947973,231.788313619336,52.90538713638878,normal,clear,city,57.043828684146455
39.505855409723644,43.40123745101664,-7.4380229426787645,36.4438162954736,4.616370431767748,28.155646902516374,264.8334581647576,-46.08611364613138,normal,clear,city,144.51115535324755
83.41708425635088,26.924639772678834,24.14807967710324,53.19840077748961,3.186428234072199,31.208038739867014,483.78414099096983,-13.136045559672255,normal,clear,highway,311.11440763727603
63.75811404976407,21.514212121130157,2.5539512014672674,20.671777722694586,4.7591927348333005,30.059183832643082,452.34590402285176,-2.51526030490939,sport,fog,mixed,199.35813411421344
